CST3,CTSS,HLA-DRA,TYROBP,HLA-DRB1,AIF1,PSAP,MNDA,CD74,VCAN,S100A4,NEAT1,LTB,FTL,HLA-DPA1,LST1,FCER1G,LGALS1,S100A12,S100A11,IL7R,CCL5,FGL2,HLA-DPB1,TYMP,IL32,COTL1,TRBC2,SAT1,KLF4,NCF1,CD14,S100A6,IER3,CYBB,TRBC1,IL1B,CTSD,BRI3,SERPINA1,MS4A6A,GRN,SRGN,EGR1,NFKBIA,ANXA1,APLP2,BTG2,RGS2,GSTP1,label
3.673564,3.673564,3.484833,2.8218842,2.947951,2.5089307,3.1605499,3.0598898,3.3357792,2.6776004,3.673564,4.089621,1.1812228,4.674162,1.1812228,2.305922,2.5089307,2.5089307,2.305922,3.1605499,0.0,0.0,2.305922,2.0509222,2.305922,0.0,2.305922,0.0,1.707782,2.6776004,2.6776004,1.707782,3.8322678,2.0509222,3.0598898,0.0,1.1812228,2.305922,1.707782,0.0,2.305922,2.8218842,1.1812228,2.305922,2.6776004,1.707782,3.4130807,1.707782,2.305922,2.6776004,Monocyte
3.323708,3.5957503,2.1923907,3.422842,2.2700543,2.6907833,2.9860106,3.2136543,2.3421187,3.323708,3.672149,3.422842,0.8947216,4.903908,1.1537259,2.1081836,2.5315704,3.1841383,2.6907833,2.9101665,0.0,0.0,1.6752188,1.1537259,2.1923907,0.0,2.8280945,0.0,3.2973092,2.1081836,2.5315704,2.1081836,3.634679,1.9149528,2.409337,0.0,1.1537259,2.1081836,2.784386,1.8022528,2.5875056,2.3421187,2.9101665,1.9149528,2.8699722,2.3421187,2.47232,1.8022528,2.409337,1.6752188,Monocyte
0.0,3.613646,1.948314,2.9470954,0.0,3.2215676,2.5675378,3.763939,2.5675378,0.0,4.445422,3.894567,0.0,4.1136317,0.0,3.763939,2.9470954,2.5675378,3.894567,4.010086,0.0,0.0,1.948314,1.948314,3.2215676,0.0,1.948314,0.0,3.763939,1.948314,2.9470954,2.9470954,4.010086,1.948314,1.948314,0.0,1.948314,2.9470954,1.948314,2.9470954,1.948314,2.9470954,3.763939,0.0,0.0,1.948314,0.0,0.0,2.5675378,0.0,Monocyte
3.571377,2.8520126,3.1391196,3.2190294,3.0058348,2.3609989,3.0522652,2.3609989,3.2930236,3.3619177,3.7215028,4.1188693,0.0,4.7554717,2.5274746,1.9111593,2.2660646,3.2190294,2.734517,2.2660646,0.0,0.0,2.0439537,2.0439537,1.7579904,0.0,2.8520126,0.0,1.7579904,1.5770417,2.3609989,1.0716889,3.6239634,0.0,1.5770417,0.0,0.67302287,1.3559539,2.161163,1.9111593,1.5770417,2.161163,1.7579904,0.0,1.3559539,2.7949896,2.3609989,1.0716889,0.0,2.6013553,Monocyte
3.6739092,3.2546973,3.8431354,3.4700925,3.7499657,3.5915885,3.6739092,1.9779544,3.8206441,0.71196425,3.5915885,3.1711884,0.0,5.9614444,3.647215,2.925623,2.925623,2.7428937,0.0,3.0800648,0.0,0.71196425,2.5191386,3.4372633,2.336205,0.0,3.3317668,0.0,3.0311873,0.0,0.0,0.0,3.2939744,1.1236238,1.9779544,0.0,1.1236238,2.336205,2.1121426,1.6393776,1.4143888,1.4143888,2.8075852,0.0,1.1236238,0.71196425,1.6393776,0.0,1.8229274,2.673726,Monocyte
3.565407,3.565407,2.57451,3.1453998,2.2064328,3.1009276,2.9001527,3.4440084,1.9547911,2.407312,3.620993,3.7477777,0.0,4.3922515,1.8003947,1.8003947,2.0885067,2.57451,2.9001527,3.0055707,0.0,0.0,2.311908,1.1055264,2.0885067,0.6983373,2.782298,0.0,2.0885067,2.7177167,2.7177167,3.1009276,3.377294,3.0055707,2.2064328,0.0,2.407312,1.9547911,1.8003947,2.0885067,1.9547911,1.6177292,3.2288172,2.8429606,2.782298,2.8429606,2.7177167,1.8003947,2.2064328,1.3940694,Monocyte
3.540128,3.7471187,3.8269453,3.3737023,3.343058,3.7878284,3.403435,1.6871619,3.487671,0.0,3.540128,4.1091685,1.0158279,5.899296,3.6827676,3.7471187,3.3737023,2.4484062,0.0,3.403435,0.0,0.0,1.2926629,3.13639,1.9693156,0.0,3.3737023,0.0,3.4323094,1.0158279,0.0,1.2926629,2.824638,0.0,1.2926629,0.0,0.0,2.5217783,2.824638,2.3692217,0.0,0.63171023,2.0852492,0.0,0.0,1.2926629,0.0,1.0158279,0.0,2.4484062,Monocyte
3.6031659,3.6031659,3.2112277,3.2112277,2.5575964,2.5575964,2.5575964,3.2112277,3.2112277,0.0,4.683453,4.282601,0.0,5.0483284,3.6031659,0.0,3.2112277,3.2112277,0.0,0.0,0.0,0.0,0.0,2.5575964,4.103037,0.0,2.5575964,0.0,3.8840153,0.0,2.5575964,0.0,3.8840153,0.0,2.5575964,0.0,0.0,3.8840153,0.0,3.2112277,0.0,2.5575964,2.5575964,0.0,2.5575964,2.5575964,0.0,0.0,0.0,2.5575964,Monocyte
0.0,0.8373655,0.0,0.0,0.0,0.0,0.0,0.0,0.8373655,0.0,0.8373655,0.0,3.1473641,2.7352111,0.0,0.0,0.0,0.0,0.0,0.0,2.9623728,0.0,0.0,0.0,0.0,2.1817312,1.2866246,1.2866246,1.2866246,0.0,0.0,0.0,0.0,0.0,0.0,2.816801,0.0,0.0,0.8373655,0.0,0.0,0.0,1.831155,0.0,1.5955048,0.0,0.0,1.2866246,1.2866246,0.8373655,T_cell
1.0201745,0.0,1.5145463,0.0,2.0912113,0.0,0.0,0.0,3.1804602,0.0,2.289337,1.843883,0.0,3.3802752,2.4546254,0.0,0.0,0.0,0.0,0.0,1.843883,3.4388957,0.0,2.0912113,1.0201745,1.0201745,1.0201745,2.4546254,1.5145463,0.0,0.0,0.0,0.0,0.0,0.0,1.0201745,0.0,0.0,0.0,0.0,0.0,0.0,1.843883,1.843883,2.289337,2.4546254,0.0,1.843883,0.0,1.0201745,T_cell
3.425444,3.1652,3.567601,3.0608587,3.1976936,2.9022863,2.858377,2.812451,3.820005,3.2291646,3.522424,3.6108248,0.0,4.954813,2.1776268,1.2082442,2.4134948,2.6042101,1.8683712,2.6042101,0.0,0.5780359,1.8683712,2.5445902,1.8683712,0.0,2.2625828,0.0,2.1776268,1.9824171,2.1776268,2.4134948,3.4990463,2.7137413,1.9824171,0.0,1.7396243,2.2625828,2.2625828,0.0,2.1776268,2.340883,2.5445902,2.0847778,2.7137413,1.4183102,2.0847778,1.5918174,2.7137413,2.6042101,Monocyte
2.605505,3.8622012,2.605505,3.0302625,2.4635901,2.7297604,3.1898577,3.26102,2.7297604,2.605505,3.5037758,3.7839086,0.0,4.6528816,1.0264543,1.0264543,2.605505,2.4635901,1.5222018,2.605505,0.0,0.0,2.605505,1.8521417,3.3274531,0.0,3.0302625,1.0264543,3.26102,1.5222018,3.26102,2.7297604,3.1132407,1.0264543,2.298151,0.0,2.605505,2.605505,1.5222018,1.5222018,1.8521417,1.0264543,2.605505,3.0302625,2.0998085,2.605505,2.0998085,1.5222018,2.0998085,2.4635901,Monocyte
3.51108,3.7814453,2.312103,3.430292,1.8241469,2.9544554,3.0199685,2.9544554,2.4331756,2.4331756,3.6212037,3.4715016,0.0,4.8238297,1.5888532,2.4331756,2.4331756,2.5411599,2.1743264,3.0199685,0.0,0.0,2.312103,1.8241469,1.5888532,0.0,2.7274044,0.0,2.6386118,0.83263797,1.5888532,2.6386118,3.7513857,2.4331756,0.83263797,0.0,0.0,2.4331756,2.7274044,2.4331756,0.0,2.6386118,2.6386118,0.83263797,3.3873107,2.9544554,1.5888532,0.83263797,0.0,2.1743264,Monocyte
3.1331377,3.4685438,2.1180959,3.5764837,1.869718,3.4685438,3.0500805,3.5764837,2.8598783,2.9594946,4.1745224,3.5764837,0.0,5.0643573,1.0398604,2.6247957,2.3168933,2.1180959,2.6247957,3.1331377,0.0,0.0,1.0398604,1.0398604,0.0,0.0,2.749229,0.0,1.869718,1.869718,3.0500805,1.5385098,3.7626622,1.869718,1.869718,0.0,0.0,2.749229,2.1180959,1.0398604,2.4826486,1.869718,2.749229,1.869718,2.9594946,1.869718,1.869718,2.1180959,2.1180959,1.869718,Monocyte
3.3404956,3.2601893,2.3799093,3.172866,2.0196846,2.3799093,3.2174804,3.3404956,2.3799093,3.2601893,3.5795774,4.0730224,0.0,4.4789944,0.0,2.2736297,1.1564564,2.3799093,2.8530085,2.4759707,0.73684084,0.0,2.2736297,0.0,2.1546965,0.73684084,2.4759707,0.0,2.913936,3.0771818,2.3799093,1.8635565,3.5795774,2.8530085,2.5636077,0.0,2.5636077,1.8635565,2.2736297,1.4511392,1.8635565,2.4759707,2.4759707,2.1546965,2.913936,2.913936,2.6441796,1.6784598,0.0,1.8635565,Monocyte
0.0,0.7950827,0.0,0.0,0.0,0.0,0.0,0.0,1.232341,0.0,0.0,1.767893,2.82079,3.0171995,1.232341,0.0,0.0,0.0,0.0,0.7950827,1.232341,0.0,0.0,0.0,0.0,1.5355486,1.232341,0.7950827,1.5355486,0.0,0.7950827,0.0,1.767893,0.7950827,0.0,3.4837055,0.7950827,0.0,1.5355486,0.0,0.0,0.0,1.9563017,0.0,0.7950827,1.232341,0.7950827,1.767893,1.232341,0.7950827,T_cell
0.0,0.97390324,0.0,0.0,0.0,0.0,0.0,0.0,0.0,0.0,0.0,0.97390324,3.0339491,2.9513035,0.0,0.97390324,0.0,0.0,0.0,0.0,0.97390324,0.0,0.0,0.0,0.0,1.7825141,0.0,0.97390324,2.0272326,0.0,0.0,0.0,0.0,0.97390324,0.0,0.0,0.0,0.97390324,0.97390324,0.0,0.0,0.97390324,0.97390324,0.97390324,2.223683,0.0,0.97390324,1.7825141,0.0,0.97390324,T_cell
0.0,1.0607013,0.6648495,0.0,0.0,0.0,0.6648495,0.0,0.6648495,0.0,3.240604,1.896898,3.7281125,2.0293825,0.0,1.0607013,0.0,0.6648495,0.0,1.5637691,2.654563,0.0,0.6648495,0.6648495,0.0,2.5120656,1.5637691,0.0,2.4324,0.0,0.6648495,0.0,2.345834,0.0,0.0,1.5637691,0.0,0.0,0.6648495,0.0,0.0,0.0,0.6648495,0.6648495,2.345834,1.896898,0.6648495,1.5637691,0.0,0.6648495,T_cell
0.0,0.0,0.0,0.0,0.0,0.0,0.8399002,0.0,0.0,0.0,2.739387,2.444873,2.444873,2.9666073,0.0,0.0,0.0,0.0,0.0,1.8349056,2.9666073,0.8399002,0.0,0.0,0.0,2.444873,0.0,1.8349056,0.0,0.0,0.8399002,0.0,2.0256028,2.0256028,0.0,1.5990658,0.0,0.0,0.8399002,0.0,0.0,0.0,1.2898582,1.2898582,2.9666073,1.2898582,0.0,1.8349056,1.2898582,0.8399002,T_cell
3.7026167,3.7851727,3.4784658,3.3234746,3.364532,2.9762082,3.2359283,3.4784658,3.3234746,2.849934,4.191873,3.4419115,0.0,5.120126,2.0769372,1.7322443,3.0883102,2.7802663,1.2019699,2.9150631,0.0,0.0,2.7053788,2.5363376,1.7322443,0.0,2.9762082,0.0,2.5363376,1.2019699,2.9150631,2.5363376,3.4419115,1.9193695,1.9193695,0.0,1.9193695,2.2130237,1.7322443,1.7322443,2.2130237,2.5363376,2.7802663,2.624426,1.2019699,1.7322443,2.2130237,0.0,1.7322443,2.4397337,Monocyte
0.0,0.0,0.0,0.0,0.0,0.0,0.0,0.0,0.0,0.0,3.4663734,1.450514,3.1011949,2.643421,0.96799207,0.0,0.0,0.0,0.0,2.2152026,2.2152026,3.3003616,0.0,2.0189762,0.0,3.6934607,1.7746063,1.7746063,0.96799207,0.0,0.0,0.0,1.7746063,0.0,0.0,2.2152026,0.0,0.0,0.0,0.0,0.0,0.0,1.7746063,0.0,0.96799207,2.643421,0.0,2.379168,0.0,1.450514,T_cell
3.9807734,3.3388042,3.7395766,3.4011228,3.6495004,3.7104435,3.5151951,1.8620752,3.4406106,0.0,3.4970639,3.8737264,1.6541896,5.8738585,3.478598,3.2254465,3.1507015,2.1101456,0.0,2.8856587,0.0,0.0,2.3670537,2.9509232,2.0340939,0.0,3.3388042,0.0,3.3388042,1.0340241,1.0340241,0.0,2.308746,1.6541896,2.422148,0.0,0.47257537,1.7635247,2.422148,2.1101456,0.0,1.2286109,2.308746,1.2286109,1.5314159,0.47257537,1.0340241,1.0340241,1.9517788,1.2286109,Monocyte
2.6993206,3.4504058,1.6411086,2.6993206,1.8791368,2.6014047,2.9460435,3.4934769,2.6014047,3.0821135,3.6125658,3.6125658,0.0,4.978416,0.0,2.6014047,2.49285,2.7884982,2.8703704,2.6993206,0.0,0.0,2.6993206,0.0,2.37106,0.0,2.49285,0.0,2.8703704,1.8791368,2.37106,2.49285,3.845237,1.6411086,2.0712597,0.0,0.0,1.8791368,2.2323532,1.8791368,2.2323532,2.0712597,3.256762,1.8791368,1.6411086,2.49285,2.49285,0.87002164,2.37106,2.2323532,Monocyte
0.0,1.194456,0.0,0.0,0.0,0.0,0.76587725,0.0,0.0,0.0,2.2034454,1.194456,2.2034454,2.2034454,0.0,0.0,0.0,0.0,0.0,1.9101945,2.2034454,0.0,0.0,0.0,0.76587725,2.2034454,1.9101945,2.4299157,2.6953409,0.0,0.0,0.0,2.2034454,0.76587725,0.0,0.0,0.0,0.0,0.0,0.0,0.0,0.0,1.7233953,0.0,2.067531,2.6144488,0.0,1.4934975,0.0,0.76587725,T_cell
3.6650732,3.2479818,2.6617024,3.1711717,1.5698441,3.6404116,3.507062,1.0657274,3.507062,0.66858536,3.2842822,4.416752,1.3492217,4.632861,3.1304345,2.8434591,2.25793,0.66858536,0.0,2.4394057,0.0,0.0,1.9034274,2.352779,2.997206,0.0,3.689141,0.0,3.1304345,2.0360541,2.4394057,0.0,2.9485369,2.25793,2.1531332,0.0,0.66858536,1.7504815,1.7504815,2.0360541,0.0,1.9034274,2.25793,2.0360541,2.997206,0.0,0.0,1.9034274,1.0657274,1.9034274,Monocyte
3.3425007,3.6945896,2.2542408,3.0665326,1.8110447,3.2803159,2.8934844,3.4563484,2.2542408,2.8934844,3.921235,2.2542408,0.0,4.8458805,0.0,2.6840916,2.2542408,3.1429856,2.6840916,2.7942586,0.0,0.0,1.484152,0.99532795,2.4189153,0.0,2.983747,0.0,1.484152,1.8110447,1.484152,2.0569973,4.2124066,2.0569973,1.8110447,0.0,2.5602677,2.983747,1.484152,0.99532795,2.0569973,1.8110447,2.6840916,0.0,2.8934844,1.8110447,2.0569973,0.0,2.2542408,2.0569973,Monocyte
0.0,0.0,0.0,0.0,0.0,0.0,0.0,0.0,0.0,0.0,3.2253718,0.0,3.4678156,0.0,0.0,0.0,0.0,0.0,0.0,0.0,3.353923,0.0,0.0,0.0,0.0,1.493319,1.493319,3.2253718,2.6951263,1.493319,1.493319,0.0,3.2253718,0.0,0.0,0.0,0.0,0.0,0.0,0.0,0.0,0.0,0.0,1.493319,2.0673301,1.493319,0.0,2.0673301,0.0,0.0,T_cell
3.7503114,4.167023,2.377023,3.1350055,2.377023,3.2360065,3.2360065,3.9092975,2.751057,2.5814266,3.6911552,2.751057,1.2364,5.133328,1.7726432,3.2360065,2.377023,2.119814,1.2364,3.2360065,0.0,0.0,1.2364,1.2364,1.2364,0.0,1.7726432,0.0,1.7726432,1.2364,2.377023,2.5814266,3.628278,1.2364,1.2364,0.0,0.0,2.5814266,2.377023,1.7726432,1.2364,1.2364,2.119814,0.0,1.2364,2.377023,2.119814,0.0,2.377023,2.8960428,Monocyte
0.0,0.0,0.0,0.0,0.0,0.0,0.88654757,0.0,0.0,0.0,0.88654757,2.7257178,2.6276088,2.7257178,0.0,0.0,0.0,0.88654757,0.0,0.0,1.903144,0.0,0.0,0.0,0.0,1.903144,0.88654757,0.88654757,1.6639661,0.0,0.88654757,0.0,0.88654757,0.0,0.0,0.88654757,0.0,0.0,0.0,0.0,0.0,0.0,0.0,0.0,1.6639661,1.3489751,0.0,1.6639661,0.0,0.0,T_cell
0.0,0.9055958,0.0,0.0,0.0,0.0,0.0,0.0,0.9055958,0.0,0.9055958,1.3729078,1.6901355,2.7558272,0.0,0.9055958,0.0,0.0,0.0,0.0,0.0,0.0,0.0,0.0,0.0,1.6901355,0.9055958,2.1242983,1.3729078,0.0,1.3729078,0.0,1.9305965,0.0,0.0,3.003416,0.0,1.3729078,0.9055958,0.0,0.0,0.0,0.0,1.3729078,2.4260263,0.0,0.0,0.9055958,0.0,0.9055958,T_cell
0.0,0.0,0.0,0.0,0.0,1.3118315,0.0,0.0,0.85717064,0.0,0.85717064,0.85717064,2.849423,2.9250035,0.0,0.0,0.0,0.0,0.0,0.0,0.0,0.0,0.0,0.85717064,0.0,0.0,1.3118315,1.3118315,0.0,0.0,0.0,0.0,0.85717064,0.0,0.0,1.8603423,0.0,0.0,0.0,0.0,0.0,0.85717064,0.0,0.0,2.0518672,0.0,0.0,1.8603423,0.85717064,0.0,T_cell
3.5738673,3.5306895,3.223158,3.0246677,2.9486647,2.569067,2.569067,3.1612709,3.485563,3.223158,3.5738673,3.9556181,0.0,4.9602556,2.569067,2.44642,2.6783016,2.7767706,2.44642,3.4383037,0.0,0.0,1.9497342,2.7767706,2.44642,0.0,2.8664064,0.0,3.0953002,2.44642,1.7083986,1.9497342,3.0246677,0.9189691,2.44642,0.0,0.9189691,1.3896412,2.3065999,1.7083986,1.3896412,1.3896412,2.8664064,0.0,3.1612709,2.1440024,2.44642,1.7083986,2.569067,2.8664064,Monocyte
3.8093581,2.487434,4.0164366,2.6827834,4.1374083,3.3638532,3.2191665,2.431991,4.2545686,1.4455593,3.1095915,4.157913,0.0,5.0293245,3.7347424,2.5898712,2.096458,2.3109334,0.0,2.7261908,0.50007504,0.0,1.9227301,3.5098202,1.7123402,0.0,3.0499456,0.0,2.8077314,2.373293,2.096458,0.8319043,2.9532247,2.767792,2.1731756,0.0,2.8461368,1.5878199,1.5878199,1.4455593,1.5878199,1.8230579,2.7261908,2.3109334,2.7261908,2.5399637,1.5878199,1.9227301,0.0,2.096458,Monocyte
0.0,0.0,0.85670245,0.0,1.3112372,0.0,0.0,0.0,1.8596554,0.0,2.0511584,3.5520432,1.3112372,0.85670245,0.85670245,0.0,0.0,0.0,0.0,0.85670245,2.2118158,2.5800977,0.0,1.3112372,0.0,2.6778526,1.8596554,2.5800977,1.8596554,0.0,0.0,0.0,1.6225797,2.0511584,0.0,0.0,0.0,0.85670245,0.85670245,0.0,0.0,0.0,2.5800977,2.9242337,1.3112372,1.6225797,0.0,3.3360405,0.0,0.85670245,T_cell
3.806858,3.8503435,2.708237,3.806858,2.708237,3.6111126,3.2960293,3.5555425,1.0987456,2.1974025,4.554075,3.0447128,1.0987456,5.209685,1.0987456,2.398077,2.9446285,3.1356854,3.4341807,3.2960293,0.0,0.0,1.9460816,0.0,2.708237,0.0,3.0447128,0.0,3.2190678,1.6095979,3.970488,2.708237,4.3946466,1.6095979,0.0,0.0,1.0987456,0.0,1.9460816,2.398077,1.6095979,2.1974025,3.0447128,0.0,2.565134,1.9460816,2.9446285,1.0987456,1.0987456,0.0,Monocyte
3.588637,3.9848473,2.6075644,3.588637,2.6075644,3.0495362,2.6075644,3.162041,2.6075644,2.4026818,3.8337913,3.6557858,1.2565256,4.7370205,2.1447122,1.2565256,2.1447122,3.162041,2.1447122,2.7775245,0.0,0.0,2.7775245,2.6075644,1.796148,0.0,2.6075644,0.0,2.6075644,2.6075644,2.9227507,0.0,3.9369864,0.0,2.6075644,0.0,0.0,2.1447122,2.4026818,2.1447122,3.162041,1.2565256,3.2631583,1.2565256,2.6075644,2.9227507,1.796148,1.2565256,3.3549838,2.7775245,Monocyte
3.2828639,3.43164,3.8106196,3.3844652,2.724652,2.6265504,3.1080184,1.6630415,3.5611215,0.8858771,4.0356436,3.9839544,0.0,5.196085,3.3349543,3.0422125,2.8959851,3.22791,0.0,3.1697598,0.8858771,0.8858771,2.724652,2.9717693,3.0422125,0.0,4.010133,0.0,3.5197961,1.6630415,0.8858771,0.0,3.7785673,1.9021735,1.9021735,0.0,2.2566106,1.6630415,2.2566106,2.0950139,1.3481306,1.9021735,3.22791,2.6265504,3.0422125,1.3481306,0.0,1.3481306,0.0,2.5177677,Monocyte
3.040721,3.316381,2.7688468,3.316381,3.1170797,2.5352976,2.9139948,2.7688468,2.5352976,3.079629,3.0002375,3.689145,0.0,4.950689,1.9184058,2.4672663,1.4632677,2.9580455,2.9580455,2.3155158,0.0,0.0,0.6043232,2.4672663,3.3460524,0.0,2.598994,0.0,2.8196065,1.9184058,2.7688468,2.598994,3.285802,2.2300286,1.4632677,0.0,0.9783361,2.7153716,2.4672663,1.7884339,2.0334115,1.7884339,2.5352976,2.3942668,2.8196065,2.3155158,2.3155158,2.5352976,1.4632677,1.9184058,Monocyte
2.9443011,2.9443011,2.2170956,2.0208192,1.7763712,2.7552602,2.0208192,2.521952,3.5181658,2.8542411,3.6540523,4.376185,0.0,4.74952,0.0,1.4521409,2.3810964,2.0208192,2.2170956,2.521952,0.0,0.0,1.7763712,0.9693103,2.2170956,0.0,2.521952,0.0,2.521952,2.6453948,2.2170956,1.7763712,3.3024082,2.8542411,1.7763712,0.0,2.6453948,2.521952,0.9693103,1.7763712,0.9693103,0.0,2.8542411,2.2170956,3.103224,2.3810964,1.7763712,0.9693103,1.4521409,2.521952,Monocyte
0.0,0.0,0.0,0.0,0.0,0.0,0.0,0.0,0.0,0.0,3.1926785,3.1926785,2.8534484,2.0802002,0.0,0.0,0.0,0.0,0.0,0.0,2.0802002,1.7353151,0.0,0.0,0.0,3.368133,1.7353151,1.2045798,0.0,0.0,1.2045798,0.0,1.7353151,0.0,0.0,2.0802002,0.0,0.0,1.2045798,0.0,0.0,0.0,1.7353151,1.2045798,2.336158,0.0,0.0,2.336158,1.2045798,0.0,T_cell
3.0814521,3.7513857,1.3787669,3.322516,2.2935452,2.934921,2.5556767,3.5166082,1.9373027,3.4242637,3.881977,2.7631705,0.0,5.1019993,0.0,2.5556767,2.7631705,2.2935452,3.2092304,3.2092304,0.0,0.0,2.7631705,0.0,1.3787669,1.3787669,2.5556767,0.0,1.9373027,2.2935452,2.934921,2.934921,3.9974675,1.3787669,2.934921,0.0,0.0,2.7631705,2.2935452,1.3787669,1.3787669,1.3787669,2.5556767,1.9373027,1.3787669,0.0,1.9373027,0.0,1.3787669,2.5556767,Monocyte
3.6175573,3.5329838,2.9509041,3.0510218,2.5712495,3.0510218,3.0975566,2.0854144,3.0022154,0.0,3.440591,4.8350825,1.1031662,4.5285378,2.8968172,3.4723465,3.0510218,1.6149002,0.0,2.71442,0.0,0.0,1.6149002,1.7974486,2.0854144,0.0,3.338785,0.0,4.049755,2.0854144,1.1031662,0.0,2.8968172,1.3914162,1.7974486,0.0,1.1031662,0.6965646,2.6453948,2.71442,0.0,1.1031662,2.203292,1.3914162,3.1420217,0.0,0.6965646,2.0854144,1.3914162,1.6149002,Monocyte
0.0,0.0,0.9911536,0.0,0.0,0.0,0.0,0.0,0.0,0.0,0.9911536,1.8055017,2.4128776,3.1366427,0.0,0.0,0.0,0.0,0.0,0.0,1.8055017,0.0,0.0,0.9911536,0.0,0.0,0.9911536,2.9774537,0.0,0.0,0.9911536,0.0,1.4790288,0.0,0.0,1.8055017,0.0,0.0,0.0,0.0,0.0,0.0,0.0,1.4790288,1.4790288,0.0,0.0,2.248309,0.0,0.0,T_cell
0.0,0.9415553,0.9415553,0.0,0.0,0.0,0.0,0.0,0.9415553,0.0,2.984044,1.9818101,0.0,2.480544,0.0,0.0,0.0,0.0,0.0,0.0,0.0,3.5217407,0.0,1.4177766,0.0,2.603558,0.0,0.9415553,0.0,0.0,0.0,0.0,2.1770027,0.0,0.0,0.9415553,0.0,0.0,0.9415553,0.0,0.0,0.0,1.4177766,0.0,2.1770027,1.9818101,0.0,3.5669167,1.4177766,0.0,T_cell
0.0,0.0,0.0,0.0,0.0,0.0,0.0,0.0,0.0,0.0,0.0,0.0,2.249067,2.5549335,0.0,0.9916867,0.0,0.0,0.0,0.0,0.0,0.0,0.0,0.0,0.9916867,1.4796834,0.9916867,2.5549335,2.249067,0.0,0.0,0.0,1.4796834,0.9916867,0.0,2.249067,0.0,0.0,0.0,0.0,0.0,0.0,0.9916867,1.4796834,0.9916867,0.0,0.0,0.0,0.0,0.0,T_cell
3.2158089,3.8310902,3.5407512,2.9323504,3.579619,3.0360236,3.2158089,2.8166726,3.5985007,1.8669003,3.769968,4.3150973,0.8616461,4.9251165,3.1299512,2.2911046,2.588026,2.4795952,1.3175089,3.0996118,0.0,0.0,2.2911046,3.1299512,1.7552146,0.0,2.6858413,0.0,3.2692077,2.7749355,2.588026,2.7313805,3.1593971,1.115332,2.0586352,0.0,0.0,1.9673561,2.6858413,1.9673561,2.5352795,2.4795952,2.7749355,1.4856045,2.9681158,2.6381292,2.4795952,2.142275,2.588026,2.588026,Monocyte
0.0,0.0,0.0,0.0,0.0,0.0,0.0,0.0,0.9016644,0.0,1.9249493,1.9249493,3.360733,2.5423577,0.0,0.0,0.0,0.9016644,0.0,1.6847496,1.6847496,2.420004,0.0,0.0,0.0,3.1953697,0.9016644,1.9249493,2.74964,0.0,0.9016644,0.0,2.118482,0.0,0.9016644,0.0,0.0,0.0,0.9016644,0.0,0.0,0.0,1.3679777,0.0,3.1953697,0.9016644,0.9016644,3.5457335,0.0,0.0,T_cell
0.0,0.93936664,0.0,0.0,0.0,0.0,0.0,0.0,1.4150571,0.0,1.4150571,0.93936664,1.9787151,2.4772544,0.0,0.0,0.0,0.0,0.0,1.4150571,0.93936664,0.0,0.0,0.0,0.0,1.7360849,1.4150571,0.0,0.0,0.0,0.93936664,0.0,1.7360849,0.0,0.0,2.1738198,0.0,0.0,0.93936664,0.0,0.0,0.0,0.93936664,0.0,0.0,0.93936664,1.4150571,0.93936664,0.0,0.0,T_cell
3.1112192,3.9651558,3.1112192,2.7813034,3.5205624,2.6999087,2.8565688,2.5140636,3.1658998,2.2856112,3.890666,4.235992,0.8161037,4.7410145,2.406347,2.1482704,1.9890178,1.2594097,1.5654885,2.7813034,0.8161037,0.0,2.1482704,2.6999087,2.1482704,0.0,3.053375,0.0,2.5140636,0.8161037,2.2856112,1.2594097,3.7818413,1.5654885,2.2856112,0.0,1.2594097,2.6112974,2.2856112,1.2594097,1.5654885,2.2856112,2.1482704,0.0,2.2856112,1.7995096,0.8161037,0.0,1.7995096,2.406347,Monocyte
0.0,0.93908197,0.0,0.0,1.7356999,0.0,0.0,0.0,2.33658,0.0,3.3685842,2.33658,0.0,3.3685842,0.93908197,0.0,0.0,2.599801,0.0,2.8977861,0.0,3.8655386,0.0,1.4147031,0.93908197,1.4147031,1.4147031,1.9783123,2.1734056,0.0,0.0,0.0,2.4768262,0.93908197,0.0,1.4147031,0.0,0.93908197,0.0,0.0,0.0,0.93908197,1.7356999,0.0,2.4768262,2.7092955,0.0,2.8977861,0.0,1.4147031,T_cell
0.0,0.0,0.0,0.0,0.0,0.0,0.0,0.0,0.0,0.0,3.1260076,0.0,2.2383683,2.5439003,0.0,0.0,0.0,0.0,0.0,0.98417485,3.1969755,2.5439003,0.0,0.0,0.0,2.5439003,1.4704531,1.7962177,0.98417485,0.0,0.98417485,0.0,2.2383683,0.0,0.0,3.0496159,0.0,0.0,0.0,0.0,0.0,0.0,1.4704531,0.0,2.2383683,1.4704531,0.0,3.263239,0.0,0.0,T_cell
0.0,0.0,0.0,0.0,0.0,0.0,0.0,0.0,2.2158089,0.0,3.5167644,2.5842416,2.475846,2.475846,1.3145139,1.3145139,0.0,0.0,0.0,0.8592845,2.7710986,2.3542562,0.0,0.8592845,0.0,2.7710986,1.6261792,3.1260378,3.3403642,0.0,0.0,0.0,1.6261792,0.0,0.0,0.0,0.0,0.8592845,0.8592845,0.0,0.0,0.0,1.3145139,1.3145139,2.9284763,1.8634415,0.0,2.475846,0.0,0.0,T_cell
3.5785463,3.4735181,4.15104,3.2918606,3.6735845,3.2918606,3.0697126,2.460809,4.0931535,0.6380874,3.1869428,3.6506581,0.6380874,5.620401,3.627194,2.5342636,2.6026897,2.097141,0.0,2.5342636,0.0,1.0245043,2.2954166,3.2580965,1.8495791,0.0,3.324522,0.0,3.324522,2.097141,0.6380874,2.201185,2.201185,1.0245043,1.6982335,1.0245043,2.201185,1.8495791,2.5342636,1.5198257,1.5198257,1.9810015,2.5342636,1.8495791,1.6982335,0.0,1.5198257,1.8495791,1.8495791,2.5342636,Monocyte
0.0,0.0,0.0,0.0,1.0098542,1.0098542,0.0,0.0,0.0,0.0,1.0098542,1.0098542,1.0098542,1.830275,0.0,0.0,0.0,0.0,0.0,0.0,0.0,0.0,0.0,1.0098542,0.0,2.2748032,2.077039,1.0098542,2.2748032,0.0,1.0098542,0.0,2.4398398,0.0,0.0,2.5814588,0.0,0.0,0.0,0.0,0.0,0.0,1.501942,0.0,1.0098542,0.0,0.0,1.0098542,0.0,1.0098542,T_cell
2.2689526,3.689172,2.9090047,3.296126,1.6742202,2.6393359,3.296126,1.6742202,3.296126,2.6393359,3.9705863,3.8852882,0.0,4.1899505,2.2689526,3.296126,0.0,1.6742202,0.0,1.6742202,0.0,0.0,0.0,1.6742202,0.0,0.0,3.296126,0.0,1.6742202,1.6742202,1.6742202,2.9090047,3.1211822,3.1211822,0.0,0.0,2.2689526,2.2689526,2.2689526,1.6742202,2.2689526,3.1211822,2.2689526,2.6393359,2.9090047,2.9090047,2.2689526,1.6742202,0.0,2.2689526,Monocyte
3.7946606,3.161282,3.7132328,2.7019117,3.7132328,3.833016,2.7019117,1.0074197,3.624582,0.0,3.833016,4.0054092,0.0,5.091803,3.5771239,3.2987173,2.2713656,1.4989647,0.0,2.812214,0.0,0.0,2.577917,3.232359,2.577917,0.0,3.6698895,0.0,3.5273008,2.0736878,0.0,1.0074197,3.2987173,0.0,1.0074197,0.0,0.0,1.4989647,1.4989647,1.8270586,0.0,1.4989647,0.0,1.0074197,2.577917,0.0,0.0,0.0,0.0,2.0736878,Monocyte
2.9004393,3.7158046,3.6875327,3.2210727,2.9615345,2.9615345,3.2210727,3.4269416,3.4269416,1.1911765,3.6875327,4.2609034,0.0,4.6230283,2.5221024,2.6100867,2.6100867,1.7195295,2.0634203,2.9004393,0.0,0.0,2.3188326,2.6100867,2.0634203,0.0,2.9004393,0.0,3.1251817,1.9061853,1.7195295,1.9061853,3.2210727,2.3188326,1.7195295,0.0,1.1911765,2.0634203,2.7657642,2.0634203,1.9061853,2.0634203,2.0634203,2.3188326,2.5221024,1.4898491,1.7195295,1.9061853,2.0634203,2.5221024,Monocyte
0.0,0.0,0.0,0.0,0.0,0.0,0.0,0.0,1.3896412,0.0,0.9189691,0.9189691,2.6783016,2.44642,0.0,0.0,0.0,0.0,0.0,0.0,0.9189691,0.0,0.0,0.0,0.0,0.9189691,1.3896412,2.44642,0.0,0.0,0.0,0.0,1.7083986,0.9189691,0.0,0.0,0.0,1.3896412,0.9189691,0.0,0.0,0.0,0.0,2.3065999,1.9497342,0.9189691,0.0,2.569067,0.0,0.9189691,T_cell
0.8894938,0.0,1.3526845,0.0,2.632254,1.3526845,0.8894938,0.0,0.8894938,0.0,3.1138914,2.1004062,0.0,3.233814,1.9074054,0.0,0.0,0.0,0.0,0.8894938,0.0,3.567094,0.8894938,1.3526845,0.0,3.0480669,1.9074054,2.632254,0.0,0.0,0.0,0.0,2.2621155,0.0,0.0,0.0,0.8894938,1.3526845,0.0,0.0,0.0,0.0,1.3526845,1.668026,1.3526845,2.2621155,0.0,0.0,0.8894938,0.8894938,T_cell
3.3352387,3.7618644,3.2664137,2.6444397,3.153387,2.8798404,2.8259792,2.8259792,3.5445142,1.7351612,3.783338,3.7399197,0.0,4.547508,2.3359892,2.0199275,2.3359892,2.8259792,2.8798404,2.7690508,0.0,0.0,1.0535929,2.2413175,2.0199275,0.0,2.0199275,0.0,2.1367366,2.5020604,2.3359892,2.4224684,3.5171683,2.5020604,1.8876468,0.0,1.7351612,2.4224684,2.8259792,2.1367366,2.0199275,2.0199275,2.6444397,2.4224684,3.2664137,2.5020604,2.7690508,1.0535929,0.65957403,2.1367366,Monocyte
0.0,0.75663537,0.0,0.75663537,0.0,0.0,1.182398,0.0,0.0,0.0,2.8885038,2.5983865,4.39824,2.8885038,0.0,0.0,0.0,1.7091701,0.0,2.3074481,2.3074481,0.0,0.0,0.0,0.0,1.4800764,1.4800764,0.75663537,1.7091701,0.0,0.75663537,0.0,2.0523994,0.0,0.0,2.510488,0.0,0.0,0.75663537,0.0,0.0,0.0,0.75663537,0.0,1.4800764,2.188033,0.0,1.8954389,0.0,0.75663537,T_cell
3.0404215,3.7093709,2.8774965,2.8167026,2.5280612,2.9348054,2.989007,2.6083992,3.446653,3.1804833,3.3411222,4.250994,0.7169165,4.6003804,1.4217398,2.4407005,1.9863182,2.8167026,1.4217398,1.8310668,0.0,0.0,1.9863182,1.9863182,1.9863182,0.0,2.2390983,0.7169165,2.6083992,1.6472023,1.6472023,1.8310668,3.3033164,0.7169165,2.1206744,0.0,1.4217398,2.2390983,1.8310668,1.9863182,1.4217398,2.3449712,2.3449712,2.3449712,2.6827602,1.4217398,2.6083992,1.9863182,0.0,2.1206744,Monocyte
2.844707,3.7885146,2.3464077,3.5083473,2.3464077,3.230598,3.056152,3.1177444,2.9905155,3.1757624,4.1007776,3.8186004,1.6192158,4.892389,1.6192158,2.9905155,1.8561167,2.467903,2.2080832,2.5762231,0.0,0.0,2.3464077,1.8561167,2.762968,0.0,2.762968,0.0,2.3464077,2.467903,1.6192158,1.8561167,3.230598,2.2080832,1.3081759,0.85429186,0.0,2.6739485,2.5762231,1.3081759,0.85429186,1.8561167,3.1757624,2.467903,1.8561167,1.8561167,2.6739485,1.8561167,1.3081759,2.5762231,Monocyte
0.0,0.0,0.0,0.0,0.0,0.0,0.0,0.0,0.0,0.8776679,0.0,0.8776679,2.5048947,2.9584816,0.0,0.0,0.0,0.0,0.0,0.0,0.8776679,0.8776679,0.0,0.0,0.0,1.3377782,0.0,2.2440767,2.0827384,0.0,0.8776679,0.0,1.6517024,0.0,0.0,0.0,0.0,0.0,1.3377782,0.0,0.0,0.0,0.0,1.3377782,0.0,0.0,0.0,2.5048947,0.8776679,0.8776679,T_cell
3.294666,3.3718524,3.5103657,3.294666,3.5103657,3.21102,2.2675934,3.4435053,3.0192683,1.6729885,3.6876938,3.5730348,1.1518477,5.4207983,2.7818108,3.294666,2.0138493,2.2675934,0.0,2.6379282,0.0,0.0,2.0138493,3.21102,1.6729885,0.0,3.119733,1.1518477,2.4698071,3.119733,2.0138493,2.2675934,3.294666,2.2675934,2.4698071,0.0,2.0138493,2.0138493,1.1518477,1.6729885,2.0138493,1.1518477,2.4698071,0.0,3.294666,3.0192683,1.6729885,2.4698071,2.4698071,2.2675934,Monocyte
3.7144396,3.3732502,2.1298969,3.2660491,1.6953217,1.9360327,3.599698,3.0800364,3.2660491,2.431822,4.0995307,3.9683652,0.0,4.9857574,0.90938675,1.9360327,1.9360327,2.1298969,3.6776361,2.7617803,0.0,0.0,2.1298969,1.3776569,2.933516,0.90938675,1.9360327,0.0,3.1459606,1.9360327,2.1298969,2.8513303,4.299422,0.90938675,2.1298969,0.0,1.9360327,2.1298969,0.90938675,1.9360327,2.554308,2.431822,3.0094573,0.0,2.7617803,1.9360327,2.6634152,0.90938675,2.554308,2.554308,Monocyte
3.0304818,3.6991866,3.5491512,3.1579585,3.2710066,2.8843477,3.46475,3.0304818,3.2710066,3.0304818,3.8889666,3.3725631,0.0,5.135321,3.1579585,3.0304818,2.506445,1.3390234,2.506445,3.5491512,0.0,0.0,2.2455857,1.8916999,1.8916999,0.0,2.7131424,0.0,1.3390234,2.7131424,2.506445,1.3390234,3.62698,0.0,2.7131424,0.0,2.2455857,2.2455857,2.2455857,1.8916999,2.2455857,1.8916999,3.1579585,2.2455857,3.0304818,1.8916999,0.0,1.3390234,2.2455857,3.0304818,Monocyte
4.231823,3.8813539,3.337087,3.337087,2.0521038,3.7306345,2.678863,2.0521038,2.0521038,0.0,4.4117203,3.337087,0.0,5.0123253,0.0,2.0521038,3.337087,0.0,0.0,3.7306345,0.0,0.0,3.061182,2.0521038,2.678863,0.0,0.0,0.0,2.0521038,0.0,0.0,0.0,3.8813539,2.0521038,0.0,0.0,0.0,2.0521038,0.0,4.0123043,0.0,0.0,3.553097,3.061182,2.0521038,2.0521038,2.0521038,3.061182,0.0,2.0521038,Monocyte
2.7584064,3.7579765,3.243548,2.9034598,2.3841457,2.5886838,3.4968655,2.3841457,3.1425142,2.7584064,3.7579765,4.282358,0.0,4.624584,1.2419758,2.7584064,1.779163,2.5886838,1.2419758,2.5886838,0.0,0.0,1.779163,2.3841457,3.1425142,0.0,2.5886838,0.0,3.6988091,2.9034598,3.0301135,1.2419758,3.335304,1.2419758,1.779163,0.0,0.0,1.2419758,2.5886838,1.2419758,2.1267238,2.1267238,2.5886838,2.3841457,3.4968655,1.779163,1.2419758,1.779163,2.5886838,2.1267238,Monocyte
0.0,0.8130891,0.0,0.0,0.0,0.0,0.0,0.0,1.2555377,0.0,2.9868398,2.4014256,2.6948628,2.6948628,0.0,0.0,0.0,0.0,0.0,1.561211,2.9868398,1.794996,0.0,0.0,0.0,2.4014256,0.8130891,1.794996,2.509092,0.0,1.2555377,0.0,1.9843494,1.794996,0.0,0.8130891,0.0,0.0,0.0,0.0,0.0,0.0,1.2555377,1.2555377,2.6948628,1.9843494,0.8130891,2.1434927,0.8130891,0.0,T_cell
0.0,0.0,0.9055958,0.0,0.9055958,0.0,0.0,0.0,0.9055958,0.0,0.9055958,1.3729078,1.9305965,1.6901355,0.0,0.0,0.0,0.0,0.0,0.0,2.1242983,0.0,0.0,1.3729078,0.9055958,1.6901355,0.9055958,0.9055958,0.0,0.0,0.9055958,0.0,0.0,0.9055958,0.0,2.9274995,0.0,0.0,0.0,0.0,0.0,0.0,0.0,0.0,2.2864995,0.0,0.0,2.1242983,0.0,0.9055958,T_cell
0.0,0.79064554,0.0,0.0,0.0,1.5291944,0.0,0.0,0.0,0.0,1.9493465,1.5291944,2.244292,2.4717684,0.79064554,0.0,0.79064554,0.0,0.0,0.79064554,2.4717684,0.0,0.0,0.0,0.0,1.9493465,1.2266064,0.79064554,0.0,0.0,0.79064554,0.0,1.2266064,0.0,0.0,1.9493465,0.0,0.0,0.0,0.0,0.0,0.0,0.0,0.0,0.79064554,0.0,0.0,0.0,0.0,0.79064554,T_cell
0.0,0.0,0.7592261,0.7592261,0.0,0.7592261,0.7592261,0.0,0.0,0.0,1.1857815,3.258315,2.8931086,1.1857815,0.7592261,0.0,0.0,0.7592261,0.0,1.1857815,1.4838443,0.0,0.0,0.0,0.0,0.0,0.7592261,2.3118396,2.8931086,0.0,0.7592261,0.0,1.8995835,0.7592261,0.0,0.0,0.0,0.7592261,0.0,0.0,0.0,0.0,0.0,0.7592261,1.1857815,2.0566502,0.0,2.1923633,0.0,0.7592261,T_cell
3.7099283,3.5006747,2.9442902,3.740912,3.0097675,3.644924,3.07122,2.531282,2.531282,2.3024437,4.23602,2.531282,0.0,5.2468677,1.5803256,1.8151585,2.9442902,3.376948,3.8828816,3.419914,0.0,0.0,1.2728525,1.5803256,2.3024437,0.82659024,2.6286552,0.0,2.531282,1.5803256,2.8742232,2.0051975,4.272535,1.5803256,1.8151585,0.0,0.0,2.4233944,2.4233944,1.2728525,0.0,2.4233944,2.8742232,1.5803256,3.183838,2.3024437,1.5803256,0.0,1.5803256,1.8151585,Monocyte
2.8829818,3.156573,3.7174826,3.0857344,3.156573,2.5686498,2.6283867,2.7381158,3.343188,2.6283867,3.7743752,3.6571567,0.58957,4.779731,2.1076543,2.2859821,2.1076543,2.505116,2.4372704,3.1901953,0.0,0.0,2.7887723,2.5686498,2.4372704,0.0,2.7381158,0.0,3.371166,1.7611761,0.58957,1.6126456,3.5706067,2.0049472,1.7611761,0.0,1.2266064,2.4372704,2.4372704,1.2266064,2.2859821,2.3644845,3.4248774,2.200788,2.3644845,3.2847688,2.1076543,1.2266064,1.2266064,2.200788,Monocyte
3.5509198,3.9213054,3.473266,3.5509198,3.473266,2.9561813,3.1958692,2.4348366,3.9213054,2.4348366,3.9716074,3.1958692,0.0,5.642534,1.825674,2.4348366,2.4348366,3.473266,2.1759403,3.473266,0.0,0.0,2.4348366,2.1759403,1.2819024,0.0,2.6403024,0.0,3.2971282,2.1759403,3.38907,2.1759403,3.38907,1.825674,1.825674,0.0,2.6403024,2.810663,2.4348366,2.810663,1.2819024,2.1759403,2.810663,0.0,3.0831895,2.1759403,2.6403024,0.0,2.1759403,1.825674,Monocyte
0.0,2.3726459,0.0,0.0,0.0,0.0,1.0801587,0.0,1.9221209,0.0,3.58387,1.9221209,1.9221209,3.0180547,0.0,0.0,0.0,0.0,0.0,1.5872524,3.0180547,1.0801587,0.0,1.0801587,0.0,3.1089098,2.1725433,2.807061,3.269071,0.0,0.0,0.0,2.5393066,0.0,0.0,0.0,0.0,1.0801587,0.0,0.0,0.0,0.0,1.5872524,1.9221209,1.9221209,2.1725433,0.0,3.0180547,0.0,0.0,T_cell
0.0,1.2277997,0.0,0.0,0.0,0.0,0.0,0.0,2.2458014,0.0,2.2458014,1.2277997,3.7942924,2.4733143,0.7915684,0.0,0.0,0.0,0.0,1.7625743,1.9507946,0.0,0.0,0.0,1.530517,2.1091375,0.7915684,2.3660142,2.5702085,0.0,0.7915684,0.0,1.2277997,0.0,0.0,0.0,0.7915684,0.0,0.0,0.0,0.0,0.0,0.0,2.1091375,2.4733143,1.530517,0.0,1.530517,1.2277997,0.7915684,T_cell
0.0,0.7852854,0.0,0.0,0.0,0.0,0.7852854,0.0,0.7852854,0.0,2.099023,2.3555818,3.572288,0.7852854,0.0,0.0,0.0,0.0,0.0,1.5215021,2.2355077,0.0,0.0,0.0,0.0,1.5215021,0.0,2.8737035,0.0,0.0,0.7852854,0.0,2.099023,0.0,0.0,0.0,0.0,0.7852854,0.7852854,0.0,0.0,0.0,2.5595756,0.7852854,1.9409211,3.0001488,0.0,2.8737035,0.0,0.0,T_cell
0.0,0.0,0.0,0.0,0.0,0.0,0.9097411,0.0,0.9097411,0.0,3.0806024,3.0806024,1.6958061,3.1465285,0.0,0.0,0.0,0.0,0.0,1.3781006,2.554855,0.0,0.0,0.0,0.9097411,2.2927444,0.0,1.6958061,1.6958061,0.0,0.9097411,0.0,2.1304195,0.0,0.0,0.0,0.0,0.9097411,0.0,0.0,0.0,0.0,0.9097411,0.0,1.6958061,2.554855,0.0,3.0100212,0.0,0.0,T_cell
2.76838,3.659187,2.634889,3.2915137,2.9914672,3.5509868,2.5608056,0.0,3.1737514,0.0,3.7568147,3.1737514,1.6058476,5.9356933,2.4807916,3.6065497,3.0402467,2.2985451,0.0,2.828988,0.0,0.0,1.6058476,1.7880193,2.2985451,0.0,3.2915137,0.0,3.1311998,1.3829288,0.0,0.0,2.9914672,0.69090474,1.3829288,0.0,1.0956212,1.0956212,2.4807916,2.3938143,0.0,1.6058476,2.9401858,1.0956212,2.8861318,0.0,0.69090474,2.2985451,1.9420629,1.9420629,Monocyte
0.0,0.0,0.0,0.0,0.0,0.0,0.0,0.0,0.0,0.0,0.0,2.3875058,1.7822399,2.761873,0.0,0.0,0.0,0.0,0.0,0.0,2.2233894,0.0,0.0,0.0,0.0,0.97369814,0.0,2.3875058,0.0,0.0,0.0,0.0,1.457553,1.457553,0.0,0.0,0.0,0.97369814,0.0,0.0,0.0,0.0,0.0,0.97369814,2.2233894,0.97369814,0.0,1.7822399,0.0,0.0,T_cell
3.01313,2.9758728,3.0837219,2.613928,2.8111873,2.0410154,2.557871,3.01313,3.426565,3.2697647,3.3769808,4.115548,0.0,4.590049,2.0410154,1.1733509,1.8261422,2.498484,0.0,2.3679512,0.0,0.9116955,1.5520939,1.8261422,1.939339,0.0,2.2956843,0.0,2.435346,1.6984766,2.0410154,1.8261422,3.351235,2.8969164,2.2177851,0.0,2.8111873,2.133301,1.5520939,1.5520939,2.498484,2.3679512,2.2956843,3.1496575,2.7174137,2.613928,2.2956843,2.557871,1.5520939,2.2956843,Monocyte
3.4085057,3.3312166,3.3312166,3.2474499,2.9434686,3.0009892,2.7479134,2.7479134,3.1069655,2.882436,3.4450195,4.046421,0.0,4.720826,2.4082625,2.7479134,2.3016632,3.3312166,1.4751163,2.4082625,0.0,0.0,1.8899806,1.8899806,1.70391,0.0,2.9434686,0.0,1.8899806,0.0,1.70391,1.8899806,3.6689532,0.75322956,0.75322956,0.0,0.75322956,2.0468006,1.4751163,2.0468006,2.1823294,2.504585,2.1823294,0.0,0.75322956,1.70391,2.0468006,0.0,1.1779459,2.3016632,Monocyte
2.8248203,3.487859,3.6376333,3.048642,3.2314155,3.1441987,3.048642,2.94298,3.455011,3.0975614,3.5504854,4.4857907,0.0,5.1490364,2.352779,2.6163976,2.6163976,2.352779,0.72134304,2.690804,0.0,0.72134304,2.1282744,2.5360065,2.4485834,0.0,2.690804,0.0,2.5360065,2.997206,2.5360065,2.2468138,3.3858888,2.6163976,1.6541774,0.0,2.8856444,2.2468138,1.6541774,1.6541774,1.8383203,1.6541774,2.352779,3.1441987,3.311632,3.048642,1.9937699,2.1282744,0.72134304,2.352779,Monocyte
0.0,0.0,0.0,0.0,0.0,0.0,0.0,0.0,1.937896,0.0,3.1265466,1.0923847,1.6019601,3.2098956,0.0,0.0,0.0,0.0,0.0,1.937896,0.0,0.0,0.0,0.0,0.0,3.2098956,1.937896,2.82441,2.82441,0.0,1.0923847,0.0,2.1889124,0.0,0.0,1.937896,0.0,0.0,0.0,0.0,0.0,0.0,0.0,1.937896,2.3893933,1.0923847,1.0923847,2.3893933,0.0,1.0923847,T_cell
0.0,1.2965744,0.0,0.0,1.606458,0.0,0.0,0.0,0.0,0.0,3.8881702,1.606458,2.748047,2.8297064,1.2965744,0.0,0.0,2.748047,0.0,1.2965744,2.4533293,0.0,0.0,0.0,0.0,2.659122,1.8426896,2.56151,1.2965744,0.0,0.0,0.0,3.451656,0.0,0.0,1.606458,0.0,0.84517026,0.0,0.0,0.0,0.0,2.0336423,0.0,2.659122,1.2965744,0.84517026,1.8426896,0.0,0.0,T_cell
3.095444,4.1116185,2.747633,3.408216,2.6378279,3.0191655,2.846565,3.095444,2.6378279,2.5144613,3.8725052,3.408216,0.9642615,4.9456706,0.0,2.6378279,2.747633,1.7696074,2.747633,2.9365845,0.0,0.0,2.5144613,0.9642615,2.0137556,0.0,3.3530028,0.0,2.9365845,2.209839,1.4459066,2.5144613,3.408216,2.6378279,2.0137556,0.9642615,2.0137556,1.7696074,1.4459066,1.4459066,1.7696074,1.4459066,3.095444,3.0191655,3.510261,2.209839,1.4459066,2.0137556,2.5144613,2.6378279,Monocyte
0.0,0.7615919,0.0,0.0,0.0,0.0,0.0,0.0,1.188869,0.0,0.7615919,2.315843,3.0703893,2.762657,0.0,0.7615919,0.0,0.0,0.0,0.0,1.9033626,0.0,0.0,0.0,0.0,1.188869,1.188869,1.9033626,1.188869,0.0,0.0,0.0,1.188869,0.0,0.0,0.7615919,0.0,0.7615919,0.0,0.0,0.0,0.0,1.9033626,0.7615919,0.7615919,1.7168081,0.7615919,2.060526,0.7615919,0.0,T_cell
3.7446423,3.1618106,3.119282,2.8172634,2.8743658,2.2873383,2.5493085,3.074864,3.5944245,2.6233225,3.48007,3.2417986,0.0,4.314003,2.6233225,2.0646214,2.0646214,2.9796314,1.77765,1.3736048,0.0,0.0,1.0873407,2.1821673,2.5493085,0.0,2.6233225,0.0,2.928383,1.9313946,1.5958966,1.3736048,3.538881,1.5958966,1.3736048,0.0,2.928383,1.9313946,1.3736048,1.5958966,1.77765,1.5958966,3.074864,2.1821673,2.0646214,1.9313946,2.1821673,2.0646214,2.3824933,2.1821673,Monocyte
3.5066843,3.4593928,3.4097533,2.9693162,3.5950441,3.5518398,2.6986022,1.4060396,3.9477017,1.9684446,2.79721,2.8869612,0.0,5.0333643,3.2440805,1.9684446,1.7262692,1.9684446,0.0,2.3262331,0.0,0.0,0.932118,2.6986022,1.7262692,0.0,3.045402,0.0,2.1632557,2.3262331,1.7262692,1.4060396,2.6986022,3.4097533,1.9684446,0.0,3.4097533,1.7262692,1.9684446,1.9684446,1.7262692,1.7262692,2.1632557,3.2440805,3.8543196,0.0,1.7262692,1.7262692,2.6986022,3.1821392,Monocyte
0.0,0.0,0.0,0.0,0.0,0.0,0.0,0.0,2.090279,0.0,0.0,3.1028595,2.090279,1.5137166,0.0,1.5137166,0.0,0.0,0.0,0.0,2.090279,0.0,0.0,0.0,0.0,0.0,0.0,2.090279,1.5137166,0.0,0.0,0.0,1.5137166,0.0,0.0,1.5137166,0.0,0.0,0.0,0.0,0.0,0.0,0.0,0.0,0.0,1.5137166,0.0,2.090279,0.0,1.5137166,T_cell
2.5292053,4.014932,3.3100035,2.5292053,1.4581854,2.2241242,3.3684778,3.2478964,2.951772,3.423721,3.4760714,3.703222,0.9742111,4.9263353,1.4581854,1.7829255,1.4581854,2.3882544,2.027662,2.3882544,0.0,2.027662,0.9742111,1.4581854,2.027662,0.9742111,2.5292053,0.0,2.762645,3.2478964,2.027662,1.7829255,3.1107557,2.951772,1.7829255,0.0,0.9742111,2.6527216,2.2241242,0.9742111,2.027662,2.6527216,2.951772,2.2241242,2.762645,2.5292053,2.5292053,0.0,2.762645,2.5292053,Monocyte
0.0,0.9561026,1.7586528,0.0,2.5023177,0.0,0.0,0.0,2.5023177,0.0,3.633244,2.1980784,0.0,2.1980784,2.361724,0.0,0.0,2.1980784,0.0,1.7586528,0.0,3.4477377,0.0,2.1980784,0.0,3.0065954,0.9561026,3.0065954,0.0,0.0,0.0,0.0,2.0023108,0.9561026,0.0,0.0,0.0,1.4358164,1.4358164,0.0,0.0,0.0,1.4358164,0.0,2.5023177,2.5023177,0.0,2.361724,0.0,0.0,T_cell
3.4537692,3.7874897,3.0196948,3.2601018,2.2354546,2.9493349,3.2051988,2.9493349,2.7917583,3.0854278,3.9338703,4.469246,0.0,4.8493137,1.6439099,2.7917583,1.3306698,1.8820804,2.3742096,3.2051988,0.0,0.0,2.4960368,1.3306698,1.6439099,0.0,2.9493349,0.87204134,2.8736472,2.2354546,2.3742096,2.3742096,3.4537692,2.7025607,1.6439099,0.0,3.1471055,2.3742096,1.3306698,1.3306698,1.8820804,2.074296,3.0196948,2.074296,3.6526897,3.1471055,2.2354546,2.2354546,2.4960368,2.3742096,Monocyte
0.0,0.0,0.0,0.0,0.0,0.89889085,1.3644968,0.0,0.0,0.0,2.4157472,2.114372,3.1290889,2.5380533,0.0,0.0,0.0,0.0,0.0,1.3644968,1.3644968,0.0,0.0,0.89889085,0.89889085,1.3644968,0.0,1.3644968,0.89889085,0.0,0.89889085,0.0,1.3644968,0.0,0.0,0.89889085,0.0,0.0,1.680945,0.0,0.0,0.0,0.89889085,0.0,0.0,0.89889085,0.0,1.3644968,0.0,0.89889085,T_cell
2.9437523,3.7947807,2.7719092,3.3043554,2.6203668,3.724986,2.5048604,0.0,2.8615174,0.0,4.0066214,4.7376704,0.91585594,5.151125,2.7719092,3.8279324,3.2477381,2.9437523,0.0,3.0903506,0.55930525,0.91585594,1.5575725,2.6203668,1.5575725,0.55930525,3.503352,0.55930525,3.7428968,2.4416852,0.0,1.1781533,3.3315055,0.0,1.5575725,0.0,0.0,1.945289,2.1394267,2.4416852,0.0,1.3857509,2.7239022,1.5575725,2.6734738,0.0,1.3857509,1.3857509,1.3857509,0.0,Monocyte
0.0,0.0,0.0,0.0,0.0,1.5661623,0.6663202,0.0,0.0,0.0,0.6663202,1.0626807,3.0391867,1.7466396,0.6663202,0.0,0.0,0.0,0.0,0.6663202,1.3457792,0.0,0.0,0.6663202,0.0,0.0,0.6663202,1.7466396,1.5661623,0.0,1.0626807,0.0,0.6663202,0.0,0.0,1.8994707,0.0,0.6663202,0.6663202,0.0,0.0,0.6663202,0.6663202,0.6663202,2.0320113,0.0,0.0,2.253766,0.0,0.6663202,T_cell
2.9322534,4.3375783,2.6621745,3.1446846,1.6942331,2.6621745,2.6621745,3.598401,2.6621745,3.7131386,3.909363,2.9322534,0.0,4.71905,2.2910123,2.6621745,1.6942331,0.0,1.6942331,2.2910123,0.0,0.0,1.6942331,0.0,1.6942331,1.6942331,3.7131386,0.0,3.1446846,2.2910123,3.4687717,0.0,3.7131386,0.0,2.6621745,0.0,0.0,2.2910123,1.6942331,1.6942331,1.6942331,2.6621745,2.9322534,2.9322534,2.9322534,0.0,2.6621745,1.6942331,1.6942331,2.6621745,Monocyte
0.0,0.0,0.0,0.0,0.0,0.0,0.0,0.0,1.4927839,0.0,1.0023704,0.0,1.4927839,2.9943342,0.0,0.0,0.0,0.0,0.0,0.0,0.0,0.0,0.0,0.0,0.0,1.820379,2.0667274,1.820379,1.4927839,1.0023704,0.0,0.0,0.0,0.0,0.0,1.4927839,0.0,1.0023704,0.0,0.0,0.0,0.0,0.0,1.4927839,2.0667274,1.0023704,0.0,2.5705588,0.0,0.0,T_cell
0.0,0.9066503,0.0,0.0,0.0,0.9066503,0.0,0.0,0.0,0.0,1.3742292,1.6915789,2.4276397,2.6591494,0.0,0.0,0.0,0.0,0.0,0.0,1.3742292,0.0,0.0,0.0,0.0,0.0,1.3742292,1.6915789,0.0,0.0,0.9066503,0.0,1.6915789,0.9066503,0.0,3.0050979,0.0,0.9066503,0.9066503,0.0,0.0,0.0,0.0,0.0,1.3742292,0.0,0.0,2.1258566,0.9066503,0.9066503,T_cell
3.4122324,3.4394872,3.4918644,3.6561937,3.3842142,3.8521569,3.2951164,1.4707114,3.3257062,0.0,3.7589679,3.0094328,1.6468132,4.924405,3.2951164,3.698579,3.4122324,2.145082,0.0,3.2635615,0.0,0.0,1.2568254,2.9231472,1.6468132,0.0,3.517059,0.0,2.3242397,1.2568254,0.0,0.0,2.9231472,0.6087229,1.4707114,0.0,0.0,1.4707114,2.8287072,2.3242397,0.6087229,0.9843848,2.0418253,0.0,0.0,0.0,1.4707114,0.0,0.6087229,2.2386677,Monocyte
3.6539419,3.7935848,3.446513,3.690723,3.2976575,3.1227028,3.5760543,3.1844852,2.8284347,2.5319035,3.972147,3.1227028,0.0,5.146139,2.5319035,2.9105086,2.5319035,3.1844852,2.7390177,3.1844852,0.0,0.0,2.640813,2.7390177,1.6755129,0.0,2.7390177,0.0,2.5319035,2.5319035,2.9105086,2.640813,3.8256483,0.0,0.89493555,0.0,1.3595283,2.4096663,2.8284347,1.3595283,2.2703788,2.5319035,2.7390177,1.6755129,1.9152613,2.9105086,2.4096663,1.9152613,2.1085014,1.9152613,Monocyte
0.0,0.0,0.0,0.0,0.0,0.0,0.9714478,0.0,0.9714478,0.0,0.0,1.7792313,2.6485927,2.220163,0.0,0.0,0.0,0.0,0.0,0.0,0.0,0.0,0.9714478,0.0,0.0,0.0,0.0,2.6485927,1.7792313,0.0,0.0,0.0,1.7792313,0.9714478,0.0,0.0,0.0,0.0,0.0,0.0,0.0,0.0,0.0,0.0,1.7792313,1.4547782,0.0,1.7792313,0.0,0.0,T_cell
0.0,0.0,0.7144048,0.0,0.0,1.4180137,0.0,0.0,1.1268566,0.7144048,0.7144048,2.1163511,3.2184083,1.9820797,0.0,1.1268566,0.0,0.0,0.0,0.7144048,1.1268566,0.0,0.0,0.0,0.0,1.4180137,1.4180137,1.9820797,1.4180137,0.0,0.0,0.0,2.1163511,1.1268566,0.0,0.0,0.7144048,0.7144048,1.1268566,0.0,0.0,0.7144048,0.7144048,0.7144048,2.3405294,0.7144048,0.0,1.4180137,0.7144048,0.0,T_cell
2.6521087,3.8532004,0.0,3.0337923,0.0,2.0270894,2.6521087,2.0270894,0.0,0.0,3.8532004,3.0337923,0.0,5.3247194,0.0,3.3093681,0.0,2.0270894,2.6521087,2.6521087,0.0,0.0,0.0,0.0,2.6521087,0.0,2.0270894,0.0,3.3093681,2.6521087,3.3093681,2.0270894,4.4624014,0.0,0.0,0.0,2.6521087,0.0,2.0270894,2.0270894,0.0,2.0270894,2.6521087,0.0,2.6521087,0.0,2.0270894,0.0,3.0337923,2.6521087,Monocyte
3.3829062,3.7769904,3.5662775,3.2542129,3.1581852,3.1064765,3.2073512,2.7981224,3.3829062,1.9356267,3.4223692,4.1747956,0.0,4.8693695,2.3499854,2.5538707,2.0935986,2.4571152,2.0935986,2.723144,0.0,0.0,2.0935986,2.4571152,2.723144,0.0,2.723144,0.0,3.5662775,1.9356267,2.723144,1.5166713,3.1581852,1.7479309,1.9356267,0.0,0.7819256,2.6420846,2.2299864,1.7479309,2.6420846,1.7479309,2.994273,2.3499854,3.2073512,2.5538707,1.9356267,2.0935986,1.2153145,2.6420846,Monocyte
0.0,1.1696117,0.0,2.2908127,0.0,0.0,0.0,0.0,1.1696117,0.0,3.7657037,2.493512,0.0,2.9320433,1.6940517,0.0,0.0,1.1696117,0.0,2.0363023,0.0,3.9944837,0.0,2.0363023,0.0,2.661968,1.1696117,2.0363023,3.144472,0.0,0.0,0.0,3.2358572,0.0,0.0,2.9320433,0.0,1.6940517,1.1696117,0.0,0.0,0.0,2.493512,0.0,2.493512,2.8060956,0.0,1.6940517,1.1696117,2.2908127,T_cell
3.5218801,3.6216478,3.1048923,2.3763583,2.6614308,2.7783427,2.8830056,3.021948,2.9777448,3.021948,3.7548041,3.217682,0.0,5.1698785,2.196119,2.4555988,2.0921447,2.5290186,2.196119,2.7215946,0.0,0.0,1.6935806,2.196119,1.6935806,0.0,2.7215946,0.0,2.832043,1.2983786,2.0921447,2.7783427,3.5976236,2.196119,1.9760913,0.0,1.0208555,2.5290186,2.4555988,1.6935806,2.290294,1.2983786,2.4555988,1.2983786,2.4555988,2.4555988,1.8447795,1.2983786,1.0208555,2.9314969,Monocyte
2.9954,3.9290285,3.2084897,2.8689883,1.7489108,3.2084897,3.461483,3.7223353,2.5549648,3.2084897,4.211783,3.3001187,0.0,5.1471467,1.7489108,2.3510587,3.10761,3.2084897,3.6003907,3.2084897,0.0,0.0,2.3510587,0.0,2.3510587,0.0,2.9954,0.0,2.8689883,2.3510587,2.5549648,1.7489108,4.373838,1.7489108,2.9954,0.0,0.0,1.7489108,2.5549648,1.2161491,2.7242525,2.3510587,2.9954,0.0,3.6632206,1.7489108,2.8689883,0.0,2.7242525,0.0,Monocyte
4.089088,3.005987,3.9756248,3.3583667,3.700791,3.3583667,3.3948178,2.255081,3.892134,1.661657,3.4968178,3.7521667,0.72610223,5.1943855,3.0574458,3.1530423,2.6249654,2.5445182,1.1423154,2.7687132,0.0,0.0,2.5445182,3.52863,0.72610223,0.72610223,3.3205369,0.0,2.6249654,2.255081,1.4353284,1.1423154,3.005987,1.4353284,1.1423154,0.0,0.72610223,2.6249654,2.3611438,2.001757,0.72610223,1.1423154,2.255081,2.255081,2.7687132,1.1423154,1.661657,1.4353284,1.1423154,2.3611438,Monocyte
0.0,0.0,0.0,0.0,0.0,0.0,0.0,0.0,1.1827903,0.0,2.3079576,2.3079576,2.9500935,2.3079576,0.0,0.0,0.0,0.0,0.0,0.0,0.0,0.0,1.1827903,0.0,0.0,0.0,0.0,1.1827903,1.7096335,0.0,0.0,0.0,1.7096335,0.0,0.0,2.0528927,0.0,0.0,0.0,0.0,0.0,1.1827903,1.1827903,0.0,0.0,0.0,0.0,0.0,0.0,1.1827903,T_cell
3.77645,3.9427638,2.349485,2.8213959,2.4899106,3.6615257,2.7226272,1.9906259,3.1407151,2.1860673,3.846328,4.401602,0.0,4.742861,2.1860673,2.7226272,2.6130233,1.7474741,0.9478004,2.7226272,0.9478004,0.0,3.3272092,2.6130233,1.7474741,0.0,2.349485,0.0,2.7226272,2.7226272,0.9478004,2.6130233,3.6200826,2.7226272,2.349485,0.0,0.9478004,2.1860673,2.1860673,1.7474741,0.9478004,2.4899106,3.2068205,3.6200826,3.2688255,2.4899106,2.1860673,2.349485,1.4255288,1.9906259,Monocyte
3.4518802,3.128003,3.7175677,2.181344,3.3029966,2.8673043,2.8673043,3.128003,3.6742196,1.8307881,3.9272785,3.4791706,0.0,4.661324,3.048423,2.762745,2.2753513,2.8673043,1.6800209,2.6459622,0.0,0.0,1.9617745,2.8163905,2.181344,0.0,3.0890043,0.0,2.0775735,1.9617745,2.3612757,2.181344,3.236627,0.62761277,0.62761277,0.0,0.0,0.62761277,2.5820236,1.0102427,2.2753513,1.6800209,1.9617745,0.62761277,1.0102427,2.5820236,1.0102427,0.62761277,1.2863085,2.7060575,Monocyte
0.0,0.0,0.0,0.0,1.9728292,0.0,0.0,0.0,0.9352099,0.0,2.8019946,1.7304591,0.9352099,2.7033546,1.9728292,0.9352099,0.0,1.4098879,0.0,0.0,2.3308313,3.4643276,0.0,2.4709966,0.0,0.9352099,1.9728292,0.0,2.167766,0.0,0.0,0.9352099,1.7304591,0.0,0.0,2.3308313,0.0,0.0,0.0,0.0,0.0,0.0,1.4098879,2.3308313,1.4098879,0.9352099,0.0,3.1870227,0.0,1.7304591,T_cell
0.0,0.0,0.0,0.0,0.0,0.0,0.0,0.0,0.0,0.0,0.0,1.068605,2.6657832,3.5113173,0.0,0.0,0.0,0.0,0.0,1.068605,0.0,0.0,0.0,0.0,0.0,1.5733194,0.0,1.9071612,0.0,0.0,0.0,0.0,1.9071612,0.0,0.0,2.6657832,0.0,1.068605,1.068605,0.0,0.0,0.0,0.0,0.0,1.5733194,0.0,0.0,2.1570113,0.0,1.9071612,T_cell
4.0285764,4.1321554,3.2396517,3.6319716,0.0,2.584934,2.9649444,2.9649444,0.0,1.9644805,3.6319716,2.584934,2.584934,4.955952,1.9644805,1.9644805,0.0,0.0,0.0,3.4549289,0.0,0.0,0.0,0.0,0.0,0.0,0.0,1.9644805,1.9644805,0.0,2.584934,2.9649444,4.3117986,0.0,0.0,0.0,0.0,1.9644805,2.584934,1.9644805,1.9644805,2.584934,2.9649444,0.0,2.584934,0.0,0.0,0.0,2.9649444,0.0,Monocyte
0.0,1.0328188,0.0,0.0,0.0,0.0,0.0,0.0,0.0,0.0,0.0,0.0,2.8495934,2.3070614,0.0,0.0,0.0,0.0,1.0328188,1.0328188,0.0,0.0,0.0,0.0,1.0328188,1.0328188,0.0,0.0,0.0,0.0,0.0,0.0,1.5299498,1.5299498,0.0,2.3070614,0.0,0.0,0.0,0.0,0.0,0.0,1.8604951,2.1085014,1.8604951,0.0,0.0,1.5299498,0.0,1.0328188,T_cell
3.5935938,3.6657357,1.3138173,3.2380168,0.0,3.5935938,2.6811407,3.6657357,2.4749737,2.2149603,4.566556,3.4315271,0.0,5.387371,1.3138173,2.4749737,2.4749737,3.2380168,3.5935938,3.2380168,0.0,0.0,2.2149603,0.0,2.2149603,0.0,2.2149603,0.0,2.4749737,2.8519826,2.2149603,1.8626367,3.9643614,1.8626367,2.4749737,0.0,0.0,2.4749737,1.8626367,1.3138173,1.3138173,2.2149603,2.4749737,2.4749737,2.2149603,3.2380168,2.6811407,0.0,2.6811407,2.6811407,Monocyte
0.0,1.5155156,0.0,0.0,1.844929,0.0,1.0209692,0.0,2.4557612,0.0,0.0,4.057478,1.0209692,3.105062,0.0,0.0,0.0,0.0,0.0,0.0,0.0,4.087725,0.0,0.0,1.0209692,2.0923002,1.5155156,1.844929,2.931665,1.0209692,0.0,0.0,2.2904534,0.0,0.0,2.2904534,0.0,1.844929,0.0,0.0,0.0,0.0,1.844929,1.844929,0.0,0.0,0.0,3.252789,1.5155156,1.5155156,T_cell
0.0,0.82013637,0.0,0.0,0.0,0.0,0.0,0.0,0.82013637,0.0,2.1546485,2.1546485,2.1546485,3.2246742,0.0,0.82013637,0.0,0.82013637,0.0,0.0,1.9952508,0.0,0.0,0.0,0.0,1.5712019,0.0,1.9952508,2.4129162,0.82013637,0.82013637,0.0,2.292097,0.0,0.0,0.0,0.0,0.0,0.82013637,0.0,0.0,0.0,1.5712019,1.8055371,0.82013637,0.0,0.0,2.1546485,0.0,0.0,T_cell
0.0,0.8281116,0.8281116,0.0,0.0,0.0,0.8281116,0.0,0.8281116,0.0,2.719907,0.8281116,1.817422,2.4258585,0.0,0.0,0.0,1.5824728,0.0,2.3048768,3.5780256,3.6805892,0.0,0.8281116,0.0,2.9468513,1.2747996,0.8281116,0.0,0.0,0.8281116,0.0,2.3048768,1.2747996,0.0,2.8014133,0.0,0.0,0.0,0.0,0.0,0.0,2.0075374,2.8014133,2.5337706,2.0075374,0.0,3.1864293,0.0,1.5824728,T_cell
0.0,0.0,0.0,0.0,0.7093836,1.4105512,0.7093836,0.0,1.1202028,0.0,0.7093836,0.0,2.2259095,1.9735847,0.0,0.0,0.0,0.0,0.0,0.0,2.1076846,0.0,0.0,0.0,1.1202028,0.0,0.7093836,2.6690037,0.0,0.0,0.0,0.0,1.4105512,0.0,0.0,0.7093836,0.0,0.0,0.0,0.0,0.0,0.0,1.4105512,0.7093836,1.9735847,2.5947213,0.0,2.3316233,0.0,0.7093836,T_cell
0.0,0.0,0.0,0.0,0.0,0.7724637,0.7724637,0.0,0.0,0.0,1.9206611,1.5030283,2.8513603,2.781686,0.7724637,1.2030287,0.0,0.7724637,0.0,0.7724637,2.781686,3.282116,0.0,0.0,0.0,2.5377314,1.7334901,1.2030287,0.0,0.0,0.7724637,0.0,1.5030283,1.7334901,0.0,2.9776447,0.0,0.0,0.0,0.0,0.0,0.0,0.0,2.0782611,3.282116,0.0,0.0,3.1414237,0.7724637,1.2030287,T_cell
0.0,0.85405934,0.0,0.0,0.0,1.3078805,0.0,0.85405934,0.0,0.0,0.0,0.0,2.575849,2.8443255,0.0,0.0,0.0,0.85405934,0.0,0.85405934,1.3078805,0.0,0.0,0.0,0.0,1.3078805,1.3078805,2.6735716,0.85405934,0.0,0.0,0.0,2.575849,0.0,0.0,0.0,0.0,0.0,0.0,0.0,0.0,0.0,1.3078805,0.0,2.7625887,1.3078805,0.0,2.7625887,0.85405934,0.85405934,T_cell
0.0,0.0,0.0,0.0,0.0,0.0,2.4051998,0.0,0.0,0.0,0.0,0.0,0.0,0.0,0.0,0.0,0.0,0.0,0.0,0.0,0.0,0.0,0.0,0.0,0.0,0.0,0.0,0.0,0.0,0.0,0.0,0.0,0.0,2.4051998,0.0,0.0,0.0,0.0,0.0,0.0,0.0,0.0,0.0,2.4051998,0.0,0.0,0.0,4.4023824,0.0,0.0,T_cell
3.2088418,3.0171096,2.4677298,3.2924807,2.635821,2.555303,2.779682,2.844529,2.962826,3.6580267,3.8124704,3.685481,0.7321582,4.720239,0.7321582,1.8559573,1.8559573,2.555303,2.7103362,2.0118828,0.7321582,0.0,1.150296,1.4442546,2.0118828,0.0,2.4677298,0.0,3.2924807,1.150296,1.4442546,1.150296,3.406126,2.0118828,1.8559573,0.0,2.779682,3.0171096,2.4677298,1.8559573,1.4442546,2.1467435,2.844529,1.4442546,2.779682,1.8559573,2.2655592,2.0118828,2.555303,2.2655592,Monocyte
3.5627186,3.5368168,2.6757514,3.0365918,2.94607,3.425928,3.1962342,1.0307264,3.3655035,0.6426697,3.7054472,4.461846,1.3095894,5.2534623,3.3338645,3.5627186,2.3903265,1.8577507,0.0,3.2674153,0.0,0.0,2.7359772,2.8975384,2.4696753,0.0,3.4548242,0.0,2.792781,2.105646,0.0,0.0,3.396172,0.0,2.3041346,0.0,0.0,0.6426697,2.6757514,2.6116648,0.0,1.0307264,2.7359772,1.3095894,1.7061568,1.3095894,1.0307264,1.7061568,0.0,1.3095894,Monocyte
0.0,0.0,0.0,0.74020773,0.0,0.0,0.0,0.0,1.45608,0.0,0.0,0.74020773,3.5231533,2.025279,0.0,0.74020773,0.0,0.0,0.0,0.0,1.1608801,0.0,0.0,0.0,0.0,2.2794154,0.0,2.5695603,1.1608801,0.74020773,0.74020773,0.0,0.74020773,0.0,0.0,0.74020773,0.0,0.0,0.74020773,0.0,0.0,0.0,0.0,0.74020773,2.025279,0.0,0.0,2.2794154,0.0,0.74020773,T_cell
0.0,0.0,0.0,0.0,0.0,0.0,0.0,0.0,0.0,0.0,3.4502566,1.805785,3.3949633,3.5524383,0.99136674,0.99136674,0.0,0.0,0.0,2.2486122,2.5544643,1.805785,0.0,1.4792906,0.0,2.2486122,1.4792906,0.0,0.99136674,0.0,0.99136674,0.0,2.413186,2.887543,0.0,3.5524383,0.0,0.0,0.0,0.0,0.0,0.0,0.99136674,2.2486122,2.0515127,1.805785,0.0,3.0605357,0.0,0.99136674,T_cell
3.475792,3.5682857,3.1983695,3.2603528,3.2603528,2.714399,3.3187177,1.9830247,3.2603528,2.8131132,3.6927288,4.2245736,0.0,4.6018524,1.7402052,1.9830247,2.1782517,1.7402052,1.4188442,1.9830247,0.0,0.0,3.4261255,1.9830247,2.8131132,0.0,2.3415198,0.0,3.373863,2.1782517,1.4188442,2.1782517,3.6115103,2.6048627,2.3415198,0.0,1.7402052,2.8131132,1.4188442,2.6048627,0.9424148,1.7402052,2.8131132,2.8131132,2.9029522,2.9029522,2.9853814,1.4188442,0.9424148,2.9029522,Monocyte
3.1631742,3.7756734,2.1963954,3.1631742,2.0360708,2.3345323,3.1631742,3.3193293,2.750662,3.366395,3.712662,4.9478335,1.6086917,4.517236,1.6086917,2.5640883,2.4558828,2.3345323,2.750662,2.4558828,0.0,0.0,2.5640883,1.2986046,1.2986046,0.0,3.043634,0.0,3.105189,2.0360708,2.1963954,2.3345323,3.366395,3.105189,2.1963954,0.0,2.5640883,2.3345323,1.8450412,1.8450412,2.3345323,2.1963954,2.4558828,3.105189,4.042135,3.105189,2.3345323,1.2986046,1.8450412,2.0360708,Monocyte
3.136432,4.064849,3.7574956,2.4858055,3.136432,3.4604158,3.0358863,3.3887217,3.2277856,2.4858055,3.3887217,3.5273123,0.0,4.786796,2.9240892,3.0358863,2.4858055,2.9240892,0.0,2.2832627,0.0,0.0,3.0358863,2.798202,2.0289998,0.0,3.0358863,0.0,3.3887217,2.2832627,2.4858055,1.1638249,3.5900126,1.1638249,2.0289998,0.0,0.0,1.1638249,2.798202,3.0358863,2.2832627,1.6871979,2.798202,1.6871979,2.2832627,2.0289998,1.1638249,0.0,1.6871979,2.798202,Monocyte
0.0,0.7836017,0.0,0.0,0.0,0.0,0.0,0.0,0.7836017,0.0,3.1611419,0.7836017,4.102101,2.8707817,0.0,1.2174871,0.0,0.7836017,0.0,2.096306,2.5567183,0.7836017,0.0,0.7836017,0.0,2.5567183,0.0,1.9382693,2.9359903,0.0,0.7836017,0.0,2.352779,1.2174871,0.0,0.0,0.0,0.0,0.0,0.0,0.0,0.0,2.096306,1.2174871,3.4253561,2.352779,1.2174871,1.5190822,1.2174871,0.7836017,T_cell
0.0,0.0,0.0,0.0,0.0,0.9558069,0.0,0.0,0.9558069,0.0,1.4354503,0.9558069,2.0018952,2.5018768,0.0,0.0,0.0,0.0,0.0,0.0,3.339785,0.0,0.0,0.0,0.0,2.1976514,1.4354503,2.1976514,0.0,0.0,0.0,0.0,0.9558069,0.0,0.0,0.0,0.0,1.4354503,0.9558069,0.0,0.0,0.0,0.0,0.0,1.4354503,0.0,0.0,0.0,0.0,0.0,T_cell
0.0,0.0,0.0,0.0,0.90612274,0.0,0.90612274,0.0,0.90612274,0.0,0.90612274,0.0,2.5492632,1.6908568,0.0,0.0,0.0,0.0,0.0,0.0,1.3735682,0.0,0.0,0.0,0.0,1.3735682,0.0,1.3735682,0.90612274,0.0,0.0,0.0,1.6908568,0.0,0.0,0.0,0.0,0.0,0.0,0.0,0.0,0.0,0.0,0.0,1.6908568,0.0,0.0,1.9313526,0.0,0.90612274,T_cell
3.4934669,4.1713,3.6586053,3.4568949,3.7460063,3.4568949,2.9297056,3.1547859,3.800299,2.453869,3.7735212,4.207116,0.780001,4.9695244,2.8645205,2.5505965,2.226818,2.7198267,1.7449994,3.1547859,0.0,0.0,2.453869,2.8645205,2.7947884,0.0,2.9297056,0.0,3.2507994,2.7947884,2.3467739,2.9909003,3.379476,1.9325893,2.6387873,0.0,1.9325893,2.3467739,2.453869,2.226818,2.090486,2.453869,2.7198267,1.7449994,2.8645205,0.780001,1.5139009,2.226818,1.2128183,2.5505965,Monocyte
3.8845985,2.9374557,4.5423627,3.2586691,4.266615,3.8598077,3.4648235,1.520291,4.19743,1.7517602,3.387384,3.5366948,0.0,5.5212917,4.299491,3.0563638,2.7274752,1.520291,0.0,3.4648235,0.0,0.0,1.7517602,3.8083024,2.4613538,0.0,3.4268532,0.0,2.4613538,1.2185768,2.7274752,0.0,2.3541791,0.0,1.7517602,0.0,0.0,0.0,2.3541791,2.4613538,1.520291,1.7517602,2.3541791,0.0,1.7517602,1.7517602,1.7517602,1.520291,0.7844426,2.234124,Monocyte
0.95129764,0.0,0.0,0.0,0.0,0.0,0.0,0.0,0.0,0.0,0.0,1.9955529,3.1461735,3.0753691,0.95129764,0.0,0.0,0.0,0.0,0.0,0.95129764,0.0,0.0,0.0,0.0,1.4298649,0.0,0.95129764,1.4298649,0.0,0.0,0.0,1.752187,0.0,0.0,0.0,0.0,0.0,0.95129764,0.95129764,0.0,0.0,0.95129764,0.95129764,0.0,0.0,0.0,0.0,0.0,1.4298649,T_cell
0.9710399,0.0,1.454275,2.0232358,1.454275,0.0,1.454275,0.0,1.454275,0.0,2.3836243,2.3836243,0.0,2.7578685,0.9710399,0.0,0.0,1.454275,0.0,0.9710399,1.454275,4.0099254,0.0,1.7786856,0.0,2.3836243,0.0,2.7578685,0.9710399,0.0,0.0,0.0,0.9710399,0.9710399,0.9710399,0.0,0.0,1.7786856,0.0,0.0,0.0,0.0,2.219578,2.8568661,2.524514,0.9710399,0.0,2.8568661,0.0,0.0,T_cell
0.0,0.0,0.0,0.0,0.0,0.0,0.0,0.0,1.0096878,0.0,2.9149256,2.581217,3.3021562,3.1271684,0.0,0.6272061,0.0,0.0,0.0,2.3604853,2.5129137,0.0,0.0,0.0,0.0,1.8300554,1.0096878,1.5017387,1.9610245,0.0,0.6272061,0.0,2.3604853,0.0,0.0,0.6272061,0.0,0.0,0.6272061,0.0,0.0,0.0,1.679311,0.6272061,2.705243,1.8300554,0.0,0.6272061,0.0,0.0,T_cell
0.0,1.5801724,0.0,0.0,0.0,0.0,1.0742843,0.0,1.0742843,0.0,1.0742843,0.0,1.5801724,3.6278026,0.0,0.0,0.0,0.0,0.0,1.0742843,1.5801724,0.0,0.0,1.0742843,0.0,1.9145212,1.0742843,2.5311046,1.5801724,0.0,0.0,0.0,1.5801724,0.0,0.0,0.0,0.0,1.0742843,0.0,0.0,0.0,0.0,0.0,1.5801724,0.0,0.0,0.0,2.5311046,1.9145212,0.0,T_cell
0.0,1.4734284,0.0,0.0,0.0,0.0,0.98659474,0.0,0.0,0.0,0.0,0.0,0.98659474,2.547459,0.0,0.0,0.0,0.0,0.0,0.0,1.7994394,0.0,0.0,0.0,0.0,0.98659474,0.98659474,1.7994394,1.4734284,0.0,0.0,0.0,0.98659474,0.0,0.0,2.0448945,0.0,0.0,0.0,0.0,0.0,0.0,1.7994394,0.0,1.7994394,0.0,0.0,2.6711571,0.0,1.4734284,T_cell
3.7979128,3.5005057,3.2675414,3.0753016,2.065022,3.6893213,3.0753016,3.4287167,3.0753016,1.7210355,3.6302571,3.5005057,0.0,4.9487925,2.5237896,2.3204868,2.837094,2.692662,2.065022,2.837094,0.0,0.0,0.0,1.7210355,2.3204868,0.0,3.5005057,0.0,3.8480847,2.3204868,3.0753016,3.0753016,3.8958592,1.7210355,1.7210355,0.0,0.0,1.7210355,2.692662,2.3204868,0.0,2.3204868,2.5237896,1.7210355,2.963274,0.0,2.065022,0.0,2.065022,3.3513727,Monocyte
2.3319497,3.0874224,3.642626,1.2013193,2.7045107,3.279764,2.0761237,3.8605192,3.1882105,2.0761237,4.190957,2.535481,0.0,4.9775543,2.7045107,2.3319497,2.0761237,3.5798316,3.0874224,2.9753256,0.0,0.0,2.3319497,2.535481,1.7314786,0.0,3.1882105,0.0,3.1882105,1.7314786,2.849058,2.3319497,4.4110694,3.5128284,2.7045107,0.0,2.535481,2.535481,2.535481,1.2013193,0.0,0.0,2.535481,3.441011,2.535481,2.3319497,1.7314786,1.2013193,2.3319497,2.9753256,Monocyte
2.2762723,3.8241544,2.157301,2.478669,2.157301,2.6469162,2.916722,2.6469162,3.0284746,3.4528742,4.057196,4.147485,0.7383777,4.9782157,1.1584761,1.6808562,1.1584761,2.157301,3.1289845,3.0284746,0.0,0.0,1.4533954,1.6808562,2.6469162,0.0,2.6469162,0.0,2.7214923,2.6469162,2.2762723,1.1584761,3.7498908,2.157301,2.2762723,0.0,1.1584761,2.0222397,2.0222397,1.8660456,1.6808562,2.0222397,2.7214923,0.7383777,3.0799916,1.1584761,2.0222397,2.478669,2.2762723,2.0222397,Monocyte
0.0,0.7682868,0.0,0.0,0.0,0.0,0.0,0.0,2.2074482,0.0,0.7682868,2.5305724,2.6995363,1.9140283,0.7682868,0.0,0.7682868,0.0,0.0,0.7682868,0.7682868,0.0,0.0,0.0,0.7682868,1.1975942,1.1975942,0.7682868,1.1975942,0.0,0.7682868,0.0,2.071462,0.0,0.0,2.9702663,0.0,0.7682868,0.7682868,0.0,0.0,0.0,1.1975942,1.7270925,1.4969875,0.0,0.7682868,2.6995363,0.0,0.7682868,T_cell
0.0,0.0,0.0,0.0,0.0,0.9819765,0.0,0.0,1.4677489,0.0,0.0,1.4677489,3.5378983,2.664295,0.0,0.9819765,0.0,0.0,0.0,0.0,2.0384777,0.0,0.0,0.0,0.0,0.0,0.9819765,0.0,1.7932888,0.0,0.9819765,0.0,0.9819765,0.0,0.0,0.0,0.0,0.0,0.0,0.0,0.0,0.0,0.9819765,0.0,1.7932888,1.4677489,0.0,1.7932888,0.0,0.0,T_cell
0.0,0.98291737,0.0,0.0,0.0,0.0,0.98291737,0.0,1.7945427,0.0,0.0,3.0477026,2.4009311,2.6656942,0.0,0.0,0.0,0.0,0.0,0.98291737,1.7945427,0.0,0.0,0.98291737,0.0,0.98291737,0.0,3.2613072,0.98291737,0.0,0.0,0.0,1.4689065,0.0,0.0,1.7945427,0.0,0.0,0.0,0.0,0.0,0.0,0.0,0.0,2.0397859,0.0,0.0,3.0477026,0.0,0.0,T_cell
4.020779,3.2983825,3.9225824,2.8118873,3.3903286,3.813682,2.6415122,2.1770952,4.3385916,1.2828437,3.0844324,3.3903286,1.2828437,4.9167485,3.0844324,2.9574163,0.0,2.1770952,0.0,1.8267668,0.0,0.0,1.8267668,2.4360251,2.4360251,0.0,2.4360251,0.0,2.9574163,3.0844324,1.2828437,0.0,3.0844324,2.1770952,2.1770952,0.0,2.8118873,0.0,1.8267668,0.0,1.8267668,1.8267668,1.8267668,1.2828437,3.6242435,1.2828437,1.8267668,1.2828437,0.0,2.1770952,Monocyte
3.4511285,3.63373,2.8818593,3.2275648,2.3491516,2.4449213,3.268471,3.3077693,2.9933972,2.4449213,3.605519,3.9424024,0.0,4.9490733,1.1333126,2.4449213,1.83495,2.1247432,3.2275648,2.6126819,0.0,0.0,1.4252487,1.9903077,2.1247432,0.0,2.5323153,0.0,3.5764892,2.1247432,2.7563004,2.4449213,3.5764892,2.8818593,1.4252487,0.0,0.71928465,2.6126819,1.6509361,1.6509361,1.9903077,1.1333126,2.3491516,2.1247432,2.687067,2.1247432,1.4252487,1.1333126,2.3491516,2.687067,Monocyte
3.4050202,3.190144,1.9202965,3.3383965,2.370708,3.190144,3.016022,1.5855523,2.9160905,2.6801276,4.38926,3.6843662,0.0,5.0761824,1.0787475,2.6801276,1.5855523,3.190144,3.3383965,3.5262692,0.0,0.0,1.0787475,1.9202965,2.1706495,0.0,3.016022,0.0,3.016022,2.537338,2.6801276,3.016022,4.175199,2.370708,1.5855523,0.0,1.9202965,2.8050528,2.370708,1.9202965,2.1706495,2.1706495,2.9160905,1.0787475,3.7319598,1.0787475,1.9202965,2.370708,2.1706495,1.5855523,Monocyte
0.0,0.0,0.0,0.0,0.0,1.0986123,0.0,0.0,0.0,0.0,2.5649493,1.9459101,3.4339871,2.3978953,1.0986123,0.0,0.0,1.9459101,0.0,1.0986123,3.218876,1.0986123,0.0,0.0,0.0,2.7080503,1.0986123,0.0,1.0986123,0.0,1.0986123,0.0,2.3978953,0.0,0.0,2.1972246,0.0,1.609438,0.0,0.0,0.0,0.0,1.0986123,1.609438,1.9459101,1.9459101,0.0,2.5649493,1.0986123,0.0,T_cell
2.1271577,3.636399,0.0,3.636399,2.1271577,3.636399,2.758868,3.1429856,2.1271577,2.758868,5.0974345,4.2124066,0.0,5.7646027,0.0,3.1429856,3.636399,2.758868,4.2124066,3.636399,0.0,0.0,2.1271577,0.0,0.0,0.0,0.0,0.0,3.4198205,3.1429856,3.965315,2.758868,4.8414016,2.1271577,0.0,0.0,0.0,0.0,3.1429856,2.1271577,2.758868,0.0,3.4198205,0.0,2.1271577,2.758868,0.0,0.0,2.758868,2.758868,Monocyte
0.0,1.0453303,1.0453303,0.0,0.0,0.0,1.0453303,0.0,2.1255317,0.0,3.7709148,2.3245118,3.418035,2.4903939,1.0453303,0.0,0.0,3.1412191,0.0,2.4903939,2.6326342,0.0,0.0,1.0453303,1.5451502,3.217931,1.8768682,3.3556793,0.0,0.0,0.0,0.0,2.3245118,0.0,0.0,0.0,0.0,0.0,0.0,0.0,0.0,1.0453303,1.0453303,2.1255317,2.3245118,2.3245118,0.0,0.0,0.0,0.0,T_cell
2.9680753,3.356258,1.7251941,2.8418603,1.7251941,2.9680753,2.3250527,3.694257,1.1959825,3.272411,4.345422,2.6973822,1.1959825,4.673885,1.1959825,2.528447,2.8418603,2.8418603,4.345422,2.8418603,0.0,1.1959825,2.528447,0.0,2.0694437,0.0,2.0694437,0.0,2.3250527,2.528447,3.1808853,2.3250527,4.031819,2.528447,1.7251941,0.0,1.1959825,2.6973822,2.528447,1.7251941,2.0694437,2.6973822,3.5054154,0.0,3.1808853,2.528447,2.528447,0.0,3.272411,2.0694437,Monocyte
0.0,0.0,0.94413877,0.0,0.0,0.0,0.0,0.0,1.4209849,0.0,0.94413877,0.0,2.9056206,3.6142573,0.0,0.0,0.0,0.0,0.0,0.0,2.3440716,0.0,0.0,1.7425334,0.0,1.9854597,0.0,2.3440716,2.1807556,0.0,0.0,0.0,0.94413877,1.4209849,0.0,0.0,0.0,1.4209849,0.0,0.0,0.0,0.94413877,0.94413877,1.7425334,0.94413877,0.0,0.0,3.263068,0.0,0.94413877,T_cell
0.0,0.0,0.0,0.0,0.0,0.0,0.0,0.0,1.5264164,0.0,2.3029993,2.610496,3.1950243,2.1045382,0.0,0.0,0.0,0.0,0.0,0.0,1.5264164,0.0,0.0,0.0,0.0,2.3029993,1.0299152,3.1183896,3.5614932,0.0,1.0299152,0.0,2.1045382,0.0,0.0,1.0299152,0.0,0.0,0.0,0.0,0.0,1.0299152,0.0,2.610496,2.610496,1.5264164,0.0,1.8566862,2.1045382,1.5264164,T_cell
3.4176784,3.584338,3.8256443,3.650339,3.567134,3.3336432,3.3765433,1.876556,3.6817746,1.0450912,2.9982855,3.584338,0.4790579,4.7790737,3.8520913,3.1408665,3.217577,1.4043217,0.0,3.1139305,0.4790579,0.4790579,2.587091,2.8674965,2.0489924,0.0,3.217577,0.0,3.6342425,1.4043217,0.4790579,0.0,2.9350278,0.8016003,1.876556,0.0,0.8016003,0.8016003,1.9664865,2.7950726,0.4790579,0.4790579,2.7567935,0.4790579,2.5397499,0.8016003,1.6680593,2.125207,1.6680593,1.876556,Monocyte
2.5167015,3.097771,1.7716298,3.0214837,0.0,1.7716298,2.7499142,3.4629002,2.3759153,3.7680845,3.971384,3.4629002,0.0,4.5050683,2.0158677,2.5167015,1.7716298,2.640091,2.8488607,2.0158677,0.0,0.0,2.7499142,1.4477702,2.3759153,0.0,2.7499142,0.0,2.212009,2.212009,1.7716298,2.212009,3.971384,2.0158677,2.0158677,0.0,1.4477702,2.0158677,1.4477702,0.96577007,2.212009,1.7716298,3.2969086,1.7716298,3.1686487,2.640091,2.0158677,2.212009,1.7716298,2.3759153,Monocyte
4.10974,3.50467,4.5181365,3.0793974,4.5830407,3.242085,3.2115963,2.161418,4.5012302,1.8529189,3.4573815,3.7492826,0.0,5.1314797,4.0034,2.3243594,1.7245624,2.6966653,0.0,2.4644334,0.5700436,0.0,2.4644334,3.6545174,2.4644334,0.0,2.8850005,0.0,2.396847,1.9666582,1.8529189,1.4044724,3.2716718,1.4044724,1.5772703,0.0,0.0,0.5700436,2.068772,1.7245624,2.161418,2.6434655,1.1954464,0.0,2.246204,1.7245624,1.8529189,0.5700436,0.5700436,1.9666582,Monocyte
2.8609133,3.6749697,3.7203367,3.2108762,2.6258142,2.7502568,3.5250351,0.0,3.9907253,2.8609133,3.4696076,5.1432257,1.0405704,4.8026667,2.4836547,2.3178833,1.8706467,2.6258142,1.0405704,2.4836547,0.0,0.0,1.5393722,2.8609133,2.8609133,0.0,2.8609133,0.0,3.6749697,2.9605358,1.0405704,1.0405704,2.3178833,2.9605358,2.3178833,0.0,1.5393722,1.5393722,1.8706467,1.8706467,2.3178833,1.5393722,2.4836547,2.9605358,2.8609133,0.0,2.3178833,2.4836547,1.8706467,1.5393722,Monocyte
0.0,1.140285,0.0,0.0,0.0,1.9991772,0.0,0.0,1.140285,0.0,1.9991772,2.252411,2.6221988,3.4271002,0.0,1.140285,0.0,0.0,0.0,0.0,1.9991772,0.0,0.0,0.0,0.0,1.140285,0.0,3.0031514,1.140285,0.0,0.0,0.0,1.140285,0.0,0.0,0.0,0.0,0.0,0.0,0.0,0.0,0.0,1.140285,0.0,0.0,1.6592407,0.0,1.9991772,0.0,1.6592407,T_cell
2.7919092,3.7430117,3.3765137,3.3354385,3.0456436,3.0456436,2.9879875,2.8616285,3.100156,3.3765137,3.624702,4.452085,0.0,5.1931467,2.451066,1.7424686,2.8616285,2.2240822,2.451066,2.7919092,0.0,0.0,1.7424686,2.0877988,2.7919092,0.0,3.1518497,0.0,2.6359396,0.0,2.0877988,2.0877988,3.5598474,0.0,1.7424686,0.0,0.0,2.451066,2.0877988,2.2240822,2.3440006,2.2240822,2.0877988,0.0,0.0,1.7424686,2.2240822,0.0,1.2106642,2.2240822,Monocyte
0.0,0.892461,0.0,0.0,0.0,0.0,0.892461,0.0,0.0,0.0,0.892461,2.266624,3.180471,3.0528598,0.0,0.892461,0.0,0.892461,0.0,0.892461,2.982378,0.0,0.0,0.0,0.0,0.0,0.0,2.735101,0.0,0.0,0.0,0.0,0.892461,0.0,0.0,0.0,0.0,0.0,0.0,0.0,0.0,0.0,0.0,0.892461,2.4058552,0.0,0.0,1.9116913,0.892461,0.0,T_cell
1.0835103,1.0835103,0.0,0.0,0.0,0.0,0.0,0.0,1.0835103,0.0,1.926451,1.5912879,0.0,3.1137543,0.0,0.0,0.0,0.0,0.0,1.0835103,0.0,3.6913934,0.0,1.0835103,0.0,2.811826,0.0,3.197056,1.0835103,0.0,0.0,0.0,2.3772445,0.0,0.0,0.0,0.0,0.0,1.0835103,0.0,0.0,0.0,2.1770375,0.0,1.0835103,0.0,0.0,1.0835103,0.0,0.0,T_cell
3.6318223,3.6318223,2.964799,3.3118844,2.5252688,3.3118844,3.4302726,3.1775749,3.3529243,1.722356,3.7191634,3.8496585,0.0,5.1556807,2.0664263,2.7689903,1.722356,2.7689903,2.0664263,1.9091167,0.7652005,0.0,2.5252688,0.7652005,0.7652005,0.0,3.269088,0.0,3.1775749,2.0664263,0.7652005,1.9091167,3.269088,2.0664263,2.20232,0.0,2.964799,2.5252688,2.7689903,2.5252688,1.4925165,2.428762,2.6941612,0.0,2.964799,2.20232,0.7652005,1.722356,0.7652005,2.7689903,Monocyte
0.0,0.0,0.0,0.0,0.0,0.0,1.1195768,0.0,1.1195768,0.0,3.2489274,2.2250807,3.4642775,2.5938616,0.0,1.1195768,0.0,1.1195768,0.0,1.6345432,3.3975174,0.0,0.0,0.0,0.0,2.4263756,0.0,1.6345432,3.074339,0.0,0.0,0.0,2.2250807,0.0,0.0,2.9741008,0.0,0.0,1.1195768,0.0,0.0,0.0,1.6345432,1.6345432,2.5938616,0.0,0.0,2.8626842,0.0,0.0,T_cell
0.0,0.0,0.0,0.0,0.0,0.0,0.0,0.0,0.0,0.0,1.9150145,0.0,2.531637,0.0,0.0,0.0,0.0,0.0,0.0,0.0,1.9150145,0.0,0.0,0.0,1.9150145,1.9150145,0.0,1.9150145,3.856432,0.0,0.0,0.0,0.0,0.0,0.0,0.0,0.0,0.0,0.0,0.0,0.0,0.0,0.0,1.9150145,0.0,0.0,0.0,0.0,0.0,0.0,T_cell
3.8424928,3.5672274,4.0581117,3.1222973,3.9196482,2.8161678,2.8161678,2.5627599,4.1328325,2.1379733,3.3820987,3.8098829,0.5585998,4.556779,3.1222973,2.6188393,2.3004503,2.722363,0.91486806,2.722363,0.0,0.0,2.67194,3.1222973,2.5033476,0.0,2.9421916,0.0,2.901923,2.2225082,2.67194,1.3845158,2.8599644,2.6188393,1.8305892,0.0,2.722363,1.9438772,2.045627,1.7028075,2.6188393,2.045627,2.3727543,0.0,2.9421916,1.8305892,2.1379733,1.5562723,2.1379733,2.2225082,Monocyte
2.9386735,3.7698343,3.2379766,3.1204798,2.9386735,2.7766998,3.0337026,2.143936,3.496964,1.5616077,3.7478852,4.1892266,0.6635225,4.874766,2.8336563,2.7163024,2.7163024,2.3433619,2.3433619,3.1611989,0.0,0.0,2.7163024,2.248612,2.248612,0.0,3.0780323,0.0,3.4680283,1.7418859,0.0,2.5833223,3.4680283,1.5616077,2.143936,0.0,2.3433619,2.7163024,2.887543,2.143936,1.3415215,0.6635225,2.7766998,1.0589144,2.9386735,2.652021,2.0270076,1.0589144,1.3415215,2.0270076,Monocyte
0.0,1.3376745,0.8775858,0.0,0.8775858,0.0,0.8775858,0.0,0.8775858,0.0,3.2692478,2.8826215,3.2143242,1.3376745,0.0,0.0,0.0,0.0,0.0,1.8901476,2.9583483,0.0,0.0,0.0,0.0,0.8775858,1.3376745,1.3376745,2.7114353,0.0,0.8775858,0.0,2.243951,0.0,0.0,2.0826154,0.0,0.0,0.8775858,0.0,0.0,0.8775858,1.3376745,0.0,2.9583483,3.0945044,0.0,2.3828375,0.8775858,0.0,T_cell
3.697261,3.7885714,3.0097675,3.5535614,3.1513638,2.7002554,3.0830698,3.0097675,3.183838,2.888635,3.6582673,3.575398,0.0,4.9676714,2.888635,1.8561654,2.4679558,1.8561654,2.2496464,2.8447614,0.0,0.0,2.4679558,2.1648247,2.531282,0.0,2.9709978,0.0,2.7002554,1.5803256,1.1981324,3.411467,3.5535614,1.1981324,1.9699697,0.0,0.0,2.0721357,2.4003465,1.7277265,1.8561654,2.531282,2.4003465,0.5717179,2.5908358,2.3278325,2.3278325,0.5717179,1.407378,2.0721357,Monocyte
0.0,0.64984715,0.0,0.0,0.0,0.64984715,0.0,0.0,0.64984715,0.0,0.0,1.8704919,3.134013,1.8704919,0.0,0.0,0.0,0.0,0.0,0.64984715,2.1189008,0.0,0.0,0.0,0.64984715,1.5392283,1.040452,1.5392283,0.64984715,0.0,0.0,0.0,1.040452,0.0,0.0,0.0,0.0,0.0,0.0,0.0,0.0,0.0,1.040452,0.64984715,2.2232423,1.7185147,0.0,2.317718,0.64984715,0.64984715,T_cell
3.6024425,3.883287,2.9361875,2.9361875,2.9361875,2.9361875,3.2687628,2.9361875,2.66604,3.0121396,4.2182493,3.9711332,0.0,4.978373,2.5569103,2.2947478,2.2947478,3.0121396,2.7644236,2.66604,0.0,0.9110727,2.8539886,1.3797675,1.3797675,0.0,2.66604,0.0,3.5610673,3.0121396,3.1486607,2.2947478,3.852202,2.132383,2.4343956,0.0,1.6976258,2.132383,1.6976258,1.6976258,1.6976258,1.9384474,2.7644236,2.2947478,3.2687628,3.4255574,2.66604,2.2947478,2.132383,3.0827281,Monocyte
0.0,0.9958659,0.9958659,0.0,0.0,0.0,0.9958659,0.0,0.9958659,0.0,0.0,0.0,3.5593784,3.2148254,0.0,0.0,0.0,0.0,0.0,0.0,0.0,0.0,0.0,0.0,0.0,2.4196928,0.9958659,2.9845572,0.9958659,0.0,1.4848118,0.0,0.9958659,0.0,0.0,0.0,0.0,0.0,0.0,0.0,0.0,0.0,2.2550046,0.0,0.0,0.0,1.4848118,0.9958659,0.9958659,0.9958659,T_cell
0.0,1.0474877,0.0,0.0,0.0,0.0,0.0,0.0,1.8796854,0.0,2.9706612,2.3275123,1.5477672,3.3588886,1.0474877,0.0,0.0,0.0,0.0,2.3275123,2.7602534,3.685376,0.0,1.0474877,0.0,2.493444,1.8796854,1.5477672,2.493444,0.0,0.0,0.0,2.7602534,0.0,0.0,0.0,0.0,0.0,0.0,0.0,0.0,0.0,1.5477672,1.8796854,2.7602534,2.635721,0.0,3.7307549,0.0,1.0474877,T_cell
3.1943338,4.039281,3.394257,2.4678617,3.1177015,2.8446646,3.5083036,2.9441926,3.658167,2.4678617,3.903736,4.6744385,1.0294523,4.5106025,1.0294523,2.103906,1.0294523,1.5258528,0.0,2.8446646,0.0,0.0,2.9441926,1.8560786,2.103906,0.0,2.3023512,0.0,3.1943338,2.609829,3.1943338,2.8446646,3.394257,2.103906,1.5258528,0.0,2.609829,2.3023512,2.103906,2.103906,1.5258528,2.7341244,1.8560786,3.7884707,3.7468946,3.4529054,1.8560786,2.103906,2.103906,1.8560786,Monocyte
3.3499167,3.534851,3.0569885,3.1228411,2.7391531,2.409798,3.184624,3.0569885,2.9864914,3.0569885,3.6540828,3.944656,0.89502114,4.9718347,2.1086285,2.6409473,2.1086285,2.9864914,1.3596358,2.1086285,0.0,0.0,2.1086285,2.2705085,2.5320368,0.0,2.6409473,0.0,3.399454,2.1086285,2.2705085,1.9153847,3.534851,2.2705085,1.9153847,0.0,0.0,2.5320368,1.3596358,2.2705085,2.6409473,1.6756305,3.297797,1.6756305,2.409798,2.8285708,2.7391531,2.1086285,1.6756305,2.1086285,Monocyte
0.0,1.1227839,0.0,1.6383746,0.0,0.0,0.0,0.0,0.0,0.0,2.741729,2.741729,0.0,3.2535005,1.6383746,0.0,0.0,0.0,0.0,1.1227839,0.0,3.6986952,0.0,1.6383746,0.0,2.4307137,1.1227839,2.9786158,1.1227839,0.0,0.0,0.0,2.4307137,0.0,0.0,0.0,0.0,1.1227839,0.0,0.0,0.0,0.0,2.4307137,0.0,0.0,1.6383746,1.1227839,2.9786158,0.0,1.1227839,T_cell
3.4561348,3.6843486,3.9938521,3.3024952,4.042557,3.0378802,3.268717,2.544435,4.376274,2.1068344,3.851027,3.9938521,0.6433115,5.0573883,3.3351696,3.1208887,2.8478057,2.4709141,0.0,3.0378802,0.0,0.0,1.7072644,3.3351696,2.544435,0.0,3.7501507,0.0,3.9938521,1.0315971,1.0315971,2.3915558,3.706767,1.5284635,1.9905285,0.0,2.1068344,1.8588929,2.6129189,1.8588929,1.0315971,2.8478057,2.1068344,1.3105775,2.6129189,1.5284635,1.3105775,1.5284635,1.0315971,1.0315971,Monocyte
2.959148,3.5807683,2.0344222,2.8690107,1.4641614,3.5807683,3.041828,3.118191,2.3953235,3.4312491,3.8258736,3.4836125,0.0,5.26676,0.0,2.2310665,2.8690107,2.7699363,3.1891341,2.3953235,0.0,0.0,2.5363681,0.97906184,2.3953235,0.0,2.6599562,0.0,2.959148,2.7699363,2.3953235,2.0344222,4.051899,2.8690107,2.2310665,0.0,2.0344222,2.8690107,2.5363681,2.0344222,1.4641614,2.5363681,3.3175013,2.2310665,3.1891341,1.4641614,2.3953235,1.4641614,2.5363681,2.0344222,Monocyte
0.0,0.0,0.0,0.0,0.0,2.0917711,0.8837054,0.0,0.8837054,0.0,2.8924913,2.7211964,2.8924913,3.4731052,0.0,1.345394,0.0,0.0,0.0,0.8837054,2.0917711,3.1044855,0.8837054,0.0,0.8837054,2.0917711,1.6600453,1.345394,2.514368,0.0,0.8837054,0.0,2.3923295,0.0,0.0,2.7211964,0.0,1.345394,0.0,0.0,0.0,0.0,1.6600453,1.8990278,2.7211964,1.345394,1.345394,1.6600453,0.0,0.0,T_cell
0.0,0.0,0.0,0.0,0.0,1.7307138,0.9353979,0.0,0.0,0.0,1.9730957,1.4101219,3.4149792,3.307614,0.0,0.9353979,0.0,0.0,0.0,0.9353979,2.3311107,0.0,0.0,0.0,0.0,2.1680403,0.9353979,1.9730957,1.7307138,0.0,1.4101219,0.0,1.9730957,0.0,0.0,2.1680403,0.0,0.0,0.9353979,0.0,0.0,0.0,0.9353979,0.9353979,1.4101219,1.4101219,0.0,1.7307138,0.0,0.9353979,T_cell
0.0,0.9189691,0.0,0.0,0.0,0.0,0.0,0.0,1.3896412,0.0,1.7083986,3.485563,1.3896412,3.223158,0.9189691,0.0,0.0,0.0,0.0,2.1440024,2.1440024,2.569067,0.0,0.9189691,0.0,2.7767706,0.0,3.1612709,3.0246677,0.0,0.0,0.0,1.9497342,1.7083986,0.0,0.0,0.0,0.0,0.0,0.0,0.0,0.0,2.44642,1.9497342,2.44642,2.1440024,0.0,3.223158,0.0,1.3896412,T_cell
0.0,0.0,0.0,0.0,0.0,0.0,0.0,0.0,1.260133,0.0,0.81666714,1.5662873,2.612233,2.407266,0.81666714,0.81666714,0.0,0.0,0.0,0.0,1.9898895,0.0,0.0,0.0,0.0,2.407266,1.5662873,2.1491625,0.0,0.0,1.260133,0.0,1.5662873,0.0,0.0,2.1491625,0.81666714,0.0,0.81666714,0.0,0.0,0.0,0.0,0.81666714,0.81666714,0.0,0.81666714,2.7008507,0.0,1.260133,T_cell
0.0,0.0,0.0,0.0,0.0,0.0,0.0,0.0,1.8510853,0.0,3.1120434,1.0256504,3.1120434,2.728589,0.0,1.0256504,0.0,0.0,0.0,1.5212224,3.1120434,2.297024,0.0,1.0256504,1.0256504,2.297024,1.8510853,2.6043446,2.4624438,0.0,0.0,0.0,1.8510853,0.0,0.0,1.0256504,0.0,0.0,0.0,0.0,0.0,0.0,2.098709,1.0256504,2.297024,2.297024,0.0,1.0256504,1.0256504,0.0,T_cell
0.0,0.7452316,0.0,0.0,0.0,0.0,0.0,0.0,1.1674724,0.0,1.6915188,0.7452316,2.033604,2.4906645,0.0,0.0,0.0,0.0,0.0,0.0,1.6915188,0.0,0.7452316,0.0,0.0,0.7452316,2.2880232,2.1688828,1.4634378,0.0,0.7452316,0.0,1.4634378,0.7452316,0.0,1.1674724,0.0,0.7452316,0.0,0.0,0.0,0.0,1.4634378,2.1688828,1.6915188,1.1674724,0.0,2.394468,0.0,0.7452316,T_cell
3.9272614,3.040089,3.315741,2.8672879,2.9574163,2.6582575,3.040089,2.8672879,3.315741,2.2294364,3.429482,3.187383,0.9779219,4.5769525,2.9574163,2.8672879,2.0328345,2.3936636,1.7878811,2.8672879,0.0,0.0,2.2294364,2.3936636,2.5346863,0.0,2.6582575,0.0,1.4627576,1.4627576,2.5346863,1.4627576,3.315741,0.0,1.4627576,0.0,0.0,1.4627576,1.4627576,1.7878811,2.8672879,1.4627576,2.5346863,1.4627576,1.4627576,1.4627576,2.2294364,0.9779219,1.4627576,2.9574163,Monocyte
3.4286196,2.9457402,3.0392401,3.15169,3.2997105,3.8631625,2.8425875,1.4128666,3.4873347,0.8078523,3.1247406,2.977888,0.0,5.796588,3.2765124,3.7673419,3.0090346,1.787139,0.0,2.977888,0.48337796,0.0,1.4128666,2.977888,2.2060802,0.0,3.595336,0.0,3.2284367,1.4128666,0.0,0.48337796,1.5537679,1.5537679,1.5537679,0.0,0.0,1.787139,2.5004327,2.2722905,0.0,1.0524385,3.15169,2.0588522,2.9125242,0.0,1.4128666,2.0588522,1.787139,2.0588522,Monocyte
3.7027566,3.0540164,3.7631516,2.971284,3.3883526,3.6384785,3.545794,1.9303265,4.3622646,1.4740121,2.7284122,4.049915,0.0,4.3071165,2.9272008,2.3281047,1.9303265,1.4740121,0.6106782,2.611921,0.6106782,1.4740121,2.148865,2.671862,2.9272008,0.0,2.8810844,0.0,2.9272008,0.9870697,2.148865,0.6106782,2.832738,0.9870697,2.4069595,0.9870697,2.9272008,1.9303265,1.4740121,1.6502727,1.4740121,2.2424953,2.4069595,1.6502727,2.832738,2.0455537,2.0455537,2.671862,0.9870697,2.4800482,Monocyte
3.0354972,3.8549535,3.6321094,3.2021327,3.1630042,3.0798306,2.9891067,2.9891067,3.4400551,1.743441,3.580895,3.377652,0.0,4.8621497,2.5112853,2.2502983,2.2502983,2.5112853,2.1456003,2.940459,0.0,0.0,2.4316254,2.345066,1.743441,0.0,2.2502983,0.0,3.1630042,2.1456003,1.3429141,2.4316254,3.580895,2.7784677,1.743441,0.0,0.0,1.3429141,1.743441,1.5630976,2.0286448,2.1456003,2.7784677,1.743441,2.7180629,0.6644371,2.2502983,1.5630976,1.743441,2.345066,Monocyte
0.0,0.87147486,0.0,0.0,0.0,0.0,0.0,0.0,0.87147486,0.0,2.7016523,3.614998,1.881255,1.881255,0.87147486,0.0,0.0,0.0,0.0,1.3299536,2.7016523,3.3606765,0.0,1.3299536,0.87147486,2.8727283,0.87147486,1.6431243,1.881255,0.0,0.87147486,0.0,1.6431243,0.87147486,0.0,2.0734446,0.0,0.0,0.87147486,0.0,0.0,0.0,1.3299536,0.0,2.0734446,2.3733265,0.0,2.4951432,0.0,0.87147486,T_cell
0.7999772,1.2386584,0.7999772,0.0,0.0,0.0,0.7999772,0.0,1.5425438,0.0,2.964363,2.3799093,2.5843675,2.4873548,0.7999772,0.0,0.0,1.7752846,0.0,2.2595139,1.7752846,2.1226137,0.0,0.7999772,0.0,1.5425438,0.7999772,0.7999772,3.0256717,0.0,1.2386584,0.0,1.7752846,1.9639536,0.0,0.0,0.0,0.0,1.2386584,0.0,0.0,0.0,1.9639536,0.7999772,1.2386584,1.9639536,0.7999772,1.7752846,0.0,1.2386584,T_cell
1.1084414,1.1084414,0.0,0.0,2.2103086,0.0,0.0,0.0,0.0,0.0,4.125342,2.5785332,0.0,2.5785332,1.1084414,0.0,0.0,2.5785332,0.0,1.6212212,0.0,3.8645446,0.0,1.1084414,0.0,2.7217839,1.1084414,2.5785332,1.9585298,0.0,0.0,0.0,3.149567,0.0,0.0,0.0,0.0,0.0,0.0,0.0,0.0,0.0,1.1084414,0.0,0.0,1.9585298,1.1084414,1.6212212,0.0,1.1084414,T_cell
3.4519339,3.7187374,2.62958,3.5942073,1.7622411,3.1578043,2.506297,3.3996253,2.506297,3.3444288,4.0482526,3.2239587,0.0,5.199332,0.9587726,2.8381968,3.0107152,2.62958,2.9281716,3.2239587,0.0,0.0,2.2019317,1.4391205,0.9587726,0.0,3.0107152,0.0,2.7393186,2.3656497,2.3656497,1.7622411,3.6789258,2.7393186,2.0060601,0.0,0.0,2.62958,2.62958,1.7622411,2.506297,1.4391205,2.506297,0.9587726,2.2019317,2.0060601,2.2019317,0.9587726,3.3444288,2.62958,Monocyte
0.0,0.8978554,0.0,0.0,0.54648244,0.0,0.54648244,0.0,0.8978554,0.0,1.6795238,0.8978554,3.0950272,2.2748032,1.157353,0.0,0.0,0.0,0.0,1.9194688,2.6453946,0.0,0.54648244,1.5338162,0.54648244,2.743632,1.3631966,2.3469052,2.4141567,0.0,0.0,0.0,2.4141567,0.8978554,0.0,0.0,0.54648244,0.54648244,0.54648244,0.0,0.0,0.0,1.5338162,0.8978554,2.2748032,2.5924027,0.0,2.743632,0.0,0.0,T_cell
0.0,0.651162,0.651162,0.0,0.0,0.651162,0.651162,0.0,1.8728182,0.0,2.4860075,2.5596263,2.8095267,2.7526596,0.0,0.0,0.0,0.651162,0.0,1.7207718,1.5413886,1.3226365,0.0,0.0,1.042231,2.0047686,1.042231,2.2256947,2.2256947,0.651162,0.651162,0.0,1.3226365,0.651162,0.0,1.042231,0.0,1.042231,0.651162,0.0,0.0,0.0,0.0,2.4860075,2.7526596,1.3226365,0.0,3.0535717,0.651162,0.651162,T_cell
0.0,0.0,0.0,0.0,0.0,0.0,0.0,0.0,0.0,0.0,1.7053211,1.9465104,2.6748006,2.5655959,0.916711,0.0,0.0,0.0,0.0,1.3868196,1.7053211,0.0,0.0,0.0,0.0,2.1406841,0.916711,2.5655959,0.0,0.0,0.0,0.0,2.1406841,0.0,0.0,0.0,0.0,0.0,0.916711,0.0,0.0,0.0,0.0,0.0,2.1406841,0.916711,0.0,2.5655959,0.0,0.0,T_cell
0.0,0.0,0.0,0.0,0.0,1.4021002,0.0,0.0,0.9289553,0.0,2.1586354,1.4021002,2.6937325,3.2390628,0.0,0.0,0.0,0.0,0.0,1.4021002,3.2390628,0.0,0.0,0.0,0.0,2.461556,0.9289553,2.5843675,2.5843675,0.0,0.0,0.0,1.9639536,1.9639536,0.0,0.9289553,0.0,0.9289553,0.0,0.0,0.0,0.0,0.9289553,2.964363,2.461556,1.9639536,0.0,2.7923071,0.0,0.0,T_cell
0.0,0.0,0.0,0.0,0.0,1.4878559,0.0,0.0,0.0,0.0,1.4878559,0.0,2.6885526,3.347119,0.0,0.0,0.0,0.0,0.0,0.9983484,1.4878559,0.0,0.0,0.9983484,0.0,1.8150507,0.9983484,1.4878559,1.8150507,0.0,1.8150507,0.0,1.8150507,0.0,0.0,2.2585266,0.0,1.4878559,0.9983484,0.0,0.0,0.0,0.9983484,0.0,0.9983484,1.4878559,0.0,0.9983484,0.9983484,0.9983484,T_cell
0.0,1.027951,1.027951,0.0,2.3002484,0.0,0.0,0.0,3.0324814,0.0,3.1920931,3.0324814,1.027951,2.6076643,2.1018546,1.027951,0.0,0.0,0.0,0.0,0.0,4.262933,0.0,2.3002484,0.0,3.7861872,2.1018546,2.842464,1.8541076,0.0,0.0,0.0,2.3002484,0.0,0.0,0.0,0.0,1.027951,1.027951,0.0,0.0,0.0,1.8541076,1.027951,0.0,2.4657233,0.0,0.0,1.027951,0.0,T_cell
3.5806067,4.02241,2.9149373,2.9149373,2.1374235,3.0416698,3.5806067,3.8257113,3.0416698,2.3951724,4.02241,4.3277774,0.0,5.18161,0.0,2.1374235,1.7892638,2.7697806,1.7892638,2.5999165,0.0,0.0,2.9149373,1.2506243,3.1541326,0.0,2.9149373,0.0,3.0416698,1.7892638,2.5999165,1.2506243,3.7698345,0.0,2.1374235,0.0,1.2506243,2.3951724,1.2506243,1.7892638,2.7697806,2.3951724,2.9149373,0.0,2.5999165,2.3951724,1.7892638,0.0,2.3951724,2.1374235,Monocyte
3.275372,3.9296272,3.1526804,3.418564,3.1081934,2.6557453,3.0616348,3.3131378,3.275372,2.0951743,3.9296272,3.8017454,0.0,4.796934,2.7894359,2.414236,2.414236,2.414236,2.5013826,2.7894359,0.0,0.0,2.5815396,2.5013826,2.7894359,0.0,2.414236,0.0,3.0128021,2.0951743,2.414236,2.213205,3.3846421,1.1106216,1.9613243,0.0,1.9613243,1.6238319,2.5013826,2.0951743,2.213205,1.3997948,3.2361238,0.0,3.0616348,2.6557453,1.1106216,1.3997948,1.1106216,2.0951743,Monocyte
3.4057713,3.5825472,3.3040907,3.150116,2.0539644,3.6604488,3.3040907,2.2763703,3.4980602,1.0792602,3.8001142,3.8632538,1.7675103,5.5877085,3.230064,3.230064,3.10761,2.611999,0.0,2.7452667,0.0,0.0,1.0792602,3.0632167,1.7675103,0.0,3.4980602,0.0,3.8834445,2.1713376,0.6786683,0.0,3.150116,0.6786683,1.5861701,0.0,1.9209594,1.0792602,2.1713376,2.5380533,0.0,1.0792602,2.7452667,1.3644967,1.9209594,1.9209594,1.3644967,1.5861701,1.3644967,1.0792602,Monocyte
0.0,1.2976369,0.0,0.0,0.0,0.0,1.2976369,0.0,0.8460047,0.0,3.5339186,2.0349135,2.8310826,3.1618993,0.0,0.8460047,0.0,2.0349135,0.0,2.1952124,0.8460047,0.0,0.8460047,0.0,0.0,2.7494159,0.8460047,2.1952124,2.454666,0.0,0.0,0.0,2.0349135,0.0,0.0,2.5628598,0.0,0.8460047,0.0,0.0,0.0,0.0,0.0,1.8439205,0.0,1.8439205,0.0,1.607627,0.0,0.8460047,T_cell
3.4534829,3.670279,3.7632713,3.4534829,3.4534829,3.3244605,2.902426,3.1762905,4.16097,1.5740774,3.8483467,3.6203253,0.0,5.073866,2.7914808,2.1578567,2.1578567,1.0692327,1.5740774,3.0022824,0.0,0.0,2.524036,1.9079753,2.1578567,0.0,1.5740774,0.0,3.3244605,2.902426,1.0692327,1.5740774,3.5677445,3.0022824,2.1578567,0.0,2.6666727,2.7914808,2.524036,2.524036,1.9079753,1.9079753,2.902426,3.1762905,2.3576145,1.0692327,1.0692327,2.1578567,1.9079753,1.9079753,Monocyte
3.6463513,3.6163945,3.4514608,3.6163945,3.809384,3.16239,2.8236914,2.8887174,3.881908,2.4143186,3.5536463,3.253845,0.7567554,4.966684,3.0073123,1.8956312,2.6793897,2.307652,0.7567554,2.8236914,0.0,0.0,1.8956312,3.1133218,1.8956312,0.0,2.6793897,0.0,3.296616,1.8956312,0.7567554,1.7093554,3.5536463,2.7541413,1.7093554,0.7567554,2.5985959,1.7093554,1.8956312,2.307652,2.0525968,1.7093554,3.3376324,2.188234,2.8887174,2.8887174,1.7093554,2.4143186,1.4802512,2.510696,Monocyte
2.6908238,3.9745564,2.4844942,2.2242224,2.8617766,3.2480023,3.0077271,3.525924,3.2480023,2.4844942,3.6037006,4.1185946,0.0,4.780776,0.0,1.3214259,2.6908238,2.8617766,2.4844942,3.2480023,1.3214259,1.3214259,2.4844942,1.8714215,2.4844942,0.0,3.0077271,0.0,2.4844942,1.8714215,2.4844942,2.4844942,3.6758623,1.3214259,0.0,0.0,0.0,1.8714215,1.8714215,1.8714215,2.4844942,2.4844942,1.3214259,3.0077271,3.34947,2.8617766,0.0,0.0,2.8617766,1.3214259,Monocyte
3.4766202,3.9432855,3.9009683,2.895918,3.7946522,2.8557575,3.519727,2.573572,3.9570026,2.7245853,3.498406,4.3376236,0.0,5.168001,3.2278416,2.3285022,1.9021128,2.517702,0.8858352,2.517702,0.0,0.5379569,2.1790097,3.0421445,1.3480778,0.0,2.2565467,0.0,3.0075433,1.7896792,2.3285022,2.6264844,3.0421445,2.003173,2.517702,0.0,0.0,1.6629838,2.3956256,1.7896792,1.6629838,2.1790097,2.4585257,0.0,3.0075433,1.7896792,1.1434306,2.003173,0.5379569,2.517702,Monocyte
3.6366389,3.9655569,2.5893674,3.5695257,1.7797773,3.1432214,1.7797773,2.9041584,2.5893674,2.7590988,4.3802323,3.336017,0.0,5.4704614,1.7797773,3.1432214,2.9041584,1.2425014,2.5893674,3.336017,0.0,0.0,2.3848166,1.7797773,2.9041584,0.0,2.5893674,0.0,2.3848166,1.7797773,1.7797773,2.5893674,4.1754785,1.2425014,1.7797773,0.0,2.3848166,2.3848166,1.7797773,1.7797773,2.1273746,1.2425014,2.3848166,1.7797773,3.0308168,2.9041584,2.9041584,0.0,1.2425014,1.7797773,Monocyte
2.8349948,3.191168,3.356504,2.8349948,2.5383217,2.917101,2.8349948,2.917101,3.6607327,2.7455394,3.5828304,4.968531,0.0,4.5914683,2.4160125,0.8990636,2.5383217,1.9212081,0.8990636,1.6811823,0.0,0.0,2.6472883,2.2766318,2.5383217,0.0,2.917101,0.0,2.5383217,2.4160125,2.2766318,0.8990636,3.1293676,2.1146283,1.6811823,0.0,2.7455394,0.8990636,2.2766318,2.5383217,1.6811823,2.1146283,2.8349948,2.2766318,3.191168,2.1146283,0.0,2.1146283,0.8990636,0.8990636,Monocyte
3.343498,3.500706,2.7384162,3.1568806,2.3647757,3.2230322,3.009798,2.6286848,2.9272587,2.9272587,3.2230322,3.9895225,0.0,5.002863,1.7614421,2.201074,2.5054111,2.3647757,1.7614421,0.0,0.0,0.0,3.285078,2.201074,2.6286848,0.95817786,3.343498,0.0,2.5054111,0.0,2.201074,2.0052254,3.6365242,0.95817786,2.3647757,0.0,2.9272587,2.5054111,1.4383848,2.201074,2.5054111,1.7614421,2.9272587,1.4383848,2.6286848,2.201074,2.0052254,1.7614421,0.0,2.3647757,Monocyte
0.0,0.0,0.0,1.3907735,0.0,0.0,0.0,0.0,0.0,0.0,2.1453338,2.7781847,3.5753329,3.3901563,0.9198757,0.0,0.0,0.9198757,0.0,0.0,2.1453338,0.0,0.0,0.0,0.0,2.4477973,0.9198757,0.0,3.162715,0.9198757,0.0,0.0,1.3907735,0.0,0.0,1.3907735,0.0,0.9198757,0.9198757,0.0,0.0,0.0,0.9198757,0.9198757,0.9198757,0.0,0.0,2.3079576,0.0,1.3907735,T_cell
0.0,0.93662256,0.93662256,0.0,1.4116452,0.0,0.0,0.0,2.1698246,0.0,2.473125,2.7055235,1.732372,3.4169278,2.1698246,0.0,0.0,0.0,0.0,0.0,2.5960603,3.8615818,0.93662256,1.4116452,0.0,1.732372,0.93662256,0.0,1.9748306,0.0,0.0,0.0,1.732372,2.7055235,0.0,0.0,0.0,0.0,0.0,0.0,0.0,0.0,1.4116452,1.9748306,3.1892512,1.732372,0.0,2.7055235,0.0,0.0,T_cell
3.13833,3.9881828,3.6698635,3.13833,3.2583795,3.0724292,3.4623377,2.8438175,3.4151142,2.7543108,3.7421498,3.5074313,0.0,4.458052,1.9292121,1.9292121,2.1228728,2.546955,2.1228728,2.1228728,0.0,0.0,1.6888151,2.4245503,2.1228728,0.0,3.001877,0.0,2.925967,2.1228728,1.3716989,1.9292121,3.550579,1.9292121,2.7543108,0.0,0.9046314,1.6888151,1.9292121,1.9292121,2.2850447,1.9292121,2.2850447,2.546955,2.7543108,1.9292121,1.9292121,1.3716989,2.1228728,2.4245503,Monocyte
0.0,0.0,0.0,0.0,0.0,0.0,0.0,0.0,1.994958,0.0,1.994958,1.994958,1.6552898,2.4498398,0.0,0.0,0.0,1.1369667,0.0,0.0,1.994958,0.0,0.0,1.1369667,1.1369667,1.6552898,1.1369667,0.0,1.1369667,0.0,0.0,0.0,1.994958,0.0,0.0,1.1369667,0.0,1.6552898,0.0,0.0,0.0,0.0,1.1369667,1.1369667,1.1369667,0.0,0.0,1.1369667,0.0,1.1369667,T_cell
0.0,1.308373,0.0,0.0,0.0,0.0,0.0,0.0,0.0,0.0,0.0,2.9205217,3.2308571,2.46815,0.0,0.0,0.0,0.0,0.0,0.0,1.6194323,0.0,0.0,0.0,0.0,0.85444695,1.308373,2.3466518,2.0477407,0.0,0.85444695,0.0,0.85444695,1.6194323,0.0,1.308373,0.0,0.0,0.0,0.0,0.0,0.0,2.0477407,1.308373,2.0477407,0.85444695,0.0,1.8563445,0.85444695,0.0,T_cell
0.0,0.0,1.129968,0.0,1.129968,0.0,0.0,0.0,1.9860469,0.0,3.656357,3.2637227,1.129968,3.180182,1.129968,0.0,0.0,1.6469485,0.0,0.0,0.0,3.4791875,1.129968,1.9860469,0.0,3.089021,0.0,1.6469485,1.129968,0.0,0.0,0.0,0.0,0.0,0.0,3.180182,0.0,1.129968,1.129968,0.0,0.0,0.0,2.4404137,0.0,0.0,1.6469485,0.0,0.0,0.0,0.0,T_cell
3.6788943,3.6289291,3.972431,3.5208216,3.5208216,3.399594,3.4620438,3.1015067,3.8569987,2.6749003,3.5208216,3.896975,1.0750465,4.899174,2.7997804,2.6749003,2.3656206,1.0750465,1.915508,2.1656785,0.0,0.0,2.910782,2.5321698,2.910782,0.0,2.7997804,0.0,3.399594,1.0750465,2.3656206,2.3656206,3.6289291,0.0,2.7997804,0.0,0.0,2.3656206,2.1656785,2.7997804,1.0750465,2.3656206,2.5321698,0.0,0.0,1.0750465,2.1656785,1.0750465,1.0750465,2.6749003,Monocyte
0.0,0.0,0.0,0.0,0.0,0.0,0.0,0.0,0.75723624,0.0,2.7549891,1.7100972,3.008173,3.0625842,0.0,0.75723624,0.0,0.75723624,0.0,1.183183,2.511528,0.0,0.0,0.75723624,0.0,0.75723624,1.7100972,2.6802332,1.183183,0.75723624,1.183183,0.0,2.053386,0.0,0.0,0.0,0.0,0.75723624,0.0,0.0,0.0,0.0,1.183183,1.4809506,1.7100972,1.183183,0.0,1.183183,0.0,0.0,T_cell
3.0696275,3.412273,3.6670005,2.9990854,3.412273,2.4218729,3.8387613,2.120287,3.412273,2.2824063,3.6670005,4.985002,0.0,4.912191,2.7515602,2.120287,0.9028836,1.9267015,0.0,2.5442479,0.0,0.0,2.7515602,3.3627133,2.5442479,0.0,2.5442479,0.0,3.0696275,1.6864207,2.6532667,1.3695072,3.0696275,2.2824063,1.3695072,0.0,2.841051,2.120287,1.6864207,2.120287,0.9028836,2.120287,2.4218729,1.6864207,3.8387613,1.6864207,1.6864207,2.2824063,2.4218729,2.5442479,Monocyte
3.5899658,3.5686002,2.7442338,3.2686458,3.003119,2.461556,3.4298277,3.3253093,3.1771343,3.076397,3.971863,4.027974,0.56867826,4.725847,1.1932538,1.9639536,2.5248458,2.5248458,2.0660248,2.964363,0.0,0.0,1.5747755,1.4021002,1.7219784,0.0,2.5843675,0.0,2.0660248,2.9240441,2.2433918,1.8502673,3.6108847,0.56867826,2.3939884,0.0,0.9289553,2.2433918,2.5843675,0.56867826,1.9639536,2.7923071,2.5843675,0.9289553,2.2433918,2.2433918,1.8502673,0.0,2.838175,2.3939884,Monocyte
2.4638362,3.5040367,1.3049351,3.327712,0.0,2.8405218,3.327712,2.9862952,0.0,2.6698115,4.298117,3.7211468,1.8523684,4.927688,1.3049351,2.4638362,2.8405218,3.7211468,3.5040367,3.2263298,0.0,1.3049351,2.2041285,0.0,2.6698115,0.0,2.8405218,0.0,1.8523684,1.3049351,2.6698115,2.4638362,4.3339987,0.0,2.6698115,0.0,2.6698115,2.8405218,2.2041285,2.2041285,2.2041285,2.4638362,3.1134975,0.0,2.4638362,2.6698115,2.4638362,0.0,2.4638362,2.2041285,Monocyte
0.0,0.76649356,0.0,0.0,0.0,0.0,0.0,0.0,1.1952589,0.0,2.3241167,1.7243414,3.079141,2.615516,0.0,0.0,0.0,0.76649356,0.0,0.0,2.5274923,0.0,0.0,0.0,0.0,1.7243414,0.76649356,1.1952589,2.0685372,0.0,0.0,0.0,1.4943905,0.0,0.0,1.9111756,0.0,0.0,1.1952589,0.0,0.0,0.0,1.9111756,1.4943905,1.1952589,2.7712555,0.0,1.7243414,1.1952589,0.76649356,T_cell
4.3455596,3.6001244,4.324026,3.4726152,4.096931,3.5384007,3.489472,1.4554497,3.9179287,0.0,3.2228816,4.0785527,0.43679264,5.734554,4.096931,3.200818,3.200818,2.0245657,0.0,2.8263853,0.0,0.43679264,2.2786777,3.6997435,1.8683116,0.43679264,3.420271,0.0,3.5850468,1.3187314,1.7799594,1.3187314,2.3332593,1.9494874,2.0245657,0.0,0.739778,1.7799594,2.2786777,2.0245657,0.9719923,1.1603156,2.8263853,2.3332593,2.7239966,0.0,1.3187314,2.3850155,0.739778,2.2786777,Monocyte
3.755716,3.7043355,3.7303557,3.1565218,3.5929046,2.5478678,3.0094416,2.7028105,3.6776202,2.5478678,3.917231,3.8956943,0.72798,4.740703,2.5478678,2.139625,2.460352,2.5478678,1.4380989,3.109858,0.0,0.0,2.139625,2.460352,2.2583349,0.0,2.7028105,0.0,3.361875,2.004901,1.4380989,2.139625,3.2011049,0.72798,2.2583349,0.0,2.460352,1.4380989,2.7028105,2.2583349,2.3644361,1.6646025,2.9551802,1.4380989,3.3240402,3.2011049,2.460352,2.460352,1.6646025,2.9551802,Monocyte
0.0,0.0,0.0,0.0,0.839377,0.839377,0.839377,0.0,0.0,0.0,0.0,1.5983311,2.8955812,1.289191,0.839377,0.839377,0.0,0.0,0.0,0.0,2.0248034,0.0,0.0,0.839377,0.0,1.5983311,0.0,2.184876,0.0,0.0,0.0,0.0,0.839377,0.0,0.0,0.839377,0.0,0.0,0.0,0.0,0.0,0.0,0.0,0.0,1.5983311,0.0,0.0,2.9657338,0.0,0.839377,T_cell
2.818972,3.4818316,2.4429042,3.1382496,1.1318156,2.685009,2.347154,2.818972,2.1227987,3.091625,3.6857173,3.5743423,1.4235716,5.046287,0.7181524,2.1227987,1.6491516,2.4429042,2.9912994,2.347154,1.1318156,0.0,1.833094,1.6491516,1.1318156,0.0,2.5302823,0.0,1.9884009,1.1318156,1.4235716,1.6491516,3.4818316,1.9884009,2.5302823,0.0,0.0,2.5302823,1.833094,0.0,2.610635,1.833094,2.4429042,1.1318156,2.610635,1.9884009,1.9884009,0.7181524,2.1227987,2.1227987,Monocyte
3.850823,3.6660006,3.7440739,3.3868086,3.6660006,3.488782,3.0743086,2.61728,3.488782,2.7269187,3.6245525,2.61728,0.95061547,5.093166,3.581312,2.4941235,3.3868086,1.7512681,1.7512681,3.1451097,0.0,0.0,2.61728,3.3868086,3.3316374,0.0,2.9981103,0.0,2.3536403,0.0,2.61728,3.1451097,3.705799,0.0,1.9945923,0.0,0.0,2.190145,1.9945923,2.61728,2.190145,1.7512681,2.3536403,0.0,1.4290193,1.7512681,2.190145,0.0,0.0,2.7269187,Monocyte
0.0,0.0,0.0,0.0,0.0,0.0,0.0,0.0,2.2097666,0.0,3.0579545,1.6207329,2.2097666,2.5779707,0.0,0.0,0.0,0.0,0.0,2.2097666,1.9580071,3.7273295,0.0,1.1080337,0.0,2.7212152,0.0,2.8464885,1.6207329,0.0,1.1080337,0.0,2.2097666,0.0,0.0,0.0,0.0,0.0,1.1080337,0.0,0.0,0.0,1.9580071,1.1080337,2.7212152,1.6207329,0.0,0.0,0.0,1.1080337,T_cell
0.0,0.0,0.0,0.0,0.0,0.88362205,0.88362205,0.88362205,1.6599301,0.0,0.88362205,1.345289,2.8923573,2.8103738,0.0,0.0,0.0,0.0,0.0,0.88362205,2.3922005,0.0,0.0,0.0,0.0,1.345289,0.88362205,2.3922005,1.6599301,0.0,1.345289,0.0,0.88362205,0.0,0.0,0.0,0.0,0.88362205,0.0,0.0,0.0,0.0,0.0,0.0,1.6599301,0.88362205,0.0,1.6599301,0.0,0.0,T_cell
3.479213,3.3030388,3.089046,2.7348437,3.0275393,2.3192754,3.9527917,2.3192754,3.3950005,1.2863401,3.9776292,3.437993,1.5951916,4.636292,3.3500764,2.8918624,2.9620001,2.4404376,0.83714265,2.1813827,0.0,0.0,1.8308249,3.146988,2.8164318,0.0,3.518801,0.0,3.5935645,1.8308249,1.2863401,0.0,3.3950005,1.5951916,2.1813827,0.0,0.0,1.5951916,2.1813827,2.3192754,0.83714265,1.5951916,2.9620001,0.0,2.4404376,1.5951916,2.021387,2.1813827,0.0,2.8164318,Monocyte
3.8886907,3.3914208,3.149678,3.3914208,2.8302066,2.8302066,1.9987175,2.357961,3.8211591,3.149678,3.149678,4.1207604,1.9987175,4.973561,3.0026462,2.6217055,0.0,3.0026462,1.4326513,2.6217055,0.0,0.0,1.4326513,2.357961,1.4326513,0.0,3.2778368,0.0,2.8302066,0.0,2.357961,0.0,3.5859525,1.4326513,1.9987175,0.0,1.9987175,0.0,1.4326513,0.0,1.9987175,2.357961,0.0,1.4326513,3.149678,1.9987175,0.0,1.9987175,3.0026462,2.6217055,Monocyte
3.5290713,3.9125352,3.8622935,3.3309212,3.454454,3.5290713,3.7818553,3.0835547,3.414948,1.2387453,4.4635468,4.111798,0.80004466,5.0382833,3.0257883,2.9644792,2.7541502,2.3800204,0.80004466,3.0257883,0.0,0.0,2.3800204,3.373817,2.1227217,0.0,3.1381657,0.0,2.9644792,2.9644792,2.1227217,2.1227217,3.836193,1.964059,0.80004466,0.0,0.0,2.3800204,2.1227217,2.1227217,1.2387453,1.964059,1.7753863,0.0,3.454454,0.0,2.3800204,1.964059,1.7753863,2.7541502,Monocyte
3.3524806,3.8492084,1.8740621,2.7540352,1.0431824,3.0549717,2.8647187,2.964363,1.0431824,3.2859845,4.28622,3.9602528,1.0431824,5.1146417,1.0431824,1.0431824,2.8647187,3.3524806,3.4148295,2.6295586,0.0,0.0,2.1226137,1.0431824,2.1226137,0.0,2.4873545,0.0,2.6295586,1.5425436,1.5425436,0.0,3.9602528,2.8647187,1.8740621,0.0,0.0,3.2859845,1.0431824,2.1226137,1.5425436,2.1226137,1.5425436,1.8740621,2.8647187,2.4873545,2.3215222,0.0,2.3215222,2.1226137,Monocyte
0.0,1.9691074,2.7979333,0.9325851,2.8876884,0.0,0.9325851,0.0,2.5899088,0.0,3.4104981,4.253456,0.9325851,2.3269281,1.7269024,0.0,0.0,2.3269281,0.0,1.4066212,1.4066212,0.0,0.0,2.1639376,0.9325851,3.7520626,2.3269281,2.970047,2.1639376,0.9325851,0.0,0.0,2.6993206,0.0,0.0,1.7269024,0.0,0.9325851,0.9325851,0.0,0.0,0.0,0.9325851,0.0,0.0,0.0,0.9325851,0.9325851,0.0,0.9325851,T_cell
0.0,1.0833808,0.0,0.0,0.0,0.0,0.0,0.0,0.0,0.0,0.0,1.926284,2.5437973,3.1968684,1.5911322,0.0,0.0,1.0833808,0.0,2.377067,3.1135674,3.4118004,0.0,1.0833808,0.0,2.8116422,1.0833808,2.377067,2.6866608,0.0,0.0,0.0,1.0833808,0.0,0.0,0.0,0.0,0.0,0.0,0.0,0.0,0.0,1.0833808,2.176864,3.0226915,1.926284,0.0,1.926284,0.0,1.5911322,T_cell
3.4072099,3.5613902,3.4072099,3.0969799,2.713856,2.4906092,3.3018265,2.0848856,3.141444,2.0848856,3.9763942,3.897913,0.0,4.7335525,2.2027547,2.0848856,2.3081841,2.0848856,2.3081841,3.0504465,0.0,0.6962617,1.6144165,1.6144165,2.2027547,0.0,2.3081841,0.0,3.0504465,2.839068,2.950332,2.6448338,3.502539,0.0,1.6144165,0.0,0.0,1.1027628,2.0848856,1.6144165,2.2027547,2.2027547,2.4906092,2.7784204,3.4072099,2.0848856,2.0848856,0.6962617,2.2027547,2.0848856,Monocyte
3.4593112,3.7930832,3.152583,3.5833633,2.9547586,2.797131,3.0908897,2.9547586,3.5023947,2.8790474,3.5436983,3.21069,1.3348832,4.9386225,2.0793016,2.5012891,2.2405667,2.5012891,2.0793016,2.379401,0.0,0.0,2.6099215,2.379401,1.8869339,0.0,2.2405667,0.0,3.0908897,2.2405667,2.5012891,2.2405667,3.4593112,2.6099215,1.6485294,0.0,0.0,1.8869339,1.8869339,1.8869339,1.6485294,2.0793016,2.797131,1.3348832,3.0908897,1.8869339,2.379401,0.0,2.0793016,2.2405667,Monocyte
3.1073377,2.6258898,1.9015676,2.3950431,1.9015676,3.90034,3.7105107,1.3476033,2.6258898,0.0,4.507756,3.227226,1.9015676,5.1045566,2.813314,4.0349436,2.9710934,1.9015676,0.0,2.7239864,0.0,0.0,0.8854586,2.517113,2.6258898,0.0,3.1690774,0.0,2.2559729,1.3476033,0.8854586,0.0,3.6750488,1.9015676,2.0943892,0.0,0.0,2.0943892,1.9015676,2.6258898,0.0,0.0,2.3950431,2.2559729,1.9015676,0.8854586,1.3476033,2.6258898,2.7239864,2.2559729,Monocyte
3.0568504,3.726199,2.7390177,3.3993144,2.9105086,3.0568504,2.9105086,3.1844852,2.5319035,2.9105086,4.169388,3.6539419,0.0,5.195454,2.5319035,2.5319035,2.2703788,2.7390177,2.9105086,2.9105086,0.0,0.0,1.9152613,1.9152613,2.5319035,1.3595283,1.9152613,0.0,3.726199,2.5319035,2.2703788,1.3595283,3.2976575,1.3595283,2.9105086,0.0,1.9152613,2.7390177,1.9152613,1.9152613,1.9152613,2.5319035,2.5319035,1.3595283,2.7390177,2.2703788,2.7390177,1.9152613,2.7390177,1.3595283,Monocyte
3.397358,3.3307524,3.0992975,3.3307524,2.9085948,3.0992975,2.9085948,3.0084853,2.6727467,2.7976077,3.5185766,3.5185766,1.0735233,4.7246304,1.9135356,3.0992975,2.7976077,2.1636307,2.6727467,3.0084853,0.0,0.0,2.5300405,1.9135356,1.5792546,0.0,2.5300405,0.0,2.6727467,2.3635247,2.1636307,2.1636307,3.7242239,1.0735233,2.6727467,0.0,1.0735233,2.6727467,2.6727467,1.0735233,2.1636307,2.1636307,2.7976077,1.9135356,2.6727467,1.5792546,1.9135356,1.9135356,2.3635247,2.7976077,Monocyte
0.0,1.4470241,0.0,0.0,0.96516603,0.0,0.0,0.0,0.0,0.0,3.167714,2.5158048,1.4470241,2.8479416,0.96516603,0.0,0.0,0.96516603,0.0,1.7708201,3.3544133,3.0968394,0.0,0.96516603,0.0,3.0968394,0.96516603,2.8479416,0.96516603,0.0,0.96516603,0.0,2.0150223,0.0,0.0,0.0,0.0,0.96516603,0.0,0.0,0.0,0.0,2.3750305,0.0,0.96516603,1.7708201,0.0,3.167714,1.4470241,0.0,T_cell
0.0,0.0,0.0,0.0,0.0,0.82869273,0.0,0.0,0.82869273,0.0,0.82869273,1.5832926,2.5347204,1.8182863,0.0,0.0,0.0,0.0,0.0,0.0,1.2755431,0.0,0.0,0.82869273,0.0,2.3058057,0.0,2.0084305,0.82869273,0.0,0.0,0.0,1.8182863,0.0,0.0,2.720871,0.0,0.82869273,0.0,0.0,0.0,0.0,1.2755431,0.0,2.1681316,1.2755431,0.0,2.8777478,0.0,0.0,T_cell
0.0,0.0,0.0,0.0,0.0,0.0,1.2460184,0.0,1.2460184,0.0,0.0,2.908829,3.0355196,1.2460184,0.0,0.0,0.0,0.0,0.0,1.2460184,3.0355196,0.0,0.0,0.0,0.0,1.7838863,1.7838863,1.2460184,1.2460184,0.0,0.0,0.0,1.7838863,0.0,0.0,3.5743277,0.0,0.0,0.0,0.0,0.0,0.0,0.0,0.0,1.2460184,1.2460184,0.0,0.0,0.0,0.0,T_cell
0.0,0.0,0.0,0.0,0.0,0.0,0.0,0.0,0.8737457,0.0,3.3149674,1.3328241,3.1499069,3.3149674,0.0,0.0,0.0,0.0,0.0,1.6462721,2.6073318,2.6073318,0.0,0.0,0.0,1.8845624,0.8737457,2.076856,1.3328241,0.0,0.8737457,0.0,1.8845624,1.3328241,0.0,2.6073318,0.0,0.8737457,0.0,0.0,0.0,0.0,1.8845624,0.0,1.8845624,2.076856,0.0,2.705292,0.8737457,0.0,T_cell
2.642966,3.6929832,0.0,2.642966,0.0,3.2998903,2.642966,3.2998903,0.0,0.0,4.658129,4.3736033,0.0,5.213672,0.0,0.0,0.0,0.0,3.6929832,2.642966,0.0,0.0,2.642966,0.0,3.2998903,0.0,0.0,0.0,3.6929832,2.642966,0.0,2.642966,3.2998903,2.642966,2.642966,0.0,0.0,0.0,0.0,0.0,0.0,0.0,3.2998903,3.2998903,0.0,2.642966,0.0,0.0,0.0,0.0,Monocyte
0.0,0.0,0.0,0.0,0.0,0.0,1.3923624,0.0,0.92114806,0.0,2.952098,0.0,2.952098,1.3923624,1.3923624,0.0,0.0,1.952842,0.0,0.0,3.1647403,0.0,0.0,1.3923624,0.0,3.1647403,0.92114806,2.780168,2.1472013,0.0,0.92114806,0.0,1.3923624,1.7113659,0.0,0.92114806,0.0,0.92114806,0.0,0.0,0.0,0.0,1.7113659,1.952842,1.7113659,1.7113659,0.0,1.952842,0.92114806,1.3923624,T_cell
0.0,1.3991048,0.92655224,0.0,2.317938,0.0,0.0,0.0,0.0,0.0,0.0,2.8782792,1.3991048,3.1733255,1.3991048,0.0,0.0,0.0,0.0,0.0,2.1551204,3.235244,0.0,1.7187151,0.0,1.7187151,1.3991048,1.7187151,1.9605374,0.0,0.0,0.0,1.9605374,1.3991048,0.0,2.8782792,0.0,0.0,0.92655224,0.0,0.0,0.0,0.92655224,0.92655224,2.1551204,0.0,0.0,3.1073184,0.0,0.0,T_cell
3.329268,4.004343,3.7227216,3.329268,3.053455,3.2008407,3.2008407,3.8734138,3.329268,3.7227216,4.223833,3.8009036,1.4735581,5.150986,2.4064236,2.0450408,2.6713135,2.0450408,2.4064236,3.637905,0.0,0.0,2.4064236,2.6713135,2.4064236,0.0,2.4064236,0.0,2.8805285,1.4735581,3.053455,2.0450408,3.8009036,3.053455,3.053455,0.0,1.4735581,2.6713135,2.0450408,1.4735581,2.4064236,2.4064236,2.0450408,0.0,2.0450408,1.4735581,0.0,1.4735581,1.4735581,1.4735581,Monocyte
3.327562,3.6315126,3.100696,2.7174902,3.4242227,2.6194408,3.162417,1.8956552,3.7037277,1.656833,3.5123577,4.3485765,0.0,4.5008793,2.888744,2.7174902,1.656833,2.510722,0.8813792,2.510722,0.0,0.0,1.3424611,3.162417,2.510722,0.0,2.6194408,0.0,3.327562,2.3887253,2.24975,0.8813792,2.888744,1.8956552,1.656833,0.0,2.8067787,2.3887253,1.8956552,1.3424611,1.656833,1.8956552,1.3424611,0.8813792,3.0349135,1.656833,1.3424611,0.0,1.8956552,2.3887253,Monocyte
3.685941,3.6332657,2.7941306,2.5861633,2.9120715,2.5861633,2.9120715,3.0175583,3.6058497,2.9662051,3.354355,3.0664027,0.0,4.65747,2.5861633,2.0995617,2.0995617,2.5861633,2.0995617,2.0995617,0.0,0.0,1.6278491,2.418791,2.418791,0.0,2.3232741,0.0,2.5059748,2.2176607,2.660396,1.9656236,3.1574683,2.0995617,1.6278491,0.0,2.0995617,2.0995617,1.8109306,1.4035648,1.8109306,1.6278491,2.660396,2.5059748,3.73598,2.9120715,2.7294974,1.4035648,1.4035648,2.8548386,Monocyte
3.2940679,3.6108727,3.0878217,2.8276827,2.237695,2.3232574,3.1613991,2.876014,3.1962526,1.4698727,3.7579045,4.0148697,0.9837029,4.691302,1.7955892,2.1441207,2.237695,2.4020724,0.9837029,2.7233918,0.60822654,0.0,2.1441207,1.7955892,2.543206,0.60822654,1.9257356,0.0,3.0878217,2.0408778,2.543206,1.6459341,3.655133,2.4020724,2.3232574,0.0,2.4020724,2.4020724,2.3232574,1.6459341,1.6459341,2.4020724,2.1441207,1.2560464,3.5405772,2.0408778,2.1441207,2.543206,1.2560464,2.1441207,Monocyte
0.0,0.8707476,0.0,0.0,0.0,0.8707476,0.8707476,0.0,0.0,0.0,2.3721924,0.0,3.575638,3.017579,0.0,0.0,0.0,0.0,0.0,0.8707476,2.7004857,0.0,0.0,0.8707476,0.0,2.0723515,0.0,2.3721924,0.0,0.0,0.0,0.8707476,2.493996,0.0,0.0,1.3290339,0.0,0.8707476,0.0,0.0,0.0,0.8707476,1.3290339,0.8707476,1.8801953,1.6421157,0.0,2.493996,0.0,0.8707476,T_cell
3.9754286,3.3990886,4.4092736,2.8793116,4.3140445,2.708162,2.8793116,2.4219577,4.3746166,1.3350894,3.9927986,3.429793,0.0,4.928821,3.7169359,2.5752645,2.3354833,3.0697165,1.053228,2.8793116,0.0,0.0,2.0194416,3.0697165,2.3354833,0.0,3.1528509,0.0,2.708162,2.2408168,0.65930355,1.053228,3.3990886,1.053228,1.5547243,0.0,2.6439195,0.0,2.0194416,1.5547243,2.6439195,2.3354833,2.5752645,0.0,2.4219577,1.7346998,1.5547243,1.7346998,1.5547243,2.6439195,Monocyte
0.0,0.81294936,0.0,0.81294936,0.0,0.81294936,0.0,0.0,1.2553583,0.0,2.1432712,0.0,1.9841329,3.396339,0.0,0.0,0.0,0.0,0.0,0.0,0.0,0.0,0.0,1.2553583,0.81294936,1.9841329,1.7947867,2.4011972,1.2553583,0.0,1.5610127,0.0,2.1432712,0.0,0.0,0.81294936,0.0,0.0,0.0,0.0,0.0,0.0,0.0,1.2553583,1.5610127,0.0,0.0,1.7947867,0.0,0.81294936,T_cell
0.0,1.4617386,0.0,0.0,0.0,0.0,0.0,0.0,2.9561589,0.0,3.1861117,2.3924584,2.5334654,2.5334654,0.0,0.97709465,0.0,0.0,0.0,1.4617386,0.97709465,0.0,0.0,0.97709465,0.0,2.5334654,1.4617386,1.4617386,2.031682,0.0,0.0,0.0,1.7867769,0.0,0.0,2.7669816,0.0,0.0,0.0,0.0,0.0,0.0,1.4617386,0.97709465,2.228253,1.4617386,0.0,0.97709465,1.4617386,0.97709465,T_cell
3.767652,3.8205025,3.9641128,2.8588567,4.146986,2.9851954,3.6218402,2.5450592,3.8205025,1.208601,3.8205025,3.9641128,0.0,4.9386306,3.4131246,2.6332102,2.3413427,2.8588567,0.0,2.4483795,0.0,0.77675194,1.208601,3.0428433,2.6332102,0.0,3.7401412,0.0,3.711852,1.9274539,2.0852234,0.0,2.92402,2.2214603,1.5092185,0.0,3.332603,1.7400438,2.7142165,2.4483795,0.0,1.7400438,2.3413427,2.2214603,2.6332102,0.0,2.0852234,2.0852234,1.208601,2.4483795,Monocyte
3.2775297,3.0914245,3.0914245,2.862578,0.9165308,2.3029451,3.4343743,3.0208054,2.6745212,3.0208054,3.3847768,3.3325903,0.0,4.4430466,1.7050754,0.9165308,2.1404192,2.6745212,2.4427123,3.1573834,0.0,0.0,1.9462531,1.7050754,1.7050754,0.0,2.5653186,0.0,2.3029451,2.4427123,1.9462531,2.3029451,3.6892695,2.1404192,2.4427123,0.9165308,2.3029451,2.1404192,2.6745212,0.9165308,1.3865944,1.7050754,2.6745212,2.5653186,2.5653186,2.3029451,1.3865944,0.0,2.7729638,1.9462531,Monocyte
0.0,0.0,0.0,0.0,0.0,0.0,0.8847062,0.0,0.8847062,0.0,1.900478,1.3466554,0.8847062,2.254826,0.8847062,0.0,0.0,0.0,0.0,0.8847062,0.8847062,0.0,0.0,1.3466554,0.0,1.3466554,0.8847062,2.7227895,0.8847062,0.0,0.0,0.0,2.093266,0.0,0.0,0.0,0.0,0.8847062,0.0,0.0,0.0,0.0,2.5159354,0.8847062,0.8847062,0.0,0.0,3.1061141,1.3466554,0.0,T_cell
3.0480213,3.6323516,2.4012353,3.4010375,2.6660054,3.0480213,3.2827742,3.0480213,2.8751454,2.175479,3.4727614,4.6512294,0.74914944,5.1122866,1.1726061,2.4012353,3.0995877,1.8834268,1.4691639,2.4012353,0.0,0.0,2.497494,1.8834268,2.9936502,0.0,2.8751454,0.0,3.0995877,1.8834268,2.040077,3.2827742,3.6024063,0.0,2.175479,0.0,2.497494,2.2947142,2.497494,2.2947142,1.6975955,2.175479,2.040077,2.040077,2.6660054,1.1726061,2.585295,1.1726061,1.4691639,2.4012353,Monocyte
0.0,0.0,0.0,0.8401995,0.0,0.0,0.0,0.0,0.0,0.0,0.0,0.0,2.445354,3.3552725,0.8401995,0.0,0.0,0.0,0.0,0.0,2.1861608,0.0,0.0,0.0,0.0,1.599486,1.599486,2.7398796,2.5534575,0.0,0.0,0.0,1.599486,0.0,0.0,0.8401995,0.0,1.2902399,0.0,0.0,0.0,0.0,0.0,1.599486,1.2902399,0.0,0.0,2.6510065,0.0,0.8401995,T_cell
3.4375422,4.2663016,2.6660054,3.717156,0.0,3.1953697,3.6323516,3.717156,2.040077,3.323769,3.5396833,3.9354272,0.0,4.550469,1.4691639,3.323769,2.040077,2.4012353,3.0480213,2.040077,0.0,0.0,2.4012353,0.0,1.4691639,0.0,3.1953697,0.0,3.323769,2.8751454,3.7953274,0.0,3.1953697,2.6660054,2.8751454,0.0,0.0,0.0,2.040077,2.040077,2.040077,2.040077,2.8751454,2.4012353,2.8751454,2.040077,2.4012353,1.4691639,2.8751454,2.040077,Monocyte
2.4556637,3.2797828,3.4285421,2.4556637,2.0004659,3.1049602,2.892961,3.196187,2.2537448,3.2797828,4.1053395,3.2797828,1.1412991,4.7356205,1.6604477,1.1412991,2.2537448,2.623581,1.6604477,2.2537448,0.0,0.0,2.0004659,1.1412991,1.1412991,0.0,3.356926,0.0,2.2537448,1.1412991,1.6604477,1.6604477,3.1049602,1.6604477,1.6604477,1.1412991,1.1412991,2.4556637,3.004568,2.2537448,0.0,1.1412991,2.2537448,3.004568,2.7673142,1.1412991,2.0004659,0.0,1.1412991,1.6604477,Monocyte
0.0,0.0,0.0,0.0,0.0,0.0,0.0,0.0,0.0,0.0,1.4075526,3.1840596,3.118021,2.7990918,0.0,0.0,0.0,0.0,0.0,0.9333334,1.9701688,0.0,0.0,0.9333334,0.9333334,1.9701688,0.0,2.1650295,0.0,0.0,0.0,0.0,2.7990918,0.0,0.0,0.0,0.0,0.0,0.0,0.0,0.0,0.0,0.0,0.0,0.0,1.7279167,0.0,1.7279167,0.9333334,0.0,T_cell
2.9868696,3.2467198,2.860519,2.9868696,2.7158628,2.9256885,2.546684,3.099032,3.150723,1.510592,4.0512733,3.4148295,0.77770454,4.478005,1.7414976,2.0867674,2.7908041,2.4499903,2.2230325,3.099032,0.0,0.0,1.9289606,0.77770454,1.7414976,0.0,2.7158628,0.0,2.7908041,1.9289606,2.2230325,2.7158628,3.5916557,1.510592,2.4499903,0.0,4.091399,1.9289606,2.4499903,1.9289606,1.9289606,1.2098379,2.860519,1.2098379,3.6235564,2.2230325,2.0867674,1.2098379,1.510592,2.7908041,Monocyte
0.0,0.90314525,0.0,0.0,0.0,1.3698354,0.90314525,0.0,0.90314525,0.0,1.9270777,0.90314525,2.9995036,1.6867793,0.0,0.0,0.0,0.0,0.0,1.3698354,1.6867793,0.0,0.0,0.0,0.0,1.3698354,1.3698354,2.8414655,0.90314525,0.0,0.0,0.0,0.0,0.0,0.0,1.6867793,0.0,1.3698354,0.90314525,0.0,0.0,0.0,2.2828016,0.0,2.5446534,1.3698354,0.90314525,1.9270777,0.0,0.0,T_cell
0.0,0.0,0.0,0.0,0.0,1.6489818,0.0,0.0,0.87570214,0.0,1.8874091,2.5018032,1.6489818,3.0914245,0.0,0.0,0.0,0.0,0.0,0.0,1.6489818,0.0,0.0,0.0,0.0,0.0,0.0,2.2410672,1.8874091,0.0,0.0,0.0,0.0,0.0,0.0,2.879576,0.0,0.0,0.87570214,0.0,0.0,0.0,1.3352959,2.6104405,0.0,1.8874091,0.0,1.8874091,0.0,0.0,T_cell
0.0,1.6095979,0.0,1.0987456,1.6095979,0.0,0.0,0.0,1.0987456,0.0,2.708237,3.0447128,2.398077,2.8334017,1.0987456,1.0987456,0.0,0.0,0.0,0.0,0.0,4.1433315,0.0,1.6095979,0.0,2.1974025,1.9460816,1.0987456,0.0,0.0,0.0,0.0,2.565134,0.0,0.0,0.0,0.0,0.0,0.0,0.0,0.0,0.0,1.6095979,0.0,2.9446285,1.6095979,0.0,2.398077,1.9460816,1.0987456,T_cell
0.0,1.3110392,0.0,0.0,0.0,0.0,0.0,0.0,0.8565465,0.0,3.1795206,1.8594266,2.848401,2.848401,0.0,0.0,0.0,0.0,0.0,2.5798473,2.5798473,2.2115746,0.0,0.0,0.0,2.3499548,0.0,2.2115746,1.3110392,0.0,1.3110392,0.0,2.3499548,2.4714928,0.0,1.6223621,0.8565465,0.0,0.0,0.0,0.0,0.0,0.8565465,1.3110392,0.0,1.8594266,0.0,2.5798473,0.8565465,1.3110392,T_cell
0.0,0.0,0.0,0.0,0.0,0.0,0.0,0.0,0.8001122,0.0,3.836313,1.2388325,3.138283,1.9641644,0.0,0.0,0.0,1.5427364,0.0,2.3801317,2.89928,0.0,0.0,0.0,0.0,3.0836718,2.2597334,1.5427364,2.1228294,1.5427364,0.8001122,0.0,3.1900656,0.0,0.0,2.6730237,0.0,0.8001122,0.0,0.0,0.0,0.0,1.2388325,0.0,2.4875793,1.5427364,0.0,0.8001122,0.0,0.8001122,T_cell
3.7386138,3.6126776,3.6126776,3.4290407,3.1521065,3.0974605,3.2039206,2.978301,3.4290407,2.767797,3.6456795,2.767797,0.0,5.2406225,1.9765962,2.272681,1.9765962,2.272681,2.5008323,2.6864786,0.0,0.0,2.135557,1.7875015,2.135557,0.0,2.3932493,0.0,2.5979574,2.135557,1.5541111,2.272681,3.9510262,2.767797,2.3932493,0.0,2.6864786,2.978301,2.3932493,2.3932493,2.272681,2.3932493,2.6864786,1.9765962,3.2531817,2.3932493,1.7875015,1.7875015,1.9765962,2.272681,Monocyte
2.335399,3.82431,1.8870922,2.5014603,2.5014603,2.1361604,3.1527615,2.6438327,2.335399,3.3007886,3.4884198,5.2145996,0.0,4.4426775,1.0531672,2.9789505,1.5546507,3.0696275,1.8870922,2.6438327,0.0,0.0,1.5546507,1.0531672,2.1361604,0.0,2.5014603,0.0,3.4297025,2.1361604,2.6438327,1.8870922,3.0696275,2.6438327,2.7684383,0.0,2.8792236,3.0696275,1.5546507,1.0531672,1.5546507,1.8870922,3.7826993,2.1361604,3.3673215,3.0696275,2.335399,3.3673215,1.0531672,1.5546507,Monocyte
0.0,0.0,0.0,0.0,0.0,1.1004825,0.0,0.0,0.0,1.1004825,1.1004825,0.0,2.5675378,3.763939,0.0,1.1004825,0.0,0.0,0.0,0.0,1.948314,0.0,0.0,1.6116817,0.0,0.0,0.0,2.1997173,1.1004825,0.0,2.1997173,0.0,1.1004825,1.1004825,0.0,0.0,0.0,0.0,0.0,0.0,0.0,0.0,0.0,1.1004825,1.6116817,0.0,0.0,2.1997173,0.0,1.1004825,T_cell
3.1479495,3.5743277,3.3407822,2.5939379,2.3893032,3.1479495,3.0355196,3.2490067,3.0355196,2.3893032,3.9704041,4.6057596,0.0,5.146777,1.2460184,2.131728,1.7838863,2.5939379,2.7637272,2.7637272,0.0,0.0,2.5939379,1.2460184,1.7838863,0.0,2.7637272,0.0,3.3407822,2.908829,2.3893032,1.2460184,3.5023737,1.2460184,2.131728,0.0,0.0,2.908829,2.5939379,2.5939379,1.2460184,1.2460184,3.0355196,2.7637272,3.2490067,2.131728,2.131728,1.2460184,1.7838863,1.2460184,Monocyte
0.0,0.0,0.0,0.0,1.4483927,0.0,0.0,0.0,2.6408467,0.0,2.3766534,1.4483927,2.0165732,1.4483927,2.3766534,1.4483927,0.0,0.0,0.0,0.0,1.4483927,3.6060126,0.0,0.0,0.0,2.0165732,1.4483927,2.0165732,0.0,1.4483927,0.0,0.0,2.0165732,0.0,1.4483927,2.0165732,0.0,0.0,0.0,0.0,0.0,0.0,0.0,3.0222578,2.6408467,0.0,0.0,2.6408467,0.0,1.4483927,T_cell
0.0,0.0,2.4572234,0.0,2.0937026,0.0,0.0,0.0,3.10659,0.0,2.0937026,2.0937026,1.5167639,3.10659,1.5167639,1.5167639,0.0,0.0,0.0,0.0,0.0,4.4166865,0.0,1.5167639,0.0,3.10659,2.0937026,2.9331791,0.0,0.0,0.0,0.0,2.0937026,0.0,0.0,0.0,0.0,0.0,1.5167639,0.0,0.0,0.0,2.723255,2.0937026,0.0,0.0,0.0,0.0,0.0,1.5167639,T_cell
0.0,1.0158842,0.0,0.0,0.0,0.0,0.0,0.0,1.50931,0.0,3.767767,1.0158842,3.31153,2.8247206,1.50931,0.0,0.0,3.2451382,0.0,1.8382314,2.2833023,0.0,1.50931,1.50931,1.0158842,2.5902143,1.8382314,1.8382314,1.50931,0.0,0.0,0.0,2.2833023,0.0,0.0,2.924131,0.0,1.0158842,0.0,0.0,0.0,1.0158842,1.0158842,1.50931,2.2833023,2.0853262,0.0,2.8247206,0.0,0.0,T_cell
0.0,1.054994,0.0,0.0,0.0,0.0,0.0,0.0,0.0,0.0,1.556863,1.054994,3.1554458,2.981612,0.0,0.0,0.0,0.0,0.0,0.0,2.504035,0.0,0.0,0.0,0.0,1.054994,0.0,1.556863,1.556863,0.0,0.0,0.0,1.556863,1.556863,0.0,0.0,0.0,0.0,0.0,0.0,0.0,0.0,0.0,1.054994,1.556863,0.0,0.0,3.5466027,0.0,1.054994,T_cell
3.6957357,3.6733234,3.0271144,2.7266684,2.6024415,2.7834363,3.2916028,2.2951758,3.6733234,2.5340168,3.4451828,4.597017,0.0,4.9044795,3.0271144,2.2009468,1.9807705,2.2951758,0.0,1.6980145,0.0,0.0,2.837154,1.5196165,2.0969062,0.63796103,2.936638,0.0,2.3812852,1.5196165,1.3023294,0.0,2.7834363,2.2009468,2.3812852,0.0,2.6664827,0.63796103,1.8493533,2.2009468,1.6980145,1.3023294,1.9807705,1.9807705,3.0271144,2.2951758,1.9807705,2.3812852,1.0243326,2.2009468,Monocyte
0.0,0.0,0.0,0.0,0.0,0.86561304,0.0,0.0,0.0,0.0,1.3225356,1.6349863,4.026396,2.3641727,0.0,0.0,0.0,0.0,0.0,0.0,2.781368,0.0,0.0,0.0,0.0,0.0,0.0,0.86561304,1.8727018,0.0,1.3225356,0.0,0.0,0.0,0.0,2.5943708,0.0,0.86561304,0.86561304,0.0,0.0,0.0,0.86561304,0.86561304,0.0,0.0,0.0,1.3225356,0.0,0.0,T_cell
0.0,0.9274749,1.4002552,0.0,0.9274749,0.0,0.9274749,0.0,1.7199684,0.0,2.9620414,3.1747885,1.7199684,3.108777,0.9274749,0.0,0.0,0.0,0.0,0.0,2.6914504,3.4023378,0.0,0.9274749,0.0,2.4593172,1.4002552,0.9274749,2.9620414,0.0,0.0,0.0,1.9618496,0.9274749,0.9274749,0.0,0.0,0.9274749,0.0,0.0,0.0,0.0,1.9618496,2.7900095,2.9620414,0.9274749,0.0,3.7069907,1.4002552,0.9274749,T_cell
3.3855278,3.655971,3.5736907,2.582387,3.6819592,3.4840283,3.3855278,3.1961515,3.988816,0.7026302,3.3855278,4.129444,0.0,4.388088,3.1535578,2.7902963,2.0959785,1.624568,1.624568,2.582387,0.7026302,0.0,3.0625086,2.0959785,2.6565979,0.0,2.5022242,0.0,3.5736907,1.4004854,1.9621122,2.0959785,3.0625086,0.0,2.3195903,0.0,2.7902963,2.3195903,2.2140217,2.0959785,2.0959785,2.4150708,1.8075149,0.0,1.1112365,2.3195903,2.3195903,1.624568,0.0,2.4150708,Monocyte
0.0,1.0423498,0.0,0.0,0.0,0.0,0.0,0.0,0.0,0.0,2.121482,2.4861755,2.7528312,2.9631433,0.0,0.0,0.0,0.0,0.0,1.8729736,3.1368182,0.0,0.0,0.0,0.0,1.0423498,1.0423498,0.0,3.1368182,1.0423498,0.0,0.0,1.8729736,0.0,0.0,2.7528312,0.0,1.0423498,0.0,0.0,0.0,0.0,0.0,1.5415329,1.0423498,0.0,0.0,2.121482,0.0,0.0,T_cell
4.3115435,3.215979,4.598844,3.0202606,4.543849,3.6199214,3.062589,1.9745634,4.423859,1.019721,2.8303735,2.881331,0.6345698,5.3520093,3.7736366,2.453977,2.453977,1.2970892,0.6345698,2.719937,0.0,0.0,2.2886999,3.9418538,1.6921331,0.0,2.776679,0.0,2.659781,1.6921331,0.0,1.019721,2.595773,3.1422222,1.2970892,0.0,1.9745634,2.1945426,2.3747492,1.2970892,1.2970892,1.6921331,2.595773,1.513993,3.0202606,1.2970892,1.513993,1.019721,1.8432862,3.1422222,Monocyte
0.0,1.0202879,0.0,0.0,1.0202879,0.0,0.0,0.0,1.0202879,0.0,2.9306567,2.0913668,3.3181744,2.4547875,1.0202879,1.5146846,0.0,1.0202879,0.0,1.5146846,3.1040447,2.4547875,0.0,1.5146846,0.0,1.8440324,1.5146846,2.4547875,1.5146846,0.0,0.0,0.0,1.0202879,0.0,0.0,0.0,0.0,0.0,1.0202879,0.0,0.0,0.0,1.5146846,0.0,3.1806302,1.5146846,0.0,1.5146846,0.0,1.8440324,T_cell
0.0,1.7894022,0.0,0.0,0.0,0.0,0.0,0.0,0.97906184,0.0,3.7889714,1.4641614,3.255376,2.8690107,0.97906184,0.0,0.0,0.97906184,0.0,2.0344222,4.0803895,0.0,0.0,0.0,0.97906184,2.959148,0.97906184,1.7894022,2.7699363,0.0,0.97906184,0.0,0.97906184,0.0,0.0,0.0,0.0,0.0,0.97906184,0.0,0.0,0.97906184,0.0,0.0,1.4641614,2.6599562,0.0,2.0344222,0.0,1.7894022,T_cell
3.1102555,3.7516932,0.815541,2.6103625,1.5646905,2.5131364,3.2660635,2.4054291,1.7986678,3.0524137,3.8091912,4.4478927,0.0,5.1425624,0.0,2.1473794,1.7986678,1.2586873,2.4054291,3.1649334,0.0,0.0,2.5131364,0.0,1.5646905,0.815541,2.284705,0.0,3.400836,1.7986678,3.2660635,0.815541,3.6587281,3.2167764,2.4054291,0.0,1.2586873,2.1473794,2.1473794,0.815541,1.9881471,2.1473794,2.5131364,0.0,2.698968,2.1473794,1.5646905,0.0,1.7986678,1.7986678,Monocyte
3.190889,3.4802713,3.5825472,3.2824523,2.5380533,2.5380533,3.190889,2.782014,3.1417582,2.9779766,3.9787009,4.0420694,0.0,4.617426,2.3344722,2.4414344,2.7071173,1.9209595,0.77265185,3.0356028,0.0,0.77265185,2.3344722,2.782014,1.7337781,0.0,2.626154,0.0,2.7071173,2.078567,1.9209595,1.2032733,3.325271,2.626154,2.078567,0.0,1.9209595,2.078567,2.2146833,2.078567,2.5380533,1.7337781,2.782014,0.0,2.5380533,2.4414344,2.3344722,2.3344722,1.2032733,2.4414344,Monocyte
0.0,0.0,0.0,0.0,0.0,0.0,1.4752463,0.0,1.4752463,0.0,0.0,0.0,0.98807406,2.6733518,0.0,0.0,0.0,0.0,0.0,0.0,0.0,0.0,0.0,0.98807406,0.98807406,0.98807406,0.0,0.98807406,0.0,0.0,0.0,0.0,0.98807406,0.0,0.0,2.7834363,0.0,0.0,0.0,0.0,0.0,0.0,1.4752463,0.98807406,1.8014076,0.0,0.0,3.4975696,0.98807406,0.0,T_cell
0.0,0.77605486,0.0,0.0,0.0,0.0,0.0,0.0,0.77605486,0.0,0.77605486,0.0,3.4498274,3.041614,0.0,0.77605486,0.0,0.0,0.0,0.0,2.5438695,0.77605486,0.0,0.0,0.77605486,2.6320121,0.0,1.2076957,0.77605486,0.0,0.0,0.0,1.508213,0.0,0.0,2.340176,0.0,0.0,1.2076957,0.0,0.0,0.0,1.2076957,0.77605486,2.0840929,0.77605486,0.77605486,2.2203095,0.0,1.2076957,T_cell
0.4713727,1.2263509,2.6980278,0.0,2.3641572,1.9490367,1.2263509,0.0,2.4192355,0.0,1.5289114,2.4192355,0.0,3.581493,1.651605,0.0,0.4713727,0.0,0.0,0.0,0.0,0.0,0.0,2.1073368,0.0,0.0,1.0319653,0.0,1.0319653,0.0,0.0,0.0,1.0319653,0.0,0.0,0.0,1.2263509,1.2263509,0.79044807,0.0,0.0,0.4713727,1.2263509,1.8593757,1.651605,0.4713727,1.2263509,0.4713727,0.0,1.5289114,T_cell
0.0,0.9333334,0.0,0.0,0.0,0.0,0.0,0.0,1.7279167,0.0,2.4681675,1.7279167,0.9333334,2.9712174,0.9333334,0.0,0.0,0.0,0.0,0.9333334,2.8888533,3.8231084,0.0,0.9333334,0.0,1.9701688,1.7279167,2.8888533,3.118021,0.0,1.4075526,0.0,1.4075526,0.0,0.0,0.9333334,0.0,0.0,0.0,0.0,0.0,0.0,1.4075526,1.9701688,2.4681675,0.9333334,0.0,3.3043385,0.0,0.9333334,T_cell
4.1873546,3.4505234,3.6913702,3.2125082,3.3553603,3.7148738,3.173362,2.354848,4.142935,0.6697007,3.2125082,4.5173984,0.0,5.1513095,3.3553603,3.0457933,2.663829,0.0,0.0,2.2599773,0.0,0.0,2.663829,3.0901492,2.354848,0.0,3.6426377,0.0,3.2125082,1.0672265,2.9507034,0.0,2.354848,1.571655,1.9053731,0.0,1.9053731,1.571655,2.0380423,2.1551542,2.5950668,1.752371,2.5950668,2.7886121,3.3880978,0.6697007,1.0672265,2.5950668,2.0380423,2.5950668,Monocyte
3.1117015,3.0410128,2.8826096,3.2396517,2.584934,1.7224818,3.297969,3.1777217,3.3530722,3.4052968,3.9130156,3.6717346,0.0,4.5156317,0.9293262,1.4025623,0.0,3.1777217,2.1591775,2.694304,0.0,0.0,2.1591775,1.7224818,2.694304,0.0,2.694304,0.0,3.8166404,1.4025623,1.9644805,1.4025623,3.3530722,2.4621167,2.3220751,0.0,1.9644805,2.8826096,2.1591775,1.9644805,1.7224818,1.9644805,2.584934,2.584934,2.7928827,2.1591775,0.9293262,2.3220751,1.9644805,2.3220751,Monocyte
3.4698632,3.5561585,3.9727151,3.0227742,3.7941508,3.0227742,3.3754117,3.0574024,4.1587067,2.1090102,2.986904,3.6163197,0.0,5.159273,3.2710996,1.8030385,2.3429692,2.1932266,1.6759835,2.270898,0.0,0.0,2.7852688,3.1546254,1.8030385,0.0,3.0574024,0.0,2.7852688,1.8030385,0.0,0.54465187,2.7852688,2.4101934,2.1090102,0.54465187,3.0227742,0.54465187,1.6759835,1.5304035,1.915755,1.6759835,2.4101934,1.915755,2.5883758,2.270898,2.0170438,0.54465187,1.8030385,2.7395594,Monocyte
0.0,1.2536565,0.0,0.0,0.0,0.0,0.0,0.0,1.7928019,0.0,3.351111,2.3990324,2.1411698,2.918954,0.0,0.0,0.0,0.0,0.0,1.7928019,1.2536565,3.584735,1.2536565,0.0,0.0,2.6038477,1.2536565,0.0,3.0457137,0.0,0.0,0.0,2.1411698,2.3990324,0.0,1.7928019,0.0,1.2536565,0.0,0.0,0.0,0.0,1.2536565,0.0,0.0,2.6038477,0.0,3.2592993,1.2536565,0.0,T_cell
3.4074092,3.81717,4.1296086,3.4524224,4.1733603,3.2038646,3.0183718,2.790453,3.7861304,0.0,4.1296086,3.6145923,0.0,5.163252,3.360274,2.2342126,2.790453,2.7012632,0.0,2.3729484,0.0,0.0,3.0841007,3.2038646,2.872335,0.0,3.2038646,0.0,3.3108068,0.87123233,0.87123233,1.3296468,3.8765004,0.87123233,2.4947608,0.0,2.7012632,0.87123233,2.2342126,2.4947608,1.642788,0.87123233,2.4947608,3.2587645,3.4954963,0.87123233,1.642788,2.4947608,2.2342126,1.8809016,Monocyte
3.4628062,3.694547,4.50808,2.6444557,4.289319,2.9966977,3.3442836,2.2322645,4.0614414,0.4664684,2.9034116,4.1210527,0.4664684,4.9548535,3.6796618,2.1663756,2.2322645,2.1663756,0.4664684,3.082019,0.0,0.0,2.3522947,3.6178017,2.2322645,0.0,3.1606295,0.0,2.3522947,1.9378111,1.8483261,1.0235513,2.2322645,2.1663756,2.1663756,0.0,2.1663756,1.0235513,2.0958369,1.3792114,1.7500393,1.7500393,2.5090072,1.8483261,3.534673,0.78331107,1.2171105,2.0958369,0.4664684,2.2940795,Monocyte
3.3243499,4.150864,2.837238,3.6029923,3.3243499,2.837238,3.110165,3.6029923,2.295256,3.110165,4.0627275,3.7807631,0.0,5.118244,2.6025243,2.7267518,1.8494285,2.295256,2.6025243,2.9367228,0.0,0.0,2.6025243,2.295256,1.8494285,0.0,2.9367228,0.0,1.0243899,1.8494285,3.3243499,1.8494285,3.3243499,1.5196862,1.8494285,0.0,0.0,2.7267518,2.837238,2.0969844,2.295256,2.295256,2.7267518,0.0,2.7267518,2.7267518,2.4606457,1.0243899,2.0969844,2.4606457,Monocyte
0.0,0.0,0.0,0.0,0.0,1.8767122,0.0,0.0,0.0,0.0,1.0452107,0.0,1.5450051,2.9673316,0.0,0.0,1.0452107,0.0,0.0,0.0,1.5450051,0.0,0.0,0.0,0.0,1.0452107,0.0,1.0452107,0.0,0.0,0.0,0.0,1.8767122,1.0452107,0.0,2.3243456,0.0,0.0,0.0,0.0,0.0,0.0,0.0,1.8767122,1.5450051,0.0,0.0,2.6324632,0.0,0.0,T_cell
0.0,0.90384394,0.0,0.0,0.0,0.0,0.0,0.0,0.90384394,0.0,3.461056,2.8425715,2.6547678,2.2838564,0.0,0.0,0.0,0.90384394,0.0,1.9280813,2.1217082,2.2838564,0.0,0.0,1.3707116,3.198886,1.6877366,2.5457358,1.9280813,0.0,1.3707116,0.0,2.4233441,0.0,0.0,0.0,0.0,0.90384394,0.0,0.0,0.0,0.0,0.90384394,1.6877366,0.0,0.90384394,0.0,1.6877366,0.0,0.0,T_cell
0.8026182,0.0,0.8026182,0.0,0.0,0.0,0.0,0.0,0.0,0.0,0.0,3.0880098,1.9680737,2.5887978,0.0,0.0,0.0,0.0,0.0,0.8026182,1.9680737,0.0,0.0,0.0,0.0,1.7792654,0.8026182,2.8336768,0.8026182,0.0,0.0,0.0,1.546312,0.0,0.0,1.2420633,0.0,0.0,0.8026182,0.0,0.0,0.0,0.0,2.3842576,2.2638056,0.8026182,0.0,3.4194632,0.0,1.2420633,T_cell
0.0,0.0,1.6266168,1.6266168,2.7280638,0.0,0.0,0.0,2.4173942,0.0,3.454731,2.216294,0.0,2.5847452,1.9643049,0.0,0.0,0.0,0.0,1.1129484,0.0,4.098606,1.9643049,1.6266168,0.0,2.216294,0.0,1.9643049,0.0,0.0,0.0,0.0,2.7280638,0.0,0.0,2.5847452,0.0,1.1129484,0.0,0.0,0.0,0.0,2.7280638,0.0,2.216294,2.7280638,0.0,0.0,1.6266168,1.1129484,T_cell
0.0,2.2077827,0.0,0.0,0.0,0.0,0.0,0.0,2.4086921,0.0,2.8443892,3.146851,0.0,2.9556878,1.6189452,0.0,0.0,1.1065413,0.0,0.0,0.0,4.054714,0.0,1.1065413,0.0,1.6189452,2.2077827,1.1065413,2.4086921,0.0,0.0,0.0,1.9560932,0.0,0.0,2.4086921,0.0,0.0,0.0,0.0,0.0,0.0,1.9560932,0.0,2.5759113,1.1065413,0.0,2.9556878,0.0,1.6189452,T_cell
0.0,0.0,0.0,0.0,0.0,0.0,0.0,0.0,2.254699,0.0,2.254699,0.8846228,3.839587,2.254699,1.3465502,0.0,0.8846228,0.8846228,0.0,0.0,2.6245697,2.8939679,0.0,0.8846228,0.0,3.040179,1.6613113,0.0,2.0931413,0.0,0.0,0.0,2.9697433,1.3465502,0.0,1.3465502,0.0,1.3465502,0.0,0.0,0.0,0.0,2.5158048,0.8846228,3.7091224,0.8846228,0.0,3.2258594,0.0,0.8846228,T_cell
3.7427242,3.7427242,0.0,3.3139665,1.372138,3.4156833,3.2007196,3.5080023,2.926524,3.2007196,4.0418525,3.2007196,0.0,5.2438693,0.0,2.5474975,3.2007196,1.929715,2.2855735,2.5474975,0.0,0.0,0.0,1.372138,2.2855735,0.0,3.6704369,0.0,3.0729904,1.929715,2.5474975,0.0,3.87329,2.2855735,2.5474975,0.0,1.372138,2.926524,2.5474975,2.5474975,0.0,2.2855735,3.0729904,2.5474975,2.7548618,0.0,0.0,0.0,2.7548618,2.2855735,Monocyte
0.0,1.5203841,0.0,0.0,0.0,0.0,0.0,0.0,1.0249624,0.0,4.032411,1.5203841,3.1110184,2.4614627,1.5203841,1.0249624,0.0,0.0,0.0,1.0249624,1.0249624,0.0,0.0,1.5203841,0.0,3.821546,1.8501812,2.2960591,1.8501812,0.0,1.5203841,0.0,2.6033514,0.0,0.0,1.5203841,0.0,0.0,0.0,0.0,0.0,0.0,0.0,0.0,0.0,0.0,0.0,0.0,0.0,0.0,T_cell
3.4706724,3.8463342,3.6760406,3.6760406,3.6760406,3.4706724,3.211931,3.5786195,3.628516,2.6268337,4.0250897,3.5786195,0.0,5.1227064,2.961578,2.6268337,2.7512858,2.120029,2.4846623,2.961578,0.0,0.0,2.6268337,3.1352391,2.8619494,0.0,2.4846623,0.0,2.961578,1.5402355,2.120029,1.5402355,3.4706724,2.8619494,2.318874,0.0,2.7512858,2.318874,2.7512858,1.8715765,0.0,2.4846623,3.1352391,1.0412813,3.3496468,2.318874,1.5402355,1.0412813,2.961578,3.0521736,Monocyte
0.0,0.0,0.0,0.0,0.0,0.0,0.0,0.0,0.0,0.0,0.0,1.6370394,2.7401788,2.8656075,0.0,0.0,0.0,0.0,0.0,1.1216661,1.1216661,1.1216661,0.0,0.0,0.0,1.1216661,1.6370394,1.1216661,1.9754543,0.0,0.0,0.0,1.6370394,0.0,0.0,2.8656075,0.0,1.1216661,0.0,0.0,0.0,0.0,1.1216661,1.9754543,1.9754543,2.2278464,1.1216661,1.1216661,0.0,0.0,T_cell
0.0,0.0,0.0,0.0,0.0,0.8082314,0.0,0.0,0.8082314,0.0,1.5543072,0.0,1.5543072,2.8432314,0.0,0.8082314,0.0,0.0,0.0,0.8082314,1.9768105,0.0,0.8082314,0.0,0.0,1.2492917,1.2492917,1.7877085,1.2492917,0.0,0.0,0.0,0.8082314,0.0,0.0,2.1357763,0.0,0.8082314,0.8082314,0.0,0.0,0.0,1.7877085,1.9768105,2.7680302,0.0,0.0,3.1523447,0.0,0.8082314,T_cell
3.2680426,3.406053,3.8429322,2.3716764,3.437772,3.2680426,3.150395,2.3716764,4.082475,2.1715958,3.5273058,3.498343,0.0,5.3278456,3.7330024,2.8060565,2.0542183,2.2766318,0.0,1.9212083,0.0,0.0,2.8060565,3.3043714,1.5864018,0.0,3.2680426,0.0,2.9683173,1.3647138,0.67881197,2.8060565,3.1911683,1.5864018,1.5864018,0.0,0.0,1.3647138,2.4584663,1.5864018,2.2766318,2.1715958,2.4584663,1.9212083,3.1078885,0.67881197,2.0542183,0.67881197,0.67881197,1.9212083,Monocyte
2.9776604,4.2891455,2.9776604,3.4109588,2.1960402,3.2175968,2.8319592,3.4952154,2.9776604,2.6613483,4.173075,4.1311855,0.0,5.0633783,2.4555178,2.1960402,2.4555178,1.2983141,2.1960402,3.4109588,0.0,0.0,2.4555178,1.2983141,2.9776604,0.0,2.9776604,0.0,3.2175968,1.8447047,2.8319592,2.1960402,3.7122722,2.4555178,1.8447047,0.0,0.0,1.8447047,1.2983141,2.6613483,2.6613483,2.8319592,2.1960402,2.1960402,2.9776604,0.0,2.1960402,2.1960402,0.0,1.2983141,Monocyte
0.0,0.82370865,0.0,0.0,0.0,0.0,0.0,0.0,0.82370865,0.0,2.297829,2.939432,3.0663292,2.297829,0.0,0.0,0.0,0.82370865,0.82370865,1.2691625,2.7940586,0.0,0.0,0.0,0.82370865,2.1602857,0.82370865,1.2691625,2.6238973,0.0,0.0,0.0,2.4187212,0.82370865,0.0,0.82370865,0.0,0.0,0.0,0.0,0.0,0.0,1.576255,0.82370865,2.297829,3.3271077,0.0,2.8693845,0.82370865,0.82370865,T_cell
0.0,1.1322428,0.0,0.0,0.0,1.1322428,0.0,0.0,1.649661,0.0,1.1322428,1.649661,2.8803697,3.3440588,0.0,0.0,0.0,0.0,0.0,0.0,3.4824426,0.0,0.0,0.0,0.0,1.649661,0.0,2.2418184,1.649661,0.0,1.1322428,0.0,1.1322428,0.0,0.0,1.9889452,0.0,0.0,1.1322428,0.0,0.0,0.0,1.1322428,0.0,2.2418184,2.44348,1.1322428,2.8803697,1.1322428,0.0,T_cell
0.0,0.85646856,1.3109403,0.0,2.0508041,0.0,0.85646856,0.0,1.8593122,0.0,3.427718,2.0508041,1.8593122,2.9238489,1.6222534,0.0,0.0,0.85646856,0.0,1.3109403,1.3109403,4.01084,0.0,0.85646856,0.0,2.349832,2.4713688,2.0508041,1.6222534,0.0,0.0,0.0,2.0508041,1.3109403,0.0,1.8593122,0.0,0.85646856,0.85646856,0.0,0.0,0.0,1.6222534,1.8593122,2.349832,1.6222534,0.85646856,2.4713688,0.0,1.3109403,T_cell
2.8287072,4.1696725,3.8871298,2.8287072,3.8871298,4.569972,0.0,2.8287072,4.38972,0.0,3.8871298,0.0,0.0,5.5443063,0.0,0.0,0.0,2.8287072,0.0,0.0,0.0,0.0,2.8287072,2.8287072,3.4918644,0.0,3.8871298,0.0,0.0,0.0,0.0,2.8287072,2.8287072,0.0,2.8287072,0.0,0.0,0.0,2.8287072,0.0,2.8287072,0.0,0.0,0.0,0.0,3.8871298,0.0,0.0,3.4918644,3.4918644,Monocyte
0.0,1.029568,0.0,0.0,0.0,0.0,0.0,0.0,1.5259937,0.0,0.0,1.5259937,2.4680264,2.6099956,0.0,0.0,0.0,0.0,0.0,0.0,0.0,0.0,0.0,1.5259937,0.0,2.4680264,0.0,2.7342927,1.029568,0.0,0.0,0.0,1.029568,0.0,0.0,0.0,0.0,1.029568,1.5259937,0.0,0.0,0.0,1.029568,1.029568,1.029568,0.0,0.0,1.029568,0.0,1.5259937,T_cell
3.6713655,3.4826465,2.0489569,2.8197627,0.0,3.3336039,3.4108994,3.4826465,2.6754997,3.2498293,2.9458137,3.3336039,0.0,4.962536,1.1796598,2.6754997,2.3038912,2.0489569,2.3038912,2.0489569,0.0,0.0,2.3038912,1.7059355,1.7059355,0.0,2.9458137,0.0,3.7271097,3.0577397,2.5068586,2.6754997,3.3336039,2.5068586,2.9458137,0.0,1.1796598,2.0489569,2.0489569,2.3038912,2.0489569,2.0489569,2.9458137,2.5068586,2.0489569,2.3038912,1.7059355,2.0489569,3.2498293,0.0,Monocyte
0.0,0.0,0.0,0.0,0.0,0.0,0.0,0.0,0.0,0.0,1.675807,1.1542213,2.472983,2.2707033,0.0,0.0,0.0,0.0,0.0,1.1542213,1.1542213,0.0,0.0,0.0,0.0,1.1542213,0.0,1.675807,2.0168555,0.0,1.1542213,0.0,1.675807,0.0,0.0,0.0,0.0,1.1542213,0.0,0.0,0.0,0.0,1.1542213,0.0,0.0,0.0,0.0,1.675807,1.1542213,0.0,T_cell
3.1654384,3.6940558,3.7917678,3.1654384,3.3259797,3.7441049,3.2489274,3.4642775,3.3975174,2.2250807,2.4263756,4.0380573,0.0,4.7583995,2.8626842,1.9727846,2.2250807,1.6345432,1.1195768,2.2250807,0.0,0.0,3.1654384,2.4263756,2.2250807,0.0,2.5938616,0.0,3.9625058,1.1195768,2.737279,2.2250807,3.2489274,1.6345432,1.1195768,0.0,1.9727846,2.4263756,2.4263756,2.4263756,2.2250807,1.1195768,2.4263756,1.9727846,3.2489274,2.4263756,2.2250807,1.6345432,1.6345432,2.8626842,Monocyte
0.0,1.4188838,0.0,0.0,0.0,0.71499103,0.0,0.0,0.0,0.0,0.0,1.4188838,2.5245962,2.437263,0.0,0.71499103,0.0,0.0,0.0,0.71499103,2.437263,0.0,0.0,0.0,0.71499103,1.4188838,0.0,1.6441627,0.0,0.0,0.0,0.0,0.71499103,0.0,0.0,0.71499103,0.0,1.1276326,0.71499103,0.0,0.0,0.0,0.71499103,0.0,1.1276326,1.1276326,0.0,1.1276326,0.71499103,0.71499103,T_cell
3.4211082,3.6298752,4.136364,3.050706,3.7757168,4.036967,2.9930346,2.4559233,4.036967,1.9345115,3.5650113,3.690787,0.0,5.027617,3.597969,3.050706,2.7219262,1.2143978,0.78121877,2.0924559,0.0,0.0,2.3488064,3.050706,2.3488064,0.0,3.1052315,0.0,3.2061007,2.2288232,0.78121877,0.78121877,2.7219262,0.78121877,1.7468545,0.0,2.7219262,1.9345115,2.4559233,1.9345115,1.2143978,1.5156541,2.0924559,0.0,2.2288232,0.78121877,1.5156541,1.7468545,1.7468545,2.3488064,Monocyte
3.9588912,3.3196776,2.786824,3.1715362,1.5701456,2.897737,3.2483478,3.6154969,2.897737,3.4486783,4.185478,3.0883303,0.0,4.746847,1.0659769,2.1534696,2.1534696,2.3531232,2.6620564,3.3196776,1.0659769,0.0,2.5194726,2.1534696,2.5194726,0.0,2.5194726,0.0,2.1534696,2.3531232,1.9037513,2.6620564,3.665444,2.1534696,2.6620564,0.0,1.5701456,2.3531232,2.1534696,1.5701456,1.0659769,2.3531232,3.0883303,1.9037513,2.1534696,1.9037513,1.9037513,0.0,2.3531232,2.5194726,Monocyte
2.7902246,3.3231704,2.7902246,2.7902246,2.1566732,3.847037,3.0010107,2.7902246,2.522805,3.3231704,4.1293693,3.3231704,0.0,4.844963,0.0,1.5730164,1.5730164,3.4521868,3.175008,2.1566732,0.0,1.5730164,1.5730164,0.0,3.0010107,0.0,2.1566732,0.0,3.4521868,0.0,3.175008,2.522805,3.3231704,0.0,1.5730164,0.0,0.0,3.4521868,2.1566732,2.1566732,2.522805,2.1566732,2.522805,0.0,0.0,2.1566732,0.0,0.0,2.1566732,1.5730164,Monocyte
0.0,0.0,0.0,0.0,0.0,0.95207864,0.0,0.0,0.0,0.0,2.4963105,1.9966521,2.8279583,2.9178782,0.0,0.95207864,0.0,0.0,0.0,0.0,2.61949,0.0,0.0,0.0,0.95207864,1.7532386,0.0,2.61949,0.0,0.0,0.0,0.0,1.9966521,1.9966521,0.0,1.4308326,0.0,0.0,0.95207864,0.0,0.0,0.0,0.0,0.95207864,1.7532386,0.0,0.95207864,3.2135155,0.0,0.0,T_cell
0.0,1.1782571,0.0,0.0,0.0,1.1782571,0.0,0.0,1.1782571,0.0,0.0,1.7042779,2.9438944,3.15645,0.0,0.0,0.0,0.0,0.0,0.0,1.7042779,0.0,0.0,0.0,0.0,1.1782571,0.0,2.3020678,1.1782571,0.0,0.0,0.0,0.0,0.0,0.0,1.7042779,0.0,0.0,0.0,0.0,0.0,0.0,0.0,1.1782571,0.0,1.1782571,0.0,2.3020678,0.0,1.1782571,T_cell
0.0,0.92443746,0.0,0.0,0.0,0.0,0.0,0.0,0.92443746,0.0,2.785289,2.957272,3.4943674,2.6867619,0.0,0.0,0.92443746,0.92443746,0.0,1.9575281,2.1520238,2.3147805,0.0,0.92443746,0.0,2.454718,0.0,1.9575281,2.1520238,0.0,0.92443746,0.0,1.7158409,0.0,0.0,0.0,0.0,0.0,0.0,0.0,0.0,0.0,1.7158409,0.0,1.7158409,0.92443746,0.0,2.785289,0.0,0.92443746,T_cell
3.2435355,3.5833027,2.309765,3.2928758,2.430808,2.8065128,2.309765,3.2928758,2.8818974,2.309765,4.082953,3.384803,1.2787137,4.852099,0.83117205,2.1720264,2.309765,2.724979,3.9424422,3.078976,0.0,0.0,2.1720264,0.83117205,2.5387692,0.0,3.078976,0.0,0.83117205,0.0,2.430808,2.1720264,3.9915056,2.430808,2.430808,0.0,0.83117205,1.8219706,2.5387692,2.0122383,2.0122383,2.1720264,2.724979,2.1720264,2.8818974,2.0122383,1.8219706,1.2787137,2.0122383,2.0122383,Monocyte
0.813858,0.813858,0.0,0.0,0.0,0.0,0.0,0.0,0.0,0.0,0.813858,1.5623026,3.3979166,2.6075644,0.0,0.0,0.0,0.0,0.0,0.813858,1.9855409,0.0,0.0,0.0,0.813858,2.2819927,0.0,2.2819927,1.2565256,0.0,0.813858,0.0,0.813858,0.0,0.0,0.0,0.0,0.0,0.0,0.0,0.0,0.0,1.2565256,0.0,1.796148,0.0,0.0,1.796148,0.0,1.2565256,T_cell
3.6287756,4.293499,3.3202283,3.5988333,3.0445225,2.581899,3.397487,2.4941235,3.3596034,2.4941235,4.073764,3.8164907,0.74721444,4.822966,2.9901612,1.4663371,2.4941235,1.4663371,1.1700712,2.8716798,0.74721444,0.0,2.4941235,2.036882,0.74721444,0.0,3.2364974,0.0,3.6287756,1.6945958,2.3978953,2.9326742,3.0445225,3.3202283,2.662588,0.0,0.74721444,2.3978953,2.1722233,1.4663371,2.4941235,2.1722233,3.0960803,2.7372494,2.9326742,2.1722233,2.7372494,1.4663371,1.8803129,2.4941235,Monocyte
3.1677518,3.8226106,3.6134171,3.5250096,3.3757555,2.9048045,2.987242,2.483631,3.8396251,0.94361126,3.2002492,4.686687,0.5792063,4.742931,3.2622373,2.483631,2.343291,2.26497,1.2101132,2.1799896,0.0,0.0,1.7418212,3.0994065,2.0871112,0.0,2.987242,0.0,2.9468725,2.5470455,1.2101132,2.1799896,2.6066775,2.4159207,1.5939399,0.0,2.76681,1.2101132,2.26497,2.4159207,1.5939399,1.9847147,2.26497,2.8608885,3.0633981,1.7418212,1.7418212,1.7418212,1.7418212,2.343291,Monocyte
0.0,0.0,0.0,0.0,0.0,0.0,0.0,0.0,0.82942027,0.0,3.1339202,0.82942027,2.3069682,2.0095484,1.2764738,0.0,0.0,0.0,0.0,0.0,2.9490523,0.0,0.0,0.0,0.0,1.2764738,1.5843189,1.5843189,1.819368,0.0,0.0,0.0,1.2764738,0.0,0.0,3.2898858,0.0,0.0,0.0,0.0,0.0,0.0,1.5843189,1.2764738,2.0095484,0.0,0.0,1.819368,0.0,0.82942027,T_cell
0.0,0.0,0.0,0.0,0.93053377,0.0,1.4040667,0.0,1.7241206,0.0,3.5493004,2.1609423,3.4072254,2.7947552,0.0,0.0,0.0,2.4639416,0.0,1.4040667,2.8844926,2.1609423,0.0,0.0,0.93053377,2.5867786,0.0,1.7241206,0.93053377,0.0,0.0,0.0,2.7947552,0.0,0.0,0.0,0.0,0.0,0.0,0.0,0.0,0.0,0.0,0.0,0.0,2.4639416,0.0,0.0,0.0,0.93053377,T_cell
3.3100038,3.7201889,4.0830345,3.4516153,3.6137812,3.6137812,3.257963,2.7896705,3.257963,2.0723515,3.0833054,3.0833054,0.0,4.614983,3.2030647,2.493996,2.7896705,2.3721924,0.0,3.0833054,0.0,0.8707476,2.8715487,2.8715487,3.3100038,0.0,2.7004857,0.0,4.293362,1.3290339,2.602561,1.6421157,2.8715487,1.3290339,2.3721924,0.0,2.7896705,1.6421157,2.0723515,2.602561,2.0723515,1.3290339,3.017579,0.0,3.0833054,0.8707476,2.2334683,0.8707476,2.0723515,1.3290339,Monocyte
4.006508,3.5295472,3.5648673,2.754609,3.6948547,2.9649444,3.3742905,2.584934,3.9372208,2.3804655,3.3742905,3.9130156,0.0,5.2904105,3.5648673,2.829745,2.829745,2.673366,0.0,2.9649444,0.0,0.0,2.2600627,3.138635,3.138635,0.0,2.8996277,0.0,2.8996277,1.2390938,1.2390938,1.5430255,3.138635,1.5430255,1.2390938,0.0,2.2600627,1.9644805,2.3804655,2.2600627,1.5430255,1.2390938,2.829745,1.7757938,2.8996277,0.0,1.5430255,2.2600627,0.8003148,1.2390938,Monocyte
3.0614593,3.776348,3.8816388,3.1483514,3.633355,2.8611062,2.8040504,3.3023148,4.01259,1.7659818,3.4039888,4.351406,0.0,4.501924,3.0614593,2.6102908,2.1697044,2.4565141,1.919386,2.679134,0.0,0.0,1.919386,3.3023148,1.919386,0.0,2.8040504,0.0,3.2282934,2.0523572,1.3631245,1.3631245,3.2282934,3.2282934,1.919386,0.0,3.435706,2.2747161,1.7659818,2.2747161,1.5847042,1.5847042,2.3697407,2.8611062,3.5533795,2.2747161,2.2747161,1.7659818,1.3631245,2.0523572,Monocyte
0.0,0.88806015,0.0,0.0,0.0,0.0,0.0,0.0,0.0,0.0,2.399065,2.728121,2.9752917,3.4802868,0.0,0.0,0.0,0.0,0.0,0.88806015,2.728121,2.9752917,0.0,0.0,0.0,3.0457478,0.88806015,2.399065,2.0982697,0.0,1.666051,0.0,0.88806015,1.9053324,0.0,1.3508799,0.0,0.0,0.0,0.0,0.0,0.0,1.3508799,0.88806015,2.0982697,1.3508799,0.0,1.9053324,0.0,1.3508799,T_cell
3.1040716,3.7217371,3.4420867,2.7450778,3.199873,2.9981103,3.244538,2.1796417,3.748482,2.298937,3.5442421,3.9400306,0.7516275,4.6664734,2.7450778,2.5896368,2.4055057,2.4055057,0.7516275,1.7014322,0.0,0.0,2.5896368,1.8874091,2.4055057,1.4727803,2.7450778,0.0,2.1796417,2.1796417,2.0441628,0.7516275,2.9981103,2.4055057,2.0441628,0.0,0.0,0.7516275,1.8874091,1.7014322,1.17585,1.7014322,2.4055057,1.17585,2.879576,1.17585,1.7014322,2.7450778,1.17585,2.0441628,Monocyte
0.0,0.8565465,0.0,0.0,0.0,0.0,0.0,0.0,1.3110392,0.0,2.848401,2.3499548,0.8565465,2.6776004,0.0,0.0,0.0,2.3499548,0.0,1.3110392,2.9239771,0.0,0.0,0.8565465,0.0,0.8565465,0.0,2.2115746,2.0509222,0.0,0.0,0.8565465,2.2115746,0.0,0.0,0.0,0.0,0.0,0.8565465,0.0,0.0,0.0,0.8565465,1.8594266,2.5798473,2.2115746,0.0,2.5798473,0.0,1.3110392,T_cell
3.2433114,3.1771028,3.6138058,3.4714484,2.7581758,3.1061978,3.1061978,0.9712438,3.7767053,1.4545265,4.315556,4.399623,0.0,5.023834,3.5211868,3.3638716,2.3839223,3.3054073,0.9712438,2.947251,0.0,0.0,2.2198703,3.4714484,2.2198703,0.0,3.3054073,0.0,3.419106,3.029879,2.5248156,1.4545265,3.8491764,2.7581758,1.7789583,0.0,0.0,2.7581758,1.4545265,2.6482875,1.7789583,0.0,3.029879,2.3839223,3.3054073,2.0235205,1.4545265,2.2198703,0.9712438,2.6482875,Monocyte
2.9328425,4.0275083,3.1828432,3.382677,2.8333807,3.3203998,2.5987306,2.5987306,3.382677,1.8459765,3.8166645,3.2539847,0.0,5.024788,2.0933907,2.4568985,2.0933907,3.0233004,1.8459765,3.0233004,0.0,0.0,1.5164863,2.5987306,2.0933907,0.0,2.7229226,0.0,2.4568985,0.0,2.8333807,2.0933907,4.146831,1.0217651,2.4568985,0.0,0.0,2.4568985,1.8459765,2.4568985,1.8459765,2.8333807,1.5164863,1.0217651,0.0,1.8459765,2.5987306,0.0,1.8459765,2.2915716,Monocyte
0.0,0.9039314,0.0,0.0,0.0,0.0,0.0,0.0,0.0,0.0,3.8715622,0.0,1.6878563,2.9248538,0.0,0.0,0.0,1.9282068,0.0,2.6549044,2.4234781,0.0,0.9039314,0.9039314,0.0,2.2839882,1.3708211,0.0,3.8715622,0.0,0.0,0.0,3.5062904,0.0,0.0,1.9282068,0.0,1.3708211,0.0,0.0,0.0,0.0,1.3708211,0.0,0.0,2.4234781,0.0,2.84271,0.0,1.6878563,T_cell
0.0,1.0653533,1.0653533,0.0,0.0,1.0653533,0.0,0.0,1.5693922,0.0,2.5185978,2.1526287,3.614571,2.3522625,1.0653533,0.0,0.0,1.5693922,0.0,1.5693922,2.9966638,0.0,0.0,1.0653533,0.0,1.9029417,0.0,2.1526287,1.0653533,0.0,0.0,0.0,1.9029417,0.0,0.0,1.0653533,0.0,0.0,0.0,0.0,0.0,0.0,1.0653533,1.0653533,0.0,2.1526287,0.0,1.5693922,0.0,1.5693922,T_cell
3.5357018,4.0498033,3.8529973,3.484632,3.630626,2.6257575,3.1447008,2.2558453,3.6963377,2.5619216,3.2157269,4.398239,0.0,4.8273425,3.0277019,2.341584,1.943099,1.6623487,2.0585608,2.84679,0.61752653,0.0,2.4205484,1.943099,2.5619216,0.0,2.4205484,0.0,2.9413314,2.1620603,2.1620603,2.5619216,3.0682416,2.6857617,1.6623487,0.0,2.1620603,2.0585608,2.7423685,1.4855384,2.2558453,2.1620603,2.8951776,0.61752653,3.5357018,2.7959416,2.2558453,1.2706048,2.4937313,2.1620603,Monocyte
3.3071027,3.7156475,3.3071027,3.3948848,3.3519568,2.6046596,3.3071027,3.5136092,3.6527302,3.1043737,3.9339113,3.7156475,0.0,5.1141024,3.0465484,2.6932263,2.8498163,3.1043737,1.7935325,2.919783,0.0,0.0,2.3998294,2.6046596,2.774583,0.81211257,2.8498163,0.81211257,2.1419435,1.2542828,1.9828355,2.3998294,2.8498163,0.0,2.3998294,0.0,0.0,2.5074797,2.2791765,2.1419435,2.2791765,2.774583,2.774583,0.0,0.81211257,2.6932263,2.3998294,0.0,1.5598243,2.919783,Monocyte
0.0,0.0,0.0,0.0,0.0,0.0,0.87382704,0.0,1.3329269,0.0,3.2081413,2.498851,3.364577,3.0226119,0.87382704,0.0,0.0,0.0,0.0,1.6463847,2.8765407,0.0,0.0,0.87382704,0.87382704,2.076978,0.87382704,1.3329269,2.3769913,0.0,1.3329269,0.0,2.498851,0.0,0.0,2.8765407,0.0,1.3329269,0.0,0.0,0.0,0.0,1.6463847,0.87382704,2.076978,1.8846807,1.3329269,1.3329269,0.0,0.0,T_cell
4.1223,3.534785,3.0243666,3.4759817,3.1985574,3.1985574,3.0243666,3.642936,3.275455,3.534785,4.241807,3.3468592,0.0,5.349563,2.54542,2.3786645,2.1784253,2.1784253,2.6883016,3.1985574,0.0,0.0,2.3786645,1.5925345,2.3786645,0.0,3.3468592,0.0,1.9277884,0.0,2.3786645,3.534785,3.9495213,1.5925345,2.1784253,0.0,0.0,3.0243666,2.54542,2.54542,2.9243906,2.3786645,2.9243906,1.9277884,2.1784253,2.3786645,1.0845461,1.5925345,1.5925345,2.1784253,Monocyte
3.1709347,3.284044,3.38565,2.9874249,2.8651433,2.6480954,2.7624965,2.7624965,3.2403233,2.6480954,3.8550344,4.2574654,0.99777156,4.9556417,2.3704906,2.725798,2.725798,2.4224448,2.4718323,2.6068559,0.0,0.0,1.4871488,2.0603764,2.0603764,0.0,2.4718323,0.0,2.8971438,1.814286,1.3490385,1.7166675,3.4953446,1.4871488,1.9848809,0.0,1.3490385,1.814286,2.3704906,2.3156888,2.4224448,2.3704906,2.2577085,1.3490385,2.8971438,1.6084787,2.0603764,2.4718323,2.3156888,2.0603764,Monocyte
0.0,2.0726752,0.0,0.0,0.0,0.0,0.0,0.0,1.1985635,0.0,3.1844296,2.53185,3.575998,2.3283896,0.0,0.0,0.0,1.1985635,0.0,2.0726752,3.4371936,1.1985635,0.0,0.0,0.0,2.8453426,1.1985635,1.728234,2.8453426,0.0,1.1985635,0.0,1.728234,0.0,0.0,1.1985635,0.0,1.1985635,0.0,0.0,0.0,0.0,1.1985635,0.0,2.8453426,2.3283896,0.0,2.53185,0.0,0.0,T_cell
0.0,0.8748858,0.0,0.8748858,0.0,0.0,0.8748858,0.0,0.0,0.0,1.3342648,1.3342648,2.3786392,2.2398167,0.0,0.0,0.0,0.0,0.0,0.0,2.078567,0.0,0.0,0.0,0.0,2.3786392,1.6478513,2.078567,0.0,0.0,0.8748858,0.0,1.6478513,0.0,0.0,0.0,0.0,0.0,0.0,0.0,0.0,0.0,1.3342648,0.0,2.5005183,0.8748858,0.0,2.2398167,0.0,1.3342648,T_cell
0.0,0.0,0.0,0.0,0.0,0.0,0.0,0.0,1.0049978,0.0,0.0,0.0,2.698351,2.8086262,0.0,0.0,0.0,0.0,0.0,0.0,2.0703511,0.0,0.0,0.0,0.0,1.8238562,0.0,0.0,2.0703511,0.0,0.0,1.0049978,1.8238562,0.0,0.0,1.0049978,0.0,0.0,1.4960011,0.0,0.0,1.0049978,1.0049978,1.0049978,2.0703511,0.0,0.0,2.4328594,0.0,0.0,T_cell
0.0,0.0,0.0,0.0,0.0,0.8434309,0.0,0.0,0.8434309,0.0,0.0,2.1912029,1.60402,2.9023147,0.0,0.0,0.0,0.0,0.8434309,0.0,2.4505415,0.0,0.0,0.0,0.0,1.2943587,0.8434309,0.8434309,1.2943587,0.0,1.2943587,0.0,1.2943587,0.0,0.0,2.9023147,0.0,0.0,0.8434309,0.0,0.0,0.0,1.60402,0.0,1.2943587,2.0309916,0.0,2.5586953,0.8434309,0.8434309,T_cell
3.6458006,3.8533516,3.6458006,3.2405713,3.448078,2.181034,3.2782855,1.9303025,3.4788322,3.2013788,3.9524064,4.6069202,1.0864941,4.794101,2.9271743,1.7765887,2.622138,2.9271743,0.6840724,2.181034,0.0,0.0,2.0635061,2.622138,2.2861907,0.0,2.8731606,0.0,2.8160625,2.548131,1.3726511,0.6840724,3.416348,1.5948784,2.3813338,0.0,1.0864941,2.0635061,2.181034,1.5948784,2.6910434,2.181034,2.978419,2.181034,3.118061,2.7555053,1.9303025,2.2861907,1.0864941,2.3813338,Monocyte
0.0,0.0,1.0435398,0.0,0.0,0.0,1.874529,0.0,0.0,0.0,1.0435398,1.5429773,1.874529,3.2865155,0.0,0.0,0.0,0.0,0.0,0.0,1.5429773,0.0,0.0,0.0,0.0,1.5429773,0.0,2.6300704,2.1230993,0.0,1.0435398,0.0,1.5429773,1.0435398,0.0,1.874529,0.0,0.0,0.0,0.0,0.0,0.0,1.0435398,1.0435398,0.0,2.3220198,0.0,2.9648862,0.0,1.5429773,T_cell
0.0,0.0,0.0,0.0,0.0,1.0062072,1.0062072,0.0,1.0062072,0.0,0.0,0.0,1.0062072,2.7001295,0.0,0.0,0.0,1.0062072,0.0,0.0,2.9097426,3.792793,0.0,0.0,0.0,2.2696524,2.0720177,2.5761518,1.4974811,0.0,0.0,0.0,1.4974811,1.0062072,0.0,0.0,0.0,0.0,0.0,0.0,0.0,0.0,1.8254557,1.0062072,2.4345992,1.8254557,0.0,2.9097426,0.0,0.0,T_cell
3.0911078,3.761267,3.6527734,2.9277437,3.1868532,2.3931613,2.9852152,2.6577435,3.9482698,3.0395625,3.5310602,3.5629053,0.0,4.85292,3.0911078,1.8759005,2.6577435,1.6903459,2.0323544,2.9852152,0.0,0.0,2.3931613,2.4893458,2.1676095,0.0,2.8667665,0.0,2.7323787,2.2867312,2.2867312,2.0323544,3.8591332,1.4623328,1.166482,0.0,2.3931613,1.6903459,2.1676095,1.4623328,2.1676095,2.0323544,2.5770853,1.166482,2.1676095,2.8667665,2.0323544,0.74447644,2.3931613,2.5770853,Monocyte
0.0,0.0,0.0,0.0,0.0,0.7140323,0.0,0.0,1.4174607,0.0,1.4174607,1.4174607,2.6775033,2.603172,0.7140323,0.7140323,0.0,1.1263633,0.0,0.0,1.8263295,0.0,0.0,1.1263633,0.0,1.1263633,1.4174607,1.8263295,1.4174607,0.0,0.0,0.0,1.6426479,0.0,0.0,0.0,0.0,0.7140323,1.1263633,0.0,0.0,0.0,0.0,0.0,1.4174607,0.0,0.0,1.6426479,0.0,0.0,T_cell
3.1633656,4.053959,2.3085694,3.2548244,2.3085694,3.4876833,2.8246498,2.6803386,2.6803386,2.511632,3.6173859,3.4876833,0.0,5.3865137,1.1832615,2.0534847,2.511632,2.0534847,1.1832615,2.9507372,0.0,0.0,2.511632,0.0,2.3085694,0.0,2.9507372,1.1832615,2.3085694,2.3085694,2.511632,2.6803386,3.338615,0.0,2.0534847,0.0,0.0,2.6803386,1.7101898,1.7101898,2.8246498,1.1832615,2.0534847,1.1832615,2.6803386,1.1832615,1.7101898,0.0,1.7101898,2.0534847,Monocyte
3.058369,4.0771885,3.6173065,3.1242259,3.4931285,3.299192,3.5362575,3.058369,3.7277539,0.0,4.170956,4.3910074,0.0,4.7493515,3.6922765,2.4111164,2.9878669,2.6422927,1.3607126,2.9878669,0.0,0.0,2.829934,3.1242259,2.829934,0.0,3.058369,0.0,3.058369,2.6422927,1.3607126,1.9166199,3.5776029,1.3607126,1.3607126,0.0,0.89587796,1.676808,2.4111164,1.9166199,2.53337,1.676808,2.740508,0.89587796,2.9878669,1.9166199,1.676808,1.3607126,2.912015,2.6422927,Monocyte
3.3097494,3.5882583,3.0956957,3.0956957,2.5885048,3.5636492,3.0956957,1.685728,3.012789,0.0,4.107437,3.9168,1.685728,4.862709,3.4306061,3.6122763,3.2433622,2.0837078,0.0,3.2771065,0.0,0.0,1.5078706,2.5885048,2.7126002,0.0,3.012789,0.0,4.1499143,2.281643,0.0,0.0,3.0551014,0.0,1.0147055,0.0,1.9678013,0.0,2.5201597,2.281643,0.0,1.0147055,2.5885048,1.685728,1.9678013,0.0,0.6308863,2.5885048,2.0837078,2.0837078,Monocyte
2.8160625,4.180748,3.1352892,2.3443556,1.7427926,2.9883604,2.7173288,1.9857306,2.7173288,2.9059176,2.9059176,4.1564374,0.0,4.829243,0.9443307,2.3443556,0.0,2.8160625,1.9857306,2.6077683,0.0,0.0,2.6077683,1.7427926,2.9883604,0.0,2.8160625,0.0,2.8160625,2.181034,3.0645208,2.6077683,3.1352892,2.3443556,1.9857306,0.0,0.0,1.7427926,1.4212232,1.7427926,1.4212232,2.181034,2.7173288,2.181034,3.1352892,2.181034,1.7427926,1.7427926,0.9443307,2.4847102,Monocyte
0.0,1.1236238,0.0,0.0,0.0,0.0,1.1236238,0.0,0.0,0.0,2.7428937,0.0,2.5994165,3.0800648,0.0,0.0,0.0,2.230436,0.0,1.6393776,0.0,0.0,0.0,0.0,1.1236238,3.2546973,1.9779544,3.1711884,1.1236238,0.0,0.0,0.0,2.431849,0.0,0.0,1.6393776,0.0,1.1236238,0.0,0.0,0.0,0.0,0.0,1.1236238,2.5994165,0.0,0.0,3.0800648,0.0,0.0,T_cell
3.458871,4.6155014,2.5291548,3.458871,2.1627789,3.8537922,2.5291548,3.0075703,2.5291548,2.796704,4.404281,3.9322028,1.5784906,4.4941893,0.0,3.3298244,3.3298244,3.3298244,2.796704,2.5291548,0.0,0.0,3.458871,0.0,2.1627789,0.0,3.0075703,0.0,2.796704,3.3298244,2.796704,2.5291548,3.458871,0.0,1.5784906,1.5784906,3.3298244,1.5784906,3.0075703,1.5784906,3.0075703,0.0,4.0049095,0.0,2.5291548,1.5784906,2.1627789,0.0,2.796704,2.5291548,Monocyte
1.1490432,1.1490432,0.0,0.0,1.1490432,2.0102947,0.0,0.0,1.1490432,0.0,2.4660518,2.263916,1.1490432,3.4395335,0.0,0.0,0.0,0.0,0.0,1.1490432,0.0,3.8797848,0.0,1.6696569,0.0,0.0,1.1490432,2.7779622,1.1490432,0.0,0.0,0.0,2.4660518,0.0,0.0,2.4660518,0.0,0.0,0.0,0.0,0.0,0.0,1.1490432,1.6696569,1.1490432,1.1490432,0.0,1.6696569,0.0,1.1490432,T_cell
0.0,0.0,0.0,0.0,0.0,0.0,0.0,0.0,1.2513362,0.0,2.915881,0.8098208,3.1550875,2.9812567,0.0,0.8098208,0.0,1.5565675,0.0,1.5565675,2.9812567,2.1383035,0.0,0.0,0.0,2.9812567,1.9792793,2.2754745,0.8098208,0.0,0.0,0.0,2.396079,0.8098208,0.0,1.7900949,0.0,0.8098208,0.0,0.0,0.0,0.0,1.7900949,0.0,1.7900949,2.1383035,0.0,2.396079,0.0,0.8098208,T_cell
0.960462,0.0,0.960462,0.0,0.0,0.0,0.0,0.0,0.960462,0.0,1.7645098,2.5088122,2.3681312,2.5088122,0.0,0.0,0.0,0.0,0.0,0.0,2.6321208,1.7645098,0.0,0.960462,0.0,2.9307635,0.960462,2.2043674,2.0084305,0.0,0.0,0.0,0.0,0.960462,0.0,2.5088122,0.0,0.960462,0.0,0.0,0.0,0.0,1.4412102,0.0,3.3470705,0.0,0.960462,3.226588,1.7645098,0.960462,T_cell
0.0,0.0,0.0,0.0,0.0,0.0,0.9733906,0.0,0.0,0.0,0.9733906,0.0,1.4571738,3.033165,0.0,0.0,0.0,0.9733906,0.9733906,0.9733906,0.0,0.0,0.0,1.4571738,0.0,2.0265174,0.0,2.0265174,0.9733906,0.0,0.0,0.0,0.9733906,0.0,0.9733906,1.4571738,0.0,0.0,0.9733906,0.0,0.0,0.0,0.9733906,0.0,0.0,0.0,0.9733906,0.9733906,0.0,0.9733906,T_cell
0.0,0.0,0.841549,0.0,0.0,1.2919605,0.0,0.0,1.2919605,0.0,0.0,0.841549,2.6532123,2.4475217,1.6013802,0.0,0.0,0.0,0.0,1.2919605,2.5556462,0.841549,0.0,0.0,0.0,1.6013802,1.2919605,2.3262727,0.841549,0.0,0.0,0.0,1.6013802,0.0,0.0,0.0,0.0,0.0,0.0,0.0,0.0,0.0,0.841549,0.841549,1.6013802,2.1882675,0.0,0.841549,0.0,0.0,T_cell
3.5428622,4.100749,3.3810544,3.3810544,2.948318,2.948318,1.275915,3.0752742,3.4652274,2.4272697,3.6149015,3.8042958,0.0,5.0978193,3.0752742,2.8028674,2.8028674,2.8028674,1.8187187,2.948318,0.0,0.0,2.948318,3.4652274,3.0752742,0.0,2.948318,0.0,3.0752742,2.1685889,1.8187187,2.1685889,3.4652274,2.4272697,1.8187187,0.0,0.0,1.8187187,2.1685889,2.4272697,2.948318,1.275915,1.275915,0.0,2.4272697,2.1685889,2.1685889,0.0,2.6326,2.6326,Monocyte
3.4388385,3.9367402,3.196654,3.196654,2.0412421,3.7966366,3.196654,3.7184627,2.0412421,1.4701952,4.1690125,3.0492969,0.0,4.6200833,2.0412421,2.6672516,2.0412421,2.4024532,2.0412421,2.4024532,0.0,0.0,2.4024532,2.0412421,3.4388385,0.0,2.6672516,0.0,3.3250601,2.876409,3.86914,2.0412421,3.7184627,1.4701952,2.6672516,0.0,2.0412421,1.4701952,1.4701952,1.4701952,2.4024532,1.4701952,2.4024532,0.0,2.876409,0.0,2.0412421,0.0,2.4024532,0.0,Monocyte
2.815447,3.4369793,3.0265427,3.5177848,2.4394815,3.5177848,3.0265427,1.8299456,3.2526722,0.0,4.135073,4.0702057,0.0,5.164874,2.7338645,3.62793,2.8908732,2.815447,0.0,2.7338645,0.0,0.0,2.1804538,2.0204787,0.8365489,0.0,3.200751,0.0,3.5177848,2.1804538,0.0,0.0,3.30203,0.0,1.2855823,0.0,0.0,1.5943569,2.4394815,2.3183312,0.0,0.8365489,2.7338645,0.8365489,2.0204787,1.2855823,0.0,1.5943569,2.64503,1.2855823,Monocyte
3.2550704,3.633377,4.313223,2.9089022,4.086165,2.5586953,3.335361,2.7831314,4.0490704,2.8479927,2.7831314,3.6043246,0.0,4.383257,3.1210787,2.1499918,1.8590606,1.4470656,0.7340689,2.4710958,0.0,0.0,1.8590606,2.7831314,1.4470656,0.0,3.1210787,0.0,2.1499918,0.7340689,0.0,1.6741322,2.5586953,2.7137694,2.0150692,0.0,2.1499918,1.8590606,1.6741322,1.8590606,2.2688553,1.6741322,2.7137694,2.6392353,2.4710958,1.4470656,1.8590606,1.1528107,0.0,2.5586953,Monocyte
0.0,0.0,0.0,0.0,0.0,0.0,0.0,0.0,1.418963,0.0,1.9831597,3.3740141,1.9831597,1.9831597,0.0,0.0,0.0,1.418963,0.0,0.0,3.3740141,2.3416612,0.0,0.0,1.418963,1.9831597,1.9831597,0.0,3.9937532,0.0,0.0,0.0,0.0,0.0,0.0,0.0,0.0,0.0,0.0,0.0,0.0,0.0,0.0,1.9831597,3.3740141,0.0,0.0,2.8132603,0.0,0.0,T_cell
3.4674814,3.846832,3.8779135,2.9309926,3.3185165,3.3706763,3.14341,2.7592833,3.6750383,1.3756644,3.4674814,3.5125823,0.0,4.794029,2.848819,2.429391,2.1275485,2.2898154,0.0,2.2898154,0.0,0.0,2.55185,3.0069234,2.6609356,0.9077957,1.9337523,0.0,2.1275485,0.9077957,3.14341,1.693146,2.848819,0.0,1.693146,0.0,0.0,2.1275485,2.1275485,2.1275485,0.9077957,2.6609356,2.2898154,0.0,0.9077957,0.0,1.3756644,0.9077957,2.7592833,2.429391,Monocyte
3.8116984,3.7030706,3.1234937,3.3914459,2.7058132,3.6439853,3.3914459,1.7326273,2.8942611,0.0,3.8618855,4.4673624,0.9368112,5.280819,3.2811072,3.8939967,3.4668796,2.5963473,0.0,3.0154314,0.0,0.0,2.4057646,2.6525774,1.9750978,0.0,3.309854,0.0,3.4908106,0.0,1.2022954,0.0,3.4668796,0.0,2.1700995,0.0,0.0,1.5850587,2.33321,2.5963473,0.0,0.5743161,2.8044696,0.5743161,0.0,0.9368112,1.7326273,0.5743161,1.4118798,2.0773444,Monocyte
3.458871,3.6257405,1.9127153,3.3298244,1.5784906,3.0983784,2.6718507,3.3964279,2.1627789,2.907685,4.252166,3.458871,0.0,5.2136445,2.3626528,2.3626528,2.5291548,2.1627789,3.1816225,3.0983784,0.0,0.0,1.9127153,1.0728899,2.6718507,0.0,2.907685,0.0,2.5291548,2.3626528,3.1816225,2.1627789,3.8937657,1.5784906,2.5291548,0.0,1.0728899,2.5291548,2.5291548,2.1627789,2.3626528,2.3626528,3.0075703,2.5291548,2.3626528,2.1627789,1.5784906,0.0,2.907685,1.0728899,Monocyte
3.703222,3.7387092,2.8404987,3.4117057,2.6527216,3.7387092,2.7510111,3.458924,2.8404987,2.7510111,3.928659,3.3100035,0.0,5.3430524,1.9262004,2.8404987,2.6527216,2.7510111,2.7510111,2.5437074,0.0,0.0,0.90253484,0.90253484,2.2818797,0.0,3.0690682,0.0,3.0690682,2.1197708,2.2818797,1.3690697,3.7387092,2.4213383,2.4213383,0.0,2.5437074,2.6527216,2.5437074,1.6859428,2.1197708,2.2818797,3.0690682,2.4213383,2.7510111,1.9262004,2.1197708,2.5437074,1.9262004,2.1197708,Monocyte
0.0,1.7963576,1.7963576,0.0,0.0,1.7963576,0.0,0.0,0.0,0.0,0.0,3.4393249,2.77776,2.4029105,0.0,0.0,0.0,0.0,0.0,0.0,1.7963576,0.0,0.0,0.0,0.0,0.0,0.0,0.0,1.7963576,0.0,0.0,0.0,1.7963576,0.0,0.0,3.0497756,0.0,0.0,0.0,0.0,0.0,0.0,0.0,2.77776,1.7963576,0.0,0.0,3.2634,1.7963576,1.7963576,T_cell
0.0,0.0,0.0,0.0,0.7882174,0.0,0.0,0.0,1.223465,0.0,2.733956,1.9455332,3.7882948,2.8787832,0.0,0.0,0.0,0.7882174,0.0,1.7574939,3.4335616,2.9440222,0.0,0.0,0.0,2.1037478,1.223465,1.525712,1.525712,0.0,1.223465,0.0,1.525712,0.0,0.0,2.467697,0.0,0.0,0.7882174,0.0,0.0,0.0,1.223465,0.0,1.9455332,2.652833,0.0,1.525712,0.0,0.7882174,T_cell
0.0,0.0,0.0,0.0,0.0,1.2175709,0.7836663,0.0,0.0,0.0,0.7836663,1.2175709,2.6450632,2.2328486,0.0,0.0,0.0,0.0,0.0,0.0,2.6450632,0.0,0.0,0.7836663,0.0,0.0,1.519175,2.0964105,1.519175,0.0,0.0,0.0,1.7505797,0.7836663,0.0,0.0,0.0,0.7836663,0.0,0.0,0.0,0.0,1.2175709,1.2175709,2.3528864,0.7836663,0.0,0.7836663,0.0,0.7836663,T_cell
0.9365282,0.9365282,0.0,2.1696873,0.0,0.0,0.0,0.0,0.9365282,0.0,3.1891024,2.5959165,0.0,2.7053788,0.9365282,0.0,0.0,0.9365282,0.0,1.7322443,1.974697,3.2510622,0.0,1.4115279,0.0,2.9762082,0.0,1.4115279,1.4115279,0.0,0.0,0.0,1.7322443,0.9365282,0.0,2.3327897,0.0,0.9365282,0.0,0.0,0.0,0.0,2.3327897,0.9365282,2.1696873,2.1696873,0.0,0.9365282,0.0,1.4115279,T_cell
3.3332934,2.6298487,0.0,2.424567,2.1659634,2.9455087,3.0724466,2.8000824,2.5324662,3.6120167,4.1189857,3.2369583,0.0,5.170795,0.0,2.006311,1.8162354,3.2862854,2.6298487,2.6298487,0.0,0.0,1.8162354,0.0,1.8162354,0.0,2.8754368,0.0,2.1659634,0.8273139,1.8162354,1.8162354,3.2369583,1.5813472,1.5813472,0.0,0.8273139,2.5324662,1.8162354,1.2737788,2.3036015,2.3036015,2.7185836,0.8273139,3.185071,2.3036015,2.1659634,0.8273139,1.5813472,2.424567,Monocyte
0.0,0.0,0.0,1.0605161,0.0,0.0,0.0,0.0,0.0,0.0,2.7789986,1.5635452,2.8898578,2.9896443,0.0,0.0,0.0,1.8966573,0.0,1.5635452,3.2403316,0.0,0.0,0.0,0.0,1.8966573,1.0605161,1.5635452,0.0,0.0,1.0605161,0.0,1.5635452,0.0,0.0,3.3781989,0.0,0.0,0.0,0.0,0.0,0.0,0.0,0.0,2.345578,2.5118055,0.0,0.0,1.0605161,0.0,T_cell
0.0,0.0,0.0,0.0,0.0,0.8783253,0.8783253,0.0,0.8783253,0.8783253,2.0837233,0.0,2.7126167,2.7126167,0.0,0.8783253,0.0,0.0,0.0,0.8783253,2.0837233,0.8783253,0.0,0.8783253,0.0,2.3839862,1.6526117,0.8783253,1.3386079,0.0,0.0,0.0,2.2450824,0.0,0.0,3.2155387,0.0,0.8783253,0.0,0.0,0.0,0.0,0.0,1.6526117,2.5059278,0.0,0.0,2.5059278,0.0,0.8783253,T_cell
0.0,1.43411,0.0,0.0,0.0,0.0,0.0,0.0,1.43411,0.0,2.0003738,2.0003738,2.8320093,0.0,0.0,0.0,0.0,2.0003738,0.0,0.0,1.43411,0.0,0.0,1.43411,2.6234822,2.0003738,2.0003738,2.6234822,2.0003738,0.0,0.0,0.0,2.6234822,0.0,0.0,1.43411,0.0,0.0,0.0,0.0,0.0,0.0,1.43411,0.0,1.43411,1.43411,0.0,3.3932722,1.43411,0.0,T_cell
3.6031659,3.6322174,3.019474,3.0709682,2.2677875,3.0709682,3.166625,2.8468707,2.7126572,2.6381292,3.7146273,4.0288243,0.0,4.6425996,0.7334496,2.782014,2.373999,2.1489394,2.014037,3.11994,0.0,0.0,2.782014,1.8580551,2.014037,0.0,2.6381292,0.0,2.5575964,1.6731644,2.6381292,2.014037,3.2948744,1.6731644,2.2677875,0.0,1.1519958,2.373999,1.8580551,1.6731644,2.014037,2.2677875,2.6381292,0.7334496,1.8580551,1.8580551,2.1489394,0.0,1.6731644,2.4700055,Monocyte
0.0,0.0,0.0,0.0,0.0,0.0,0.0,0.0,1.3991048,0.0,3.1073184,1.9605374,3.4504864,2.9605935,0.0,0.92655224,0.0,0.0,0.0,0.0,3.9085197,0.0,0.0,0.0,0.0,2.4579208,0.92655224,2.4579208,0.0,0.0,0.0,0.0,2.1551204,0.0,0.0,1.3991048,0.0,0.0,0.0,0.0,0.0,0.0,1.3991048,0.0,0.0,1.9605374,0.0,0.0,0.92655224,0.92655224,T_cell
0.0,1.4280545,0.0,0.0,0.0,0.0,0.9498371,0.0,1.4280545,0.0,2.7257328,1.4280545,1.4280545,2.7257328,0.9498371,0.0,0.0,1.4280545,0.0,2.189018,2.7257328,3.4378662,0.0,1.4280545,0.0,3.0730984,0.9498371,0.0,2.9969046,0.0,0.0,0.0,1.7502195,0.0,0.0,2.492959,0.0,0.9498371,0.0,0.0,0.0,0.9498371,2.189018,2.492959,3.1438954,0.9498371,0.0,2.8245218,0.0,0.0,T_cell
3.1265845,3.797554,2.2740207,3.1265845,0.0,3.301568,3.6946821,3.8908234,0.0,2.9143484,4.05473,2.6445844,0.0,5.4655113,1.6788144,3.301568,1.6788144,1.6788144,3.4504442,2.6445844,0.0,0.0,2.6445844,0.0,2.6445844,0.0,3.4504442,0.0,1.6788144,0.0,3.301568,2.6445844,4.1955156,0.0,2.2740207,0.0,0.0,3.580001,2.2740207,1.6788144,0.0,1.6788144,1.6788144,0.0,1.6788144,1.6788144,0.0,0.0,0.0,3.4504442,Monocyte
2.9374557,3.4268532,2.5581458,3.2117991,2.295952,2.5581458,3.4268532,2.9374557,1.939594,3.3250961,3.2117991,3.6037452,1.939594,5.3445206,1.38077,2.7656784,1.38077,2.295952,1.939594,3.084006,0.0,0.0,2.7656784,1.38077,1.939594,0.0,2.7656784,0.0,2.7656784,1.38077,1.939594,0.0,4.000095,1.38077,2.295952,0.0,2.5581458,2.7656784,2.7656784,1.939594,1.38077,1.38077,2.295952,0.0,3.084006,2.5581458,0.0,1.38077,1.38077,1.38077,Monocyte
2.841028,4.1406646,4.096936,3.3282304,2.841028,3.3282304,3.504558,2.670312,3.3282304,2.9868057,3.582286,4.2986474,0.0,4.2227726,2.670312,1.8528216,2.464328,1.3053269,2.464328,2.841028,0.0,0.0,2.2046068,2.464328,1.8528216,0.0,2.841028,0.0,3.1140113,2.670312,3.7216713,0.0,2.841028,0.0,1.8528216,0.0,0.0,2.464328,1.8528216,1.3053269,2.2046068,2.464328,3.1140113,2.670312,3.3282304,1.3053269,1.8528216,2.2046068,1.3053269,1.3053269,Monocyte
3.0046277,3.5509028,1.7070428,3.2064524,2.0501354,2.6767595,2.8860502,2.821035,2.5081012,3.059029,3.8555481,4.0303354,0.7552572,5.047017,0.7552572,2.6767595,2.0501354,2.5959818,3.2511299,2.305109,0.0,0.0,2.305109,0.7552572,1.8932316,0.0,3.0046277,0.0,2.5081012,2.821035,2.305109,1.8932316,3.4122076,2.411747,1.8932316,0.7552572,1.180597,2.9470954,1.8932316,1.4780703,1.4780703,2.0501354,2.5959818,2.411747,2.751497,2.305109,2.0501354,0.7552572,2.1857266,2.411747,Monocyte
0.0,0.0,0.0,0.0,0.0,0.0,0.0,0.0,0.0,0.0,1.0210826,0.0,3.690787,3.1052315,0.0,0.0,0.0,0.0,0.0,0.0,1.8450785,0.0,0.0,0.0,0.0,1.8450785,1.0210826,1.5156541,0.0,0.0,0.0,0.0,2.0924559,1.0210826,0.0,2.7219262,0.0,1.0210826,0.0,0.0,0.0,0.0,0.0,0.0,2.0924559,0.0,0.0,2.4559233,0.0,1.0210826,T_cell
0.0,1.3855823,0.0,0.0,0.0,1.3855823,0.0,0.0,0.9157211,0.0,0.0,1.3855823,2.3017306,3.56861,0.0,0.0,0.0,0.0,0.0,0.0,1.3855823,0.0,0.0,0.0,0.0,1.7039713,0.0,2.1392283,0.0,0.9157211,0.0,0.0,0.9157211,0.0,0.0,2.9435394,0.0,0.9157211,0.0,0.0,0.0,0.0,0.0,0.9157211,2.1392283,0.0,0.0,2.3017306,0.0,1.7039713,T_cell
0.91608083,0.91608083,0.0,0.0,0.0,0.0,0.0,0.0,1.7044618,0.0,1.9456103,1.386032,0.0,2.5646265,0.91608083,0.0,0.0,0.0,0.0,0.0,3.276808,3.6503174,0.0,1.386032,0.0,1.7044618,1.386032,2.4420276,0.91608083,0.0,0.0,0.0,0.91608083,0.0,0.0,1.386032,0.91608083,0.91608083,0.91608083,0.0,0.0,0.0,1.386032,1.7044618,1.7044618,0.0,0.0,1.9456103,0.0,1.386032,T_cell
3.2248619,3.296126,2.7639012,1.8829856,2.4970164,3.1481273,3.8595185,3.0650113,3.0650113,2.1318917,3.7345552,3.7779682,0.0,5.1027746,2.1318917,2.4970164,2.6393359,2.9743555,1.5508338,2.1318917,0.0,0.0,1.5508338,1.8829856,2.4970164,0.0,1.5508338,0.0,3.0650113,2.4970164,2.8746545,2.7639012,3.5391781,1.0500172,1.5508338,0.0,0.0,1.0500172,2.3310268,1.5508338,1.5508338,1.5508338,2.9743555,1.8829856,2.8746545,2.1318917,2.4970164,1.0500172,1.8829856,1.5508338,Monocyte
0.0,0.89017016,0.0,0.0,0.0,0.0,0.89017016,0.0,0.0,0.89017016,3.5682094,2.524476,3.2898855,1.6689574,0.0,0.0,0.0,0.0,0.0,1.3535357,2.6333191,0.0,0.0,0.89017016,0.0,2.902878,1.3535357,1.6689574,0.89017016,0.0,1.3535357,0.0,2.524476,1.3535357,0.0,0.0,0.0,0.89017016,0.89017016,0.0,0.0,0.89017016,0.89017016,0.0,2.524476,1.6689574,0.0,2.820842,0.89017016,0.0,T_cell
0.0,0.0,0.0,0.0,0.0,0.0,1.2153145,0.7819256,0.7819256,0.0,0.0,1.2153145,2.4571152,2.5538707,0.0,0.0,0.0,0.0,0.0,0.0,2.723144,0.0,0.0,0.0,0.0,0.7819256,1.2153145,1.7479309,1.9356267,0.0,0.0,0.0,0.7819256,0.0,0.0,0.0,0.0,0.0,0.7819256,0.0,0.0,0.0,0.0,1.7479309,2.2299864,0.7819256,0.0,3.1581852,0.0,0.0,T_cell
0.0,0.7404372,0.0,0.0,0.0,0.0,0.0,0.0,1.4564164,0.0,2.1607869,1.4564164,2.650578,2.4822798,0.0,0.0,0.0,0.0,0.0,0.7404372,2.1607869,0.0,0.0,0.0,0.0,2.3861601,1.1611814,0.0,1.4564164,0.0,0.7404372,0.0,0.7404372,0.0,0.0,0.7404372,0.0,0.7404372,0.7404372,0.0,0.0,0.0,1.4564164,0.7404372,2.7251744,2.5699654,0.0,2.4822798,0.7404372,0.0,T_cell
2.9380631,3.6411016,2.6914644,3.0083807,1.6343217,2.7805936,3.1357214,3.4422493,2.9380631,3.526591,3.3501332,3.7438362,0.0,4.826547,1.6343217,2.0639005,2.0639005,2.2248354,2.593607,2.2248354,0.0,0.0,2.6914644,1.6343217,2.2248354,0.0,3.1937857,0.0,3.1937857,2.2248354,2.2248354,1.32193,3.4422493,1.6343217,2.2248354,0.0,1.6343217,2.3634248,1.6343217,0.86513495,1.6343217,2.0639005,2.4851243,2.2248354,2.0639005,3.3972516,1.6343217,1.32193,2.2248354,2.0639005,Monocyte
3.1512737,3.82279,2.1347897,2.912113,0.0,3.3441327,2.597152,3.3441327,0.0,3.4281988,4.019477,3.038826,0.0,5.2197967,0.0,2.1347897,2.3924584,2.597152,3.7669168,3.2523453,0.0,0.0,1.7867769,0.0,2.597152,0.0,3.2523453,0.0,2.1347897,3.038826,1.2484938,1.7867769,4.019477,2.1347897,2.1347897,0.0,1.2484938,3.1512737,2.597152,0.0,0.0,1.7867769,2.3924584,2.3924584,3.038826,1.2484938,2.1347897,0.0,2.597152,2.1347897,Monocyte
2.6523714,3.2746248,3.930347,3.2006857,2.8878987,2.6523714,2.6523714,3.2006857,3.5794287,3.1615596,3.679358,4.284828,0.66370517,4.371773,3.3096406,2.4302497,2.1442685,2.1442685,1.5619055,3.0783918,0.0,0.0,2.834011,2.5836706,2.248949,0.0,2.5098994,0.0,2.9390304,2.777053,1.8948945,0.66370517,3.4385953,2.3437026,1.5619055,0.0,1.0591605,2.1442685,2.5836706,2.1442685,2.6523714,2.1442685,3.0783918,2.027335,2.3437026,2.834011,2.3437026,1.8948945,1.0591605,2.248949,Monocyte
0.0,0.9280294,0.0,0.0,0.0,0.0,0.0,0.0,0.9280294,0.0,0.0,0.9280294,3.5001347,1.9626379,0.0,0.0,0.0,0.0,0.0,0.0,0.0,0.0,0.0,0.9280294,0.0,1.7207215,1.9626379,2.3201418,1.4009464,0.0,0.9280294,0.0,2.3201418,0.0,0.0,0.0,0.9280294,0.0,0.0,0.0,0.0,0.0,0.9280294,1.4009464,1.7207215,0.0,0.0,2.8805861,0.0,0.0,T_cell
2.89726,3.5047443,3.838281,2.8218045,3.5243459,2.9674191,3.35559,2.3868775,3.7337368,2.1096003,3.6169732,4.0193768,0.50599277,5.031378,3.1524568,2.2578187,2.2578187,2.1096003,0.84038657,2.501168,0.0,0.0,2.89726,2.603726,2.5537612,0.0,3.1238983,0.0,3.5624323,2.3244286,2.3868775,1.4570223,3.4005232,2.4456546,2.0263457,0.0,2.9329548,2.1864529,2.3244286,2.0263457,1.4570223,2.1864529,2.6513124,1.2904785,2.89726,1.9355253,1.0905445,1.7246255,2.1864529,2.603726,Monocyte
2.5178988,3.56126,2.686691,2.314712,2.1951954,2.8310647,3.0147634,3.2613804,3.0691924,2.6058521,3.7113447,3.6240218,0.0,4.662524,0.7609231,1.9022948,1.1879964,2.0594308,2.1951954,1.9022948,1.1879964,0.0,2.314712,1.7157786,2.421457,0.0,2.8310647,0.7609231,2.761481,2.5178988,0.0,0.7609231,3.216684,1.7157786,2.1951954,0.0,2.761481,1.48631,2.0594308,1.48631,2.314712,2.314712,2.686691,0.0,2.9572,2.686691,2.5178988,1.9022948,2.421457,2.5178988,Monocyte
0.0,0.0,0.0,0.83263797,0.0,0.0,0.0,0.0,0.83263797,0.0,0.0,2.014487,2.7274044,2.4331756,0.83263797,0.0,0.0,0.0,0.0,0.0,2.4331756,0.0,0.0,0.83263797,0.0,2.4331756,0.83263797,2.5411599,1.8241469,0.0,0.0,0.0,1.5888532,0.83263797,0.0,0.0,0.0,0.0,0.0,0.0,0.0,0.0,1.8241469,0.83263797,0.83263797,0.83263797,0.0,2.7274044,0.0,0.83263797,T_cell
0.0,0.0,0.0,0.0,0.0,1.5620543,0.0,0.0,0.0,0.0,2.144435,0.0,3.2385194,3.552987,0.0,0.0,0.0,1.0592835,0.0,0.0,1.5620543,0.0,0.0,1.0592835,0.0,2.144435,1.5620543,1.8950546,0.0,0.0,0.0,0.0,1.5620543,0.0,0.0,1.8950546,0.0,1.0592835,0.0,0.0,0.0,0.0,1.0592835,1.5620543,1.0592835,2.3438728,0.0,1.5620543,0.0,0.0,T_cell
2.5742302,4.3793716,3.228526,3.7710178,0.0,3.7710178,0.0,2.5742302,2.5742302,3.4437149,4.452584,4.1207604,0.0,5.696992,0.0,2.5742302,1.9545308,1.9545308,1.9545308,3.4437149,0.0,0.0,2.9539628,0.0,2.5742302,0.0,2.5742302,0.0,2.9539628,1.9545308,2.9539628,1.9545308,4.0172014,2.5742302,0.0,0.0,0.0,0.0,1.9545308,0.0,1.9545308,1.9545308,3.4437149,0.0,3.228526,3.228526,0.0,1.9545308,3.7710178,0.0,Monocyte
3.1600094,3.484286,3.206777,2.751814,2.4120553,2.6770747,2.6770747,3.1600094,3.206777,3.294222,3.6139755,3.3746316,0.75543666,5.0473533,2.0504303,2.6770747,2.5084121,2.5084121,2.3054137,2.5084121,0.0,0.0,2.3054137,1.8935192,2.3054137,0.0,2.3054137,0.0,2.1860273,1.1808316,1.8935192,2.8213534,3.673014,2.5084121,1.8935192,0.0,1.1808316,2.1860273,2.751814,1.8935192,1.1808316,1.4783316,3.0049493,0.0,2.8213534,1.4783316,2.1860273,2.0504303,1.1808316,2.3054137,Monocyte
0.0,0.0,0.0,0.0,0.0,0.78147566,0.78147566,0.0,0.78147566,0.0,0.0,2.9934847,2.0928712,3.157391,0.0,0.0,0.0,0.0,0.0,0.0,1.5160238,0.0,0.0,0.0,0.0,1.5160238,0.78147566,1.214731,2.229246,0.0,0.78147566,0.0,1.7472458,0.0,0.0,2.867087,0.0,0.0,0.78147566,0.0,0.0,0.0,1.5160238,1.5160238,2.867087,0.78147566,0.0,3.3821046,1.5160238,0.0,T_cell
4.0081005,3.2794254,4.084698,3.500536,3.9535682,3.3586867,3.624741,1.6830231,4.2845435,0.5482949,2.7476556,3.6815,0.90040535,5.1595216,3.9947436,2.3507943,2.4180725,2.481108,0.0,2.481108,0.0,0.0,2.5963812,3.5850291,2.481108,0.0,3.1933367,0.0,3.3065498,1.1603032,1.3663979,0.0,2.200918,2.6493897,2.4180725,0.0,2.481108,1.1603032,1.9231387,2.481108,1.6830231,1.5371898,1.9231387,1.9231387,2.7476556,1.6830231,1.1603032,1.9231387,0.0,2.116617,Monocyte
0.8811307,0.8811307,0.8811307,0.0,0.0,0.8811307,0.8811307,0.0,0.8811307,0.0,3.100291,1.3421477,0.8811307,2.2493703,0.0,0.8811307,0.0,0.0,0.0,0.0,1.8952947,0.0,0.0,1.3421477,0.0,1.3421477,1.8952947,2.0879226,2.0879226,0.0,0.8811307,0.0,1.3421477,0.8811307,0.0,0.0,0.0,0.0,0.0,0.0,0.0,0.0,0.8811307,0.0,0.0,0.0,0.8811307,1.3421477,0.8811307,0.0,T_cell
3.6667273,4.1586785,2.6574867,3.5781868,3.530792,2.866506,2.9566302,3.115653,3.530792,2.7674475,3.823276,4.184253,0.0,5.211291,1.4621207,2.0321143,3.0392995,0.9774047,0.0,3.4810386,0.0,0.0,2.2286963,0.9774047,2.7674475,0.0,2.3929102,0.0,2.2286963,2.3929102,2.5339231,3.3149421,3.4286797,0.9774047,1.7871908,0.9774047,2.0321143,0.9774047,2.2286963,0.9774047,2.0321143,2.0321143,2.3929102,2.0321143,3.252823,0.0,2.5339231,0.0,2.3929102,2.3929102,Monocyte
3.165146,3.5693116,3.9824052,3.165146,3.7554548,2.7423234,3.340408,3.2739422,4.2219887,2.6179528,3.5693116,3.666708,1.3145471,4.724247,2.9524992,1.9952195,2.852923,1.5327194,1.0350959,2.7991514,0.0,0.0,2.9524992,2.4758875,2.3964915,0.0,2.9988,0.0,2.3102438,2.6820705,0.6458921,2.3102438,3.2739422,0.6458921,2.90395,0.0,1.5327194,1.711713,2.6820705,2.2158494,2.852923,1.8634797,3.085428,1.3145471,3.5693116,2.3102438,2.4758875,1.5327194,1.5327194,2.90395,Monocyte
0.0,0.891696,0.0,0.0,0.0,0.0,0.0,0.0,1.6710576,0.0,2.1036847,1.3554553,3.755103,2.9053237,0.0,0.0,0.0,0.0,0.0,2.2654624,0.0,0.0,0.891696,0.0,0.891696,1.9105867,1.3554553,1.3554553,2.2654624,0.0,1.9105867,0.0,1.9105867,0.0,0.0,3.1792285,0.0,0.891696,0.891696,0.0,0.0,1.3554553,1.9105867,0.0,1.6710576,0.0,0.0,2.635721,0.0,0.0,T_cell
3.6856418,3.5483563,3.954041,2.965914,3.992524,2.4185116,3.0172663,2.6601107,4.0295806,2.7938426,2.9117813,3.1126785,0.0,4.5971346,3.1571746,1.9653597,2.5858796,2.7292104,0.0,3.3176615,0.0,0.0,2.4185116,2.965914,1.4033333,0.0,2.965914,0.0,3.06611,2.0992923,0.7045387,2.5858796,3.3176615,2.9117813,1.1137724,0.7045387,2.4185116,1.1137724,1.8106738,1.9653597,2.0992923,1.8106738,2.7938426,2.7292104,3.3176615,2.7292104,1.8106738,2.0992923,1.6276026,2.505693,Monocyte
0.0,0.0,0.0,0.0,0.0,0.80975145,0.0,0.0,0.80975145,0.0,0.80975145,0.0,1.7899908,3.3030088,0.0,0.80975145,0.0,0.0,0.0,0.0,1.9791718,0.0,0.0,0.0,0.0,2.3959656,0.80975145,2.6007242,0.0,0.0,0.0,0.0,0.80975145,0.0,0.0,0.80975145,0.0,0.80975145,0.80975145,0.0,0.0,0.0,1.5564692,1.9791718,0.80975145,0.0,0.0,2.2753625,0.80975145,0.80975145,T_cell
0.0,0.8039797,0.0,0.0,1.5482529,0.0,0.0,0.0,1.2438177,0.0,2.1290042,1.9701953,1.2438177,3.1449916,0.0,0.0,0.0,0.0,0.0,0.8039797,2.2660153,3.246036,0.0,1.2438177,0.0,1.9701953,1.5482529,1.9701953,0.8039797,0.0,0.0,0.0,1.7813154,1.9701953,0.0,0.8039797,0.0,0.0,0.0,0.0,0.0,0.0,1.2438177,2.6795526,2.49401,0.8039797,0.0,3.6384401,0.8039797,0.8039797,T_cell
0.0,0.73485863,0.0,0.0,0.0,0.0,1.1538497,0.0,0.0,0.0,2.560096,2.2702167,4.329126,2.4724858,0.0,0.0,0.0,0.73485863,0.0,2.151333,3.1225297,0.0,0.0,0.0,0.0,3.4111495,1.1538497,1.6753659,1.8603423,0.0,0.0,0.0,1.6753659,0.73485863,0.0,0.0,0.0,0.0,0.0,0.0,0.0,0.73485863,0.73485863,1.1538497,2.016385,1.4482267,0.0,2.560096,0.0,0.73485863,T_cell
4.007558,3.6783302,3.7713408,3.501049,3.1842077,3.3324249,3.1842077,1.8154813,3.3324249,1.2731303,3.6783302,3.3773205,0.82680714,5.331565,3.575773,3.0101342,2.3027909,2.423746,0.0,3.2854185,0.82680714,0.0,2.531637,3.0715878,2.1651661,0.0,3.3773205,0.0,2.423746,1.8154813,2.3027909,0.0,3.461483,0.82680714,2.874587,0.82680714,0.0,2.0055313,2.0055313,2.3027909,0.82680714,0.82680714,1.8154813,0.0,2.3027909,2.0055313,2.1651661,0.82680714,0.0,2.629013,Monocyte
3.4222546,3.5717316,3.5991213,3.5145931,3.5717316,2.8789232,3.2464395,2.696737,3.6517482,2.0688393,3.7723408,3.3555903,0.0,4.9985905,2.4737966,2.4737966,2.186453,2.4737966,1.3772136,2.8789232,0.0,0.0,2.696737,2.3868775,2.9329548,0.0,2.696737,0.0,3.032977,1.5997487,2.4737966,2.2916782,3.166436,0.0,2.8218045,0.0,1.0905446,1.9355253,2.186453,1.9355253,2.2916782,2.0688393,2.4737966,0.0,2.3868775,2.0688393,1.7816646,1.0905446,1.5997487,2.8218045,Monocyte
2.7032104,3.641269,3.1868744,3.0860922,2.974003,2.5341978,3.1868744,2.974003,3.578477,2.974003,3.8089707,4.3515887,1.200345,4.722247,2.5341978,2.3306916,2.3306916,0.0,2.7032104,2.3306916,0.0,0.0,2.7032104,1.7303318,1.200345,0.0,2.847745,1.200345,2.974003,2.074905,2.3306916,2.3306916,3.3622887,2.3306916,2.074905,1.200345,1.7303318,2.3306916,0.0,1.7303318,2.074905,2.7032104,2.974003,2.847745,3.3622887,1.200345,1.200345,2.974003,2.7032104,2.5341978,Monocyte
0.0,0.0,0.0,0.0,0.0,0.0,0.0,0.0,1.008746,0.0,2.075514,3.0038872,3.362961,3.234365,0.0,0.0,0.0,0.0,0.0,2.075514,2.579847,2.4382484,0.0,0.0,0.0,3.7967021,1.008746,2.075514,2.075514,0.0,0.0,0.0,2.075514,1.500587,0.0,2.4382484,0.0,1.008746,0.0,0.0,0.0,0.0,1.008746,0.0,1.8288113,0.0,0.0,1.8288113,0.0,0.0,T_cell
0.0,0.0,0.0,0.0,1.4651843,0.0,0.97989273,0.0,0.97989273,0.0,2.6611936,2.232254,0.0,2.8702657,2.0355787,0.0,0.0,1.4651843,0.0,0.0,1.4651843,3.5820618,0.0,1.4651843,0.0,0.0,1.7905105,1.4651843,1.4651843,0.0,0.0,0.0,1.4651843,2.3965328,0.0,1.4651843,0.0,0.97989273,0.0,0.0,0.0,0.0,1.4651843,0.97989273,0.97989273,1.4651843,0.0,0.97989273,0.97989273,1.4651843,T_cell
3.725711,2.7554133,1.8753079,3.0563743,2.488704,2.7554133,2.9657588,2.9657588,2.6309242,2.9657588,3.8107126,3.582905,0.0,5.1379533,1.0441358,2.7554133,2.3228498,2.3228498,3.8890512,2.6309242,0.0,0.0,1.5437008,0.0,1.8753079,0.0,3.0563743,0.0,1.5437008,1.5437008,2.488704,1.8753079,3.0563743,0.0,2.3228498,0.0,0.0,3.0563743,1.8753079,1.5437008,1.0441358,1.8753079,2.7554133,1.8753079,2.488704,1.0441358,2.6309242,0.0,1.0441358,2.1239092,Monocyte
0.0,0.0,0.0,0.0,0.0,0.0,1.7765071,0.0,0.0,0.0,2.3812447,1.2397038,3.1394563,2.1239092,0.0,1.2397038,0.0,1.7765071,0.0,0.0,1.7765071,1.2397038,0.0,0.0,1.2397038,1.2397038,0.0,0.0,2.1239092,0.0,0.0,0.0,1.2397038,0.0,0.0,1.7765071,0.0,1.2397038,0.0,0.0,0.0,0.0,1.7765071,0.0,2.7554133,1.7765071,0.0,1.2397038,0.0,1.2397038,T_cell
0.0,0.0,0.0,0.0,0.0,0.0,0.0,0.0,0.0,0.0,0.0,0.0,1.7862254,3.2517085,1.4612298,0.0,0.9766816,0.0,0.0,0.0,2.8654125,0.0,0.0,0.0,0.9766816,1.4612298,0.9766816,3.0381954,2.5328555,0.0,0.9766816,0.0,1.7862254,0.0,0.0,0.9766816,0.0,0.0,0.0,0.0,0.0,0.0,2.2276616,1.4612298,2.2276616,0.9766816,0.0,3.4799147,0.0,0.9766816,T_cell
3.8172812,3.9024587,3.9024587,2.2068825,0.0,3.0548668,2.2068825,3.377782,1.6181343,3.507039,4.499374,4.1215553,0.0,4.930761,3.0548668,2.574977,0.0,2.2068825,2.8434365,2.2068825,0.0,0.0,2.2068825,1.6181343,2.8434365,0.0,2.8434365,0.0,3.7241673,2.2068825,1.6181343,2.8434365,3.507039,0.0,1.6181343,0.0,3.507039,1.6181343,0.0,0.0,2.2068825,0.0,3.6214848,2.2068825,3.377782,2.574977,0.0,0.0,2.8434365,2.2068825,Monocyte
3.2711692,3.4471436,2.7853365,3.2218719,2.7853365,2.7039194,2.8606212,2.7853365,3.2218719,3.695862,4.016123,3.0574713,0.8185041,4.5777993,1.8030989,1.8030989,2.4102592,2.7039194,1.9927297,2.615281,0.0,0.0,1.8030989,1.8030989,1.8030989,0.0,2.7039194,0.0,2.4102592,1.8030989,1.9927297,2.4102592,3.5247343,0.0,2.7039194,0.0,0.8185041,1.5688905,2.4102592,1.8030989,1.9927297,2.4102592,2.2894738,0.0,0.8185041,2.615281,1.9927297,0.8185041,1.9927297,2.8606212,Monocyte
0.0,0.0,0.75880307,0.0,0.0,0.0,0.75880307,0.0,0.75880307,0.0,2.9534245,2.1916566,3.5573902,2.827317,0.0,0.0,0.0,1.1852293,0.0,1.8989072,1.712513,1.4832294,0.0,0.0,0.0,2.6021638,0.0,1.4832294,2.0559566,0.0,0.75880307,0.0,1.712513,0.75880307,0.0,2.5142376,0.0,0.75880307,0.75880307,0.0,0.0,0.0,0.75880307,1.1852293,2.3111231,1.4832294,0.0,2.5142376,0.0,1.4832294,T_cell
0.0,0.0,0.9519809,0.0,0.0,0.0,0.0,0.0,0.0,0.0,0.0,0.9519809,3.8530002,2.4961646,0.0,0.0,0.0,0.0,0.0,0.0,1.7531071,0.0,0.0,0.0,0.0,2.192121,1.4307115,1.4307115,1.4307115,0.0,0.0,0.0,0.0,0.0,0.0,2.728998,0.0,0.0,0.0,0.0,0.0,0.0,0.9519809,1.4307115,2.9177277,0.9519809,0.0,1.9965146,0.0,1.4307115,T_cell
4.271566,3.5737631,3.904877,3.1636207,3.3668454,3.713117,3.7451193,2.0364761,3.3895733,0.0,3.2953875,4.030828,1.0983013,5.4704046,3.713117,3.3197787,2.8712394,1.9455103,0.0,2.943997,0.0,0.0,2.3349535,2.9784822,2.119853,0.0,3.4548128,0.0,3.4335356,2.0364761,0.0,0.8470313,3.07533,1.0983013,2.3974712,0.0,1.7342168,1.8454338,2.6145272,2.3974712,0.0,0.5106391,2.3349535,1.0983013,2.8327742,0.0,1.0983013,2.3974712,2.119853,1.7342168,Monocyte
3.2004373,4.350479,3.592228,0.0,2.5472264,2.5472264,2.5472264,3.2004373,1.9294635,3.2004373,4.423665,3.742437,0.0,5.30389,1.9294635,2.9262452,3.4153986,2.5472264,3.4153986,3.2004373,0.0,0.0,1.9294635,0.0,1.9294635,0.0,2.5472264,0.0,2.5472264,1.9294635,3.2004373,2.5472264,3.8730018,2.5472264,2.5472264,0.0,0.0,0.0,2.5472264,0.0,0.0,2.5472264,2.5472264,1.9294635,1.9294635,2.9262452,0.0,0.0,1.9294635,1.9294635,Monocyte
1.0024796,1.0024796,0.0,1.0024796,0.0,2.4292338,1.0024796,1.0024796,1.0024796,0.0,0.0,1.0024796,2.6946435,2.994498,1.4929177,0.0,0.0,0.0,0.0,0.0,1.8205236,0.0,0.0,0.0,0.0,0.0,0.0,2.5707183,1.0024796,0.0,0.0,0.0,2.066878,0.0,0.0,0.0,0.0,0.0,0.0,0.0,0.0,0.0,1.0024796,0.0,1.4929177,0.0,0.0,1.8205236,0.0,0.0,T_cell
0.0,0.0,0.0,0.0,0.0,0.0,0.0,0.0,0.914375,0.0,0.914375,1.9431723,2.6711745,2.9414124,0.0,0.0,0.0,0.0,0.0,0.914375,2.1372476,0.0,0.0,0.0,0.0,1.7021348,0.0,2.9414124,0.0,0.0,0.0,0.0,1.3838991,0.0,0.0,0.914375,0.0,0.0,1.3838991,0.0,0.0,0.0,0.914375,0.0,1.9431723,0.914375,0.0,2.1372476,0.914375,1.3838991,T_cell
3.0628464,3.7553124,3.8212268,3.4678576,3.883064,3.5266461,3.0163913,1.5858612,3.7088249,0.0,3.3037167,4.048487,0.678477,5.845456,3.8628736,3.6600704,3.1905162,1.7671882,0.678477,3.107239,0.0,0.0,1.920628,3.1497443,2.4578447,0.0,3.4678576,0.0,3.7777703,1.7671882,0.0,1.0790038,3.107239,0.0,1.5858612,0.0,2.0536258,1.920628,2.1709936,2.5376956,0.0,1.3642076,1.920628,1.5858612,2.276022,0.0,1.3642076,1.5858612,0.0,1.3642076,Monocyte
3.3785636,3.9510803,2.5121527,2.5121527,0.0,2.8902144,3.3785636,2.5121527,2.8902144,3.163908,4.1482477,3.3785636,0.0,5.205671,2.5121527,1.8969784,2.5121527,2.5121527,2.8902144,3.163908,1.8969784,0.0,0.0,0.0,1.8969784,0.0,1.8969784,0.0,3.7052462,2.5121527,2.8902144,0.0,3.5551863,2.5121527,0.0,0.0,0.0,2.5121527,1.8969784,0.0,0.0,2.5121527,3.3785636,1.8969784,2.8902144,3.163908,1.8969784,0.0,2.5121527,0.0,Monocyte
0.0,0.9423192,0.0,0.0,0.0,0.0,0.9423192,0.0,0.0,0.0,1.740076,0.9423192,3.061381,1.740076,0.0,0.0,0.0,0.0,0.0,0.0,2.8129659,0.0,0.0,0.9423192,0.0,0.0,1.4187255,3.3737118,2.9028041,0.0,0.9423192,0.0,1.740076,1.740076,0.0,0.0,0.0,1.4187255,0.0,0.0,0.0,0.0,1.9828897,2.1781127,1.9828897,1.9828897,0.0,2.341378,0.9423192,0.9423192,T_cell
2.9493787,3.0253847,2.9493787,2.9493787,2.569763,2.9493787,3.439033,2.7774773,2.8671172,3.9563572,4.3554244,4.9287996,0.91942215,4.8493595,1.7090157,1.7090157,1.7090157,1.9503806,2.569763,2.8671172,0.0,0.0,0.91942215,2.3072786,2.4471083,0.0,2.7774773,0.0,1.390207,2.4471083,2.6790035,2.7774773,3.800586,2.1446679,1.9503806,0.0,3.0253847,2.7774773,1.7090157,1.7090157,1.390207,1.390207,3.0253847,2.9493787,3.3894274,2.9493787,2.3072786,2.3072786,2.3072786,2.3072786,Monocyte
0.0,0.0,0.0,0.0,0.0,1.2855823,0.8365489,0.0,0.0,0.8365489,0.0,0.0,2.7338645,2.64503,0.0,0.0,0.8365489,0.0,0.0,0.0,2.815447,0.8365489,0.0,0.0,0.0,1.5943569,0.0,0.0,0.0,0.0,0.8365489,0.0,1.2855823,0.0,0.0,2.961007,0.0,0.0,0.0,0.0,0.0,0.0,0.8365489,0.8365489,2.961007,0.0,0.0,2.5475278,0.0,0.0,T_cell
3.1920602,3.8167078,4.035442,3.2367108,3.713789,3.5363326,2.9328845,1.8805012,4.2148128,0.0,3.2367108,4.2310996,1.466508,4.69969,2.9903724,2.7374573,1.8805012,2.6627946,0.7473314,2.4943273,0.0,0.0,2.7374573,2.9903724,2.3980973,0.0,2.2916114,0.0,4.0155997,3.1920602,2.7374573,0.7473314,3.0447342,1.466508,1.466508,0.0,2.0370753,2.2916114,1.6947771,2.0370753,2.8069305,1.466508,2.9328845,2.4943273,2.6627946,1.1702245,0.0,0.7473314,1.6947771,2.2916114,Monocyte
3.4339871,3.3202283,4.0546794,3.6287754,2.662588,3.7917368,3.5361166,2.036882,3.3202283,1.4663371,3.995138,4.1108737,1.4663371,5.413133,3.3202283,3.191847,2.662588,3.191847,0.0,1.4663371,0.0,0.0,1.4663371,3.191847,1.4663371,0.0,2.3978953,0.0,3.6287754,2.662588,2.036882,1.4663371,3.4339871,2.8716795,2.3978953,0.0,2.3978953,1.4663371,2.3978953,2.3978953,1.4663371,2.8716795,0.0,3.5361166,3.0445225,0.0,2.036882,1.4663371,2.036882,2.3978953,Monocyte
0.0,0.6679829,0.0,0.6679829,0.0,0.6679829,0.6679829,0.0,1.0649172,0.0,1.0649172,1.3483064,2.2568233,2.0349796,0.0,0.0,0.0,0.0,0.0,0.6679829,2.5918078,0.0,0.0,0.0,0.0,1.9023756,1.0649172,2.0349796,1.0649172,0.0,0.0,0.0,1.3483064,0.0,0.0,0.0,0.0,0.6679829,0.0,0.0,0.0,0.0,1.7494601,2.2568233,0.6679829,1.5688654,0.0,2.6605525,0.0,0.0,T_cell
3.61893,3.4067733,4.1466923,3.1086001,4.0722237,3.5088136,3.1918826,2.539008,4.0940723,1.2789009,3.4067733,3.7181149,0.49966693,5.1887665,3.583555,3.1086001,3.0489573,1.5869945,1.2789009,3.0792234,0.0,0.0,2.4310448,3.3401456,2.9855301,0.49966693,3.2181704,0.0,3.4280314,2.6818168,1.5869945,0.49966693,2.8451595,1.7114899,2.4310448,0.0,2.8821423,1.5869945,2.1722562,1.822188,1.7114899,2.0124629,2.8067565,2.0124629,3.2181704,1.7114899,0.49966693,2.095548,0.49966693,2.0124629,Monocyte
0.0,0.7652005,0.0,0.0,0.0,0.0,1.1935741,0.0,0.0,0.0,3.0768354,0.0,3.0768354,2.3219368,0.0,0.7652005,0.0,1.4925165,0.0,2.5252688,2.5252688,0.0,0.0,0.0,0.0,2.3219368,1.4925165,1.4925165,1.4925165,0.7652005,0.7652005,0.0,1.9091167,0.0,0.0,1.722356,0.0,0.0,0.0,0.0,0.7652005,0.0,0.7652005,0.7652005,2.9036925,2.20232,0.0,2.7689903,0.0,1.1935741,T_cell
3.1611266,3.3363602,2.9082386,2.987245,2.6781614,2.6781614,3.2812917,3.060464,2.9082386,3.4381578,3.7298992,4.0384736,0.5614649,4.6534553,1.1816403,2.5689278,2.8662643,2.3064642,2.7766292,2.4462824,0.0,0.0,2.6250353,1.1816403,1.8362025,0.0,2.987245,0.0,3.1286855,2.6781614,1.949605,2.987245,3.573721,1.389528,1.8362025,0.0,2.228468,1.949605,1.949605,1.8362025,2.0514472,1.949605,2.9082386,2.0514472,3.2525768,2.228468,2.0514472,2.1438694,1.389528,2.8662643,Monocyte
0.0,0.9367168,0.0,0.0,0.0,0.9367168,0.0,0.0,0.9367168,0.0,0.0,0.0,3.3097045,2.4732668,0.0,0.0,0.0,0.0,0.0,1.4117625,2.8941145,0.0,0.0,0.0,0.0,0.9367168,0.9367168,0.0,0.9367168,0.0,0.9367168,0.0,1.4117625,1.4117625,0.0,2.3330698,0.0,0.9367168,1.4117625,0.0,0.0,0.0,1.4117625,1.4117625,1.4117625,0.9367168,0.0,2.1699622,0.0,0.0,T_cell
3.5105758,3.755228,3.9060311,3.0852065,4.1157284,3.1859846,3.2328043,2.4367657,3.6403651,0.0,4.1528645,3.8080633,1.1996965,5.03735,3.2775297,2.210128,2.9731224,2.62141,0.76990205,1.9165952,0.0,0.0,2.5333433,2.8468707,2.3298538,0.0,2.5333433,0.0,2.7023444,1.7295682,1.1996965,1.4993248,3.4008262,3.0852065,1.4993248,0.0,1.9165952,1.4993248,2.0740933,1.9165952,1.4993248,1.9165952,2.4367657,2.7772162,2.7772162,0.76990205,1.1996965,2.210128,2.210128,2.3298538,Monocyte
0.0,1.4805484,0.0,0.0,0.0,0.5182407,0.0,0.0,1.7498078,0.0,2.632058,1.9617329,2.632058,2.7688043,0.5182407,0.0,0.0,0.5182407,0.0,0.5182407,2.632058,0.85787404,0.0,0.0,0.0,1.8613739,1.3127242,2.1365047,1.1109403,0.0,0.0,0.0,1.1109403,0.5182407,0.0,2.2852278,0.0,0.85787404,0.0,0.0,0.0,0.0,0.5182407,2.052932,1.9617329,1.4805484,0.0,2.2136285,0.5182407,0.5182407,T_cell
0.0,0.0,0.0,0.0,0.0,0.94635135,0.0,0.0,0.0,0.0,1.4237311,0.94635135,2.7204156,1.4237311,0.0,0.0,0.0,0.94635135,0.0,0.0,2.1839662,0.0,0.0,0.94635135,0.0,2.1839662,1.7455196,2.8191695,1.7455196,0.0,0.0,0.0,1.4237311,0.0,0.0,0.0,0.0,0.94635135,0.0,0.0,0.0,0.0,1.4237311,0.0,1.4237311,0.94635135,0.0,2.909042,0.94635135,0.94635135,T_cell
0.0,0.89365375,0.0,0.0,1.3579172,0.0,0.0,0.0,1.3579172,0.0,3.3476849,0.89365375,3.0547843,2.1065965,0.89365375,0.0,0.0,0.89365375,0.0,1.6737508,1.6737508,3.1824064,0.0,1.6737508,0.0,2.7369897,1.6737508,2.1065965,2.6387994,0.0,0.89365375,0.0,1.6737508,2.8263946,0.0,1.3579172,0.0,0.0,0.0,0.0,0.0,0.0,1.3579172,1.3579172,3.12063,1.6737508,0.0,2.407693,1.3579172,1.6737508,T_cell
3.08029,3.7833138,3.698368,3.389158,3.2604346,3.1440127,2.9763782,3.112659,3.585883,2.2609603,3.5031855,3.9201043,0.0,5.180986,2.5781252,2.0992744,2.4630332,2.0074382,2.0992744,2.7291913,0.0,0.0,1.9063072,2.0074382,2.1833816,0.0,2.8185499,0.0,2.8185499,1.1467909,1.5217259,2.631057,3.565841,1.6669798,1.1467909,0.0,2.1833816,2.1833816,2.3329513,2.0992744,1.7937862,1.9063072,2.2609603,1.3517284,3.08029,1.9063072,1.9063072,2.0992744,1.9063072,2.5781252,Monocyte
0.0,0.99232715,0.0,0.0,0.0,1.4804696,0.0,0.0,0.0,0.0,2.0528433,1.4804696,2.414576,2.7897863,0.0,0.99232715,0.0,0.0,0.0,0.0,2.2499776,0.0,0.0,0.99232715,0.0,1.4804696,0.0,2.6796532,0.0,0.0,0.99232715,0.0,1.8070608,0.0,0.0,2.8889844,0.0,0.0,0.0,0.0,0.0,0.0,0.99232715,0.0,0.0,0.99232715,0.0,2.0528433,0.0,0.0,T_cell
3.9985094,3.9985094,0.0,3.6693475,0.0,3.8474112,2.1570113,3.1753745,0.0,2.7905834,4.349666,3.8474112,0.0,5.0848174,0.0,2.7905834,2.1570113,2.1570113,3.6693475,3.452557,0.0,0.0,0.0,0.0,2.1570113,0.0,2.7905834,0.0,3.6693475,2.7905834,2.1570113,3.1753745,3.9985094,2.7905834,2.7905834,0.0,0.0,0.0,2.1570113,0.0,2.7905834,0.0,2.1570113,3.452557,2.7905834,2.7905834,0.0,0.0,0.0,3.1753745,Monocyte
0.0,0.0,0.0,0.0,0.0,0.0,0.0,0.0,0.0,0.0,0.0,4.625072,0.0,2.5033476,0.0,0.0,0.0,0.0,0.0,0.0,0.0,0.0,0.0,0.0,0.0,0.0,0.0,3.1547291,0.0,0.0,0.0,0.0,0.0,0.0,0.0,0.0,0.0,0.0,0.0,0.0,0.0,0.0,0.0,2.5033476,2.5033476,0.0,0.0,3.1547291,0.0,0.0,T_cell
3.5640335,3.5640335,3.0450668,2.5205235,2.727453,2.727453,3.641895,2.5205235,3.1726313,3.1726313,4.0634646,4.2429175,1.3503501,4.9493275,1.904724,2.2592943,2.5205235,1.904724,1.904724,2.727453,0.0,0.0,0.0,1.3503501,2.5205235,0.0,2.727453,0.0,4.3591027,0.0,1.3503501,2.5205235,3.2857487,2.2592943,1.3503501,0.0,2.5205235,2.2592943,1.904724,2.2592943,0.0,2.898817,2.5205235,1.904724,3.4795938,1.904724,2.2592943,2.5205235,2.2592943,0.0,Monocyte
3.6794052,3.7068748,2.865204,3.4625514,2.3916562,2.8002725,2.73083,3.427344,2.73083,3.390852,4.0670156,3.037985,0.0,5.0250688,1.1653416,2.285243,2.5755546,2.8002725,2.73083,3.0895264,0.0,0.743607,1.688995,1.1653416,2.8002725,0.0,2.4878266,0.0,2.285243,2.0309148,2.73083,2.5755546,4.02848,2.0309148,1.688995,0.0,1.688995,2.5755546,2.3916562,2.1661425,2.4878266,2.285243,2.656203,1.4610603,2.4878266,2.656203,2.1661425,1.8744979,3.037985,2.285243,Monocyte
0.0,1.1216661,1.1216661,0.0,2.2278464,0.0,0.0,1.1216661,1.6370394,0.0,3.5887663,3.3289685,1.6370394,2.5967305,1.9754543,0.0,0.0,0.0,0.0,1.9754543,0.0,0.0,0.0,0.0,1.1216661,0.0,1.6370394,0.0,2.7401788,0.0,1.1216661,0.0,2.8656075,0.0,0.0,3.168408,0.0,1.1216661,0.0,0.0,0.0,1.1216661,1.9754543,0.0,2.2278464,0.0,0.0,3.168408,0.0,1.6370394,T_cell
0.84328,1.2941666,0.0,0.0,0.0,0.84328,0.0,0.0,0.84328,0.0,2.4502995,0.0,3.5673728,3.2121167,0.0,0.0,0.0,0.0,0.0,1.2941666,3.2121167,0.0,0.0,0.0,0.0,2.7449443,1.2941666,0.0,0.0,0.0,0.0,0.0,2.4502995,0.84328,0.0,2.558451,0.0,0.0,0.84328,0.0,0.0,0.0,1.6038084,0.0,1.8399,1.8399,0.0,1.8399,0.84328,1.6038084,T_cell
3.8349862,3.7625384,3.599698,3.554479,3.2293801,2.8435128,3.3498757,3.6429608,3.2293801,3.405083,4.1084313,2.2069545,0.0,4.7798357,2.2069545,2.933516,2.6348195,2.7446003,2.0109482,2.5114834,0.0,0.0,0.9622577,2.5114834,2.7446003,0.0,2.0109482,0.0,0.0,0.9622577,0.9622577,2.3707666,3.5071175,2.0109482,0.9622577,0.0,1.76692,2.933516,2.6348195,2.5114834,2.0109482,2.0109482,1.76692,0.0,2.2069545,1.4434303,1.4434303,0.0,1.76692,2.8435128,Monocyte
0.0,0.9471236,0.0,0.9471236,0.0,0.0,0.9471236,0.0,0.9471236,0.0,3.4832582,2.910235,1.9896716,3.2057598,0.9471236,0.0,0.0,0.0,0.0,1.4246892,2.348485,3.3261437,0.0,1.4246892,0.0,0.9471236,0.9471236,1.7465613,0.0,0.0,0.0,0.0,1.7465613,0.0,0.0,0.9471236,0.0,0.0,0.0,0.0,0.0,0.0,1.4246892,0.0,0.0,2.185086,0.0,2.185086,0.0,1.4246892,T_cell
0.0,0.8242833,0.0,0.0,0.0,0.0,0.0,0.0,0.8242833,0.0,0.8242833,1.5770671,3.125188,2.001646,0.0,0.0,0.0,0.0,0.0,0.0,2.2987497,0.0,0.0,0.8242833,0.0,1.5770671,0.8242833,2.001646,1.2698987,0.0,0.0,0.0,1.2698987,1.2698987,0.0,0.0,0.0,0.0,0.8242833,0.0,0.0,0.0,2.001646,1.2698987,2.6248467,2.001646,0.0,2.6248467,0.0,0.0,T_cell
0.0,0.0,0.0,0.0,0.0,0.0,0.0,0.0,1.7097571,0.0,2.145467,2.145467,2.447935,2.5705986,0.0,0.0,0.0,0.0,0.0,2.145467,2.447935,0.0,0.0,0.91996646,0.0,2.447935,1.3908869,2.5705986,2.145467,0.0,0.91996646,0.0,2.145467,0.0,0.0,2.145467,0.0,0.0,0.91996646,0.0,0.0,0.91996646,0.91996646,0.91996646,2.447935,2.447935,0.0,2.145467,0.91996646,0.0,T_cell
0.0,0.0,0.0,0.0,0.0,0.0,0.0,0.0,0.0,0.0,2.504084,2.1997886,3.8614457,2.3634665,0.9572873,2.1997886,0.0,0.0,0.0,1.4372827,2.003975,2.504084,0.0,0.0,0.9572873,0.9572873,0.9572873,2.835928,0.0,0.0,0.0,0.0,2.7370646,0.0,0.0,0.9572873,0.0,1.7602453,0.0,0.0,0.0,0.0,1.4372827,0.0,2.1997886,2.003975,0.9572873,0.0,0.0,0.9572873,T_cell
3.098723,3.828325,3.4047985,2.9716146,2.4496949,2.6554236,3.2114816,2.4496949,2.8259645,3.098723,3.7690585,3.828325,0.0,4.9690833,2.6554236,2.8259645,1.2936863,2.8259645,1.2936863,2.1903799,0.0,0.0,2.6554236,2.6554236,3.098723,0.0,2.9716146,0.0,2.6554236,3.098723,1.8393434,0.0,2.6554236,1.2936863,1.2936863,0.0,3.2114816,1.2936863,1.2936863,2.6554236,0.0,2.6554236,2.8259645,3.098723,3.7690585,2.1903799,1.2936863,2.1903799,1.8393434,3.098723,Monocyte
3.9264486,3.3620005,4.019965,3.3620005,3.2905557,3.8012998,3.213611,1.7871908,3.8864477,0.6904085,3.326916,3.5781868,1.3821836,5.360517,3.823276,3.213611,2.9392436,1.9412106,0.0,3.1302485,0.0,0.0,2.29765,3.9264486,2.7674475,0.0,3.0858076,0.0,3.6055818,0.0,0.6904085,0.6904085,3.2905557,0.0,1.6050525,0.0,0.6904085,0.0,1.7871908,2.9905224,0.0,1.6050525,2.1923506,0.0,0.0,0.0,2.1923506,1.3821836,0.6904085,2.1923506,Monocyte
3.8421621,3.6573784,3.6971679,2.4860075,3.968771,3.1366427,3.3782597,2.6090791,3.907469,0.94519556,3.527526,2.9897041,0.94519556,5.7496796,3.43053,2.8173928,2.9072552,1.9869515,0.0,3.1366427,0.0,0.0,2.9072552,3.0658698,2.6090791,0.0,3.3782597,0.0,2.1822896,0.0,1.4222968,0.94519556,2.9897041,0.0,2.9897041,0.0,0.0,1.9869515,1.74396,2.345635,0.0,1.9869515,2.345635,0.0,0.0,0.0,0.0,0.94519556,0.0,2.1822896,Monocyte
0.0,0.0,1.1332412,0.0,1.1332412,0.0,1.1332412,0.0,3.2683697,0.0,1.1332412,2.444825,1.650851,2.243135,1.650851,0.0,0.0,0.0,0.0,1.1332412,1.650851,3.8115358,0.0,1.650851,0.0,3.093633,0.0,1.1332412,2.612584,0.0,0.0,0.0,2.444825,1.650851,0.0,3.546489,0.0,1.1332412,0.0,0.0,0.0,0.0,1.1332412,2.612584,2.444825,2.243135,1.1332412,3.417067,0.0,1.650851,T_cell
0.0,0.0,0.0,0.0,0.0,1.4343536,0.0,0.0,0.9549211,0.0,0.9549211,1.4343536,2.6237786,2.0006502,0.0,0.0,0.0,0.0,0.0,0.9549211,0.0,0.0,0.0,0.0,0.0,2.1963718,1.4343536,0.0,1.4343536,0.0,0.0,0.0,1.4343536,0.0,0.0,2.9222536,0.0,0.0,0.9549211,0.0,0.0,0.0,0.0,0.0,2.0006502,0.0,0.0,0.0,0.0,1.4343536,T_cell
1.0940994,0.0,0.0,0.0,1.60402,0.0,1.0940994,0.0,2.7017264,0.0,3.3607533,2.3917363,0.0,1.940104,1.60402,0.0,0.0,0.0,0.0,1.0940994,0.0,3.885182,0.0,1.60402,0.0,3.1290128,1.60402,2.1912029,1.60402,0.0,0.0,0.0,2.1912029,0.0,0.0,3.0380692,0.0,1.0940994,0.0,0.0,0.0,0.0,1.0940994,0.0,1.0940994,1.60402,0.0,1.0940994,0.0,1.60402,T_cell
0.0,1.2509801,0.0,0.0,0.0,0.0,0.0,0.0,1.2509801,0.0,0.0,1.2509801,2.1378634,3.6482263,0.0,1.2509801,0.0,0.0,0.0,0.0,0.0,0.0,0.0,0.0,0.0,2.1378634,1.7896792,1.2509801,0.0,0.0,0.0,0.0,1.2509801,2.1378634,0.0,2.600378,0.0,1.2509801,0.0,0.0,0.0,0.0,0.0,0.0,0.0,0.0,0.0,2.3956256,1.7896792,0.0,T_cell
0.0,0.0,0.0,0.0,0.0,0.0,0.0,0.0,1.7251941,0.0,2.8418603,1.7251941,3.433615,3.433615,0.0,0.0,0.0,1.7251941,0.0,1.1959825,3.0801306,0.0,0.0,0.0,0.0,1.7251941,1.1959825,1.1959825,1.1959825,0.0,0.0,0.0,1.1959825,0.0,1.1959825,2.528447,0.0,0.0,0.0,0.0,0.0,0.0,1.7251941,1.1959825,2.3250527,1.1959825,1.1959825,2.8418603,1.1959825,0.0,T_cell
2.8038032,3.533101,1.16793,2.9297335,2.0341814,2.28862,2.0341814,2.28862,2.8038032,3.0415642,4.0707107,3.8134527,0.0,4.4447966,1.16793,1.6920607,3.0415642,2.9297335,3.0415642,2.4912739,0.0,0.0,1.6920607,0.0,1.6920607,0.0,2.9297335,0.0,1.6920607,2.6596985,1.6920607,2.0341814,4.0707107,1.6920607,2.4912739,0.0,1.16793,1.6920607,2.0341814,1.16793,1.6920607,2.28862,1.6920607,1.6920607,3.0415642,2.6596985,1.16793,1.16793,1.16793,2.0341814,Monocyte
3.9220715,3.6156821,3.2485309,2.9977486,3.3198612,2.7870026,2.9977486,2.6622336,3.0885122,2.3532956,4.1259913,3.6656296,1.0661017,5.104412,2.6622336,3.0885122,2.5196478,2.5196478,1.5702964,3.0885122,0.0,0.0,2.897917,1.5702964,1.9039133,0.0,3.3864408,1.0661017,3.4488626,1.0661017,2.3532956,1.5702964,3.2485309,2.153638,1.5702964,0.0,1.0661017,2.897917,2.5196478,2.5196478,1.0661017,1.5702964,1.5702964,1.0661017,0.0,2.153638,1.5702964,0.0,0.0,2.5196478,Monocyte
0.0,0.0,0.0,0.0,0.0,1.2049888,0.0,0.0,0.7739715,0.7739715,0.0,2.2168667,2.3366857,2.3366857,0.0,0.0,0.0,0.0,0.0,0.0,2.9191434,0.0,0.0,0.0,0.7739715,2.0807114,0.7739715,2.5403104,1.5052062,0.0,0.0,0.0,1.2049888,0.0,0.0,1.5052062,0.0,0.7739715,0.0,0.0,0.0,0.0,0.0,0.7739715,0.7739715,0.0,0.0,1.7357962,1.2049888,0.7739715,T_cell
3.0608017,3.758547,3.307926,2.3583941,3.0608017,3.0031009,3.307926,2.7318277,3.307926,3.4313586,3.8389425,4.1839447,0.78697664,4.974036,2.2382827,2.2382827,1.7556105,2.9418657,2.2382827,2.2382827,0.0,0.0,2.1017494,2.5624423,2.1017494,0.0,2.5624423,0.0,2.6507173,0.78697664,1.9435823,1.5239311,3.9369748,2.2382827,1.9435823,1.2218587,2.1017494,2.1017494,1.9435823,1.5239311,2.8766348,2.1017494,3.3507855,1.7556105,2.8766348,2.5624423,2.3583941,1.7556105,1.5239311,2.4656136,Monocyte
0.0,1.3130221,0.0,0.0,0.0,0.0,0.0,0.0,0.0,0.0,1.3130221,2.2139914,3.3383965,2.8509579,1.3130221,0.0,0.0,0.0,0.0,1.3130221,2.2139914,0.0,0.0,0.0,0.0,0.0,0.0,2.6801276,2.9968188,0.0,1.3130221,0.0,1.861718,0.0,0.0,0.0,0.0,1.3130221,1.3130221,0.0,0.0,0.0,0.0,2.4739776,3.5147848,1.861718,0.0,3.236972,0.0,1.3130221,T_cell
0.0,0.8849569,0.8849569,0.0,0.0,1.3469712,0.0,0.0,1.6617723,0.0,0.8849569,0.0,2.0936403,1.900841,0.8849569,0.0,0.0,0.0,0.0,0.0,2.0936403,0.0,0.0,0.8849569,0.0,2.2552083,0.0,2.3942668,0.8849569,0.0,0.0,0.0,1.3469712,0.0,0.0,1.900841,0.0,0.0,0.8849569,0.0,0.0,0.0,0.0,0.0,1.6617723,0.0,0.8849569,1.6617723,0.0,0.8849569,T_cell
4.1334295,2.6839328,2.6839328,3.3423362,0.0,3.06637,3.3423362,2.6839328,0.0,0.0,3.558384,2.6839328,0.0,4.8185306,0.0,3.06637,3.06637,0.0,2.6839328,3.3423362,0.0,0.0,0.0,2.0568485,2.6839328,0.0,3.7359467,0.0,2.0568485,0.0,3.3423362,2.6839328,3.7359467,0.0,0.0,0.0,0.0,2.6839328,0.0,2.0568485,0.0,2.0568485,2.0568485,2.0568485,2.6839328,0.0,0.0,0.0,2.0568485,2.6839328,Monocyte
0.0,0.0,0.0,0.0,0.0,0.0,0.0,0.0,0.8882286,0.0,3.3388104,0.8882286,3.0460203,1.666283,0.0,0.0,0.0,0.0,0.0,1.3510919,1.9055761,2.0985208,0.0,0.0,0.0,2.0985208,1.3510919,2.521444,0.0,0.0,1.3510919,0.0,1.3510919,0.0,0.0,2.0985208,0.0,0.0,0.8882286,0.0,0.0,0.0,1.3510919,0.0,1.9055761,1.3510919,0.0,0.0,0.0,0.0,T_cell
3.2704651,3.888415,2.6146028,3.2704651,2.0837233,2.5059278,3.2155387,3.029946,3.029946,3.0957127,3.9444351,4.6140056,0.0,4.8921924,2.2450824,1.8912219,1.3386079,2.6146028,2.2450824,2.7126167,0.0,0.0,1.6526117,1.6526117,2.0837233,0.0,2.0837233,0.0,3.5882754,2.5059278,2.0837233,2.3839862,3.8290694,2.3839862,2.3839862,0.8783253,2.0837233,2.3839862,2.5059278,0.0,2.0837233,1.6526117,3.029946,2.3839862,2.8018756,3.0957127,2.3839862,0.8783253,2.7126167,2.8838162,Monocyte
0.0,1.7829598,0.0,0.0,0.80507237,0.0,0.0,0.0,0.80507237,0.0,3.1468835,4.4725537,0.80507237,1.54981,0.0,0.0,0.0,0.0,0.0,2.3882918,0.0,0.0,0.0,1.2452251,0.0,2.7626836,2.1307464,3.423761,2.1307464,0.0,0.80507237,0.0,0.80507237,0.0,0.0,2.1307464,0.80507237,1.2452251,0.0,0.0,0.0,0.0,1.2452251,0.80507237,1.2452251,0.0,0.0,3.0922503,0.0,0.80507237,T_cell
3.6467094,2.9793048,0.0,2.9793048,2.3357363,3.864624,2.9793048,3.367682,2.3357363,3.1922307,4.2630744,3.6467094,0.0,5.806537,0.0,1.7349305,2.3357363,2.9793048,2.7084236,2.9793048,0.0,0.0,2.3357363,0.0,2.7084236,0.0,2.3357363,0.0,2.7084236,3.1922307,3.1922307,0.0,4.2630744,2.7084236,2.3357363,0.0,1.7349305,2.3357363,2.7084236,2.3357363,0.0,2.3357363,2.9793048,0.0,3.5168965,1.7349305,1.7349305,1.7349305,2.7084236,2.3357363,Monocyte
0.0,0.8404989,0.0,0.0,0.0,0.0,0.0,0.0,0.0,0.0,2.7403724,1.2906218,2.324607,2.9676065,0.0,0.0,0.0,0.0,0.0,1.2906218,3.1526458,1.5999064,0.0,0.0,0.8404989,3.094689,0.8404989,0.0,0.8404989,0.0,0.0,0.0,1.5999064,1.2906218,0.0,2.6514962,0.0,0.0,0.0,0.0,0.0,0.0,0.0,0.0,2.324607,1.5999064,0.0,2.8219905,0.8404989,0.0,T_cell
3.188062,3.9537613,1.9737625,3.3634844,2.168726,3.512678,2.7043662,3.2500188,1.7313511,3.30836,3.8603675,3.7573445,0.0,5.1970234,0.93586856,1.7313511,2.4719892,2.7043662,2.33181,3.512678,0.0,0.0,1.9737625,0.0,2.33181,0.0,2.8030128,0.0,3.6822493,1.9737625,3.4653776,2.4719892,3.827192,0.93586856,0.93586856,0.0,2.168726,2.4719892,2.8927963,1.7313511,2.33181,1.7313511,2.33181,2.4719892,3.0512874,0.93586856,2.8927963,1.4107074,2.33181,2.7043662,Monocyte
3.6194496,3.497853,4.1757536,3.0070016,3.6194496,3.2822466,3.6194496,2.6259558,3.8256414,1.1430423,2.4580045,3.8256414,1.1430423,4.8445134,2.7697139,3.2822466,2.0026803,2.2560365,0.0,3.107406,1.662522,0.0,2.4580045,2.2560365,1.662522,0.0,3.2822466,0.0,4.0720987,2.8953795,2.0026803,1.1430423,3.3593972,0.0,2.0026803,0.0,1.662522,1.662522,1.1430423,1.1430423,2.6259558,1.1430423,3.2822466,1.1430423,0.0,2.0026803,1.1430423,1.662522,0.0,2.0026803,Monocyte
2.9983115,4.4505496,3.5516155,2.9983115,3.2734473,2.4496465,3.1898732,2.7611454,3.7690067,3.3505723,3.1898732,4.1333833,1.6551186,4.7476234,2.6174762,2.2478545,2.6174762,0.0,1.1368229,3.2734473,0.0,0.0,2.886743,1.9947752,3.3505723,0.0,2.6174762,0.0,2.4496465,0.0,2.2478545,1.6551186,2.886743,0.0,2.6174762,0.0,0.0,2.4496465,1.9947752,1.6551186,1.6551186,2.6174762,2.6174762,0.0,0.0,0.0,2.4496465,0.0,1.9947752,1.9947752,Monocyte
0.0,0.0,0.0,0.0,0.9326785,0.0,0.0,0.0,0.9326785,0.0,0.0,2.4671795,0.0,2.8878338,0.0,0.0,0.0,1.9692398,0.0,1.9692398,1.7270291,3.5075808,0.9326785,0.0,0.0,3.183025,1.7270291,0.0,2.3270671,0.0,0.0,0.0,2.798078,0.0,0.0,3.1169891,0.0,1.7270291,0.9326785,0.0,0.9326785,0.0,1.9692398,0.9326785,1.9692398,2.164074,0.0,1.9692398,0.9326785,1.4067374,T_cell
2.4932177,3.6695397,3.6046045,3.195961,3.336968,3.5351582,2.8351848,2.6787481,3.379873,2.3857121,4.0976853,4.17645,0.8035026,4.9084926,2.6787481,2.6787481,3.144165,1.9694521,1.9694521,2.970427,0.0,0.0,1.7805973,1.7805973,1.7805973,0.0,3.195961,0.0,2.7600224,2.3857121,2.970427,2.2652414,3.730514,3.144165,2.1282434,0.0,2.3857121,2.4932177,2.2652414,1.7805973,1.9694521,1.9694521,2.970427,0.0,1.243203,2.9050906,1.547573,0.8035026,1.7805973,2.8351848,Monocyte
2.7735267,3.3725631,1.0567052,3.2347255,0.0,2.5064447,2.648876,3.4349554,1.5589346,3.3060174,3.3060174,3.2347255,1.0567052,4.9408484,0.0,1.8916999,1.0567052,2.8843477,3.6516328,2.9841034,0.0,0.0,1.8916999,1.0567052,2.140949,0.0,2.9841034,1.0567052,2.7735267,2.140949,2.648876,1.5589346,3.4349554,2.140949,2.5064447,0.0,1.0567052,3.2347255,2.648876,0.0,1.8916999,2.3403032,2.7735267,1.5589346,2.9841034,3.2347255,2.3403032,2.140949,0.0,1.8916999,Monocyte
2.8530085,3.912415,2.8530085,3.0645509,1.6262885,3.0645509,3.0645509,3.6313748,2.2159302,3.2390628,4.0637054,3.9909189,0.0,5.2836018,1.6262885,3.0645509,2.2159302,2.2159302,2.2159302,2.2159302,0.0,0.0,3.0645509,0.0,3.2390628,0.0,1.6262885,0.0,0.0,3.3875976,3.2390628,3.0645509,3.912415,3.3875976,1.6262885,0.0,0.0,2.5843675,0.0,1.6262885,2.2159302,1.6262885,2.2159302,1.6262885,3.6313748,0.0,0.0,2.8530085,2.2159302,1.6262885,Monocyte
0.0,0.7945501,0.0,0.0,0.0,0.0,0.7945501,0.0,0.0,0.0,2.6636033,2.37095,2.250672,2.8897176,0.0,0.0,0.0,0.0,0.0,0.7945501,1.9554678,2.819877,0.0,0.7945501,0.7945501,1.9554678,1.2316531,2.1139238,1.7670876,0.0,0.7945501,0.0,2.1139238,0.0,0.0,0.0,0.0,0.0,0.7945501,0.0,0.0,0.0,0.0,1.9554678,0.7945501,0.7945501,0.0,1.2316531,0.0,0.7945501,T_cell
3.641837,3.8083434,2.6364427,3.1182039,2.6964953,2.7531447,2.3519964,2.5725522,3.0386615,2.6964953,3.8083434,3.3850536,0.62284786,5.1227508,1.4944576,2.3519964,1.9529718,2.2661593,3.0386615,2.9963846,0.0,0.0,2.4310448,1.003737,1.671689,0.0,3.1557217,0.0,2.0686126,1.9529718,1.4944576,1.671689,3.7491045,2.6364427,1.822188,0.0,2.3519964,2.3519964,2.2661593,1.4944576,2.1722562,2.0686126,2.4310448,0.62284786,2.6364427,2.6364427,1.822188,0.0,1.822188,2.9963846,Monocyte
0.0,0.0,0.0,0.0,0.0,0.0,0.0,0.0,0.0,0.0,1.6068828,1.0964835,2.9414124,3.4308956,0.0,1.0964835,0.0,0.0,0.0,0.0,0.0,0.0,0.0,1.9431722,0.0,0.0,0.0,0.0,2.5620005,0.0,1.6068828,0.0,0.0,1.9431722,0.0,1.0964835,0.0,0.0,0.0,0.0,1.0964835,0.0,1.9431722,2.194385,2.5620005,0.0,0.0,2.5620005,0.0,1.0964835,T_cell
3.1886563,3.5550413,2.839089,3.4471724,1.8510853,2.728589,3.5550413,3.1886563,3.1120434,1.8510853,4.0334644,3.897935,0.0,4.852128,1.8510853,2.839089,2.098709,2.6043446,2.4624438,2.4624438,0.0,0.0,2.297024,2.297024,2.297024,0.0,2.4624438,0.0,0.0,2.4624438,1.8510853,2.098709,3.967994,2.297024,2.098709,0.0,0.0,2.6043446,2.9385843,1.0256504,1.0256504,1.8510853,2.728589,1.5212224,3.0290701,2.839089,2.4624438,1.5212224,1.0256504,2.098709,Monocyte
0.0,0.0,0.0,0.0,0.0,0.0,0.0,0.0,0.0,0.0,0.0,2.0204408,2.9147606,3.0265012,0.0,0.0,0.0,0.0,0.0,0.0,2.4767692,0.0,0.0,0.0,0.0,1.6791689,0.0,2.7889447,1.157054,0.0,1.157054,0.0,1.157054,0.0,0.0,1.6791689,0.0,0.0,1.157054,0.0,0.0,0.0,0.0,2.0204408,2.4767692,0.0,0.0,2.7889447,0.0,0.0,T_cell
0.0,0.0,0.0,0.0,0.0,1.8328073,0.0,0.0,0.0,0.0,1.288049,2.023435,2.4425924,3.0297854,0.0,0.8384818,0.8384818,0.0,0.0,0.8384818,1.5970736,0.0,0.0,0.0,0.8384818,0.8384818,1.288049,1.5970736,1.5970736,0.0,0.0,0.0,0.8384818,0.0,0.0,1.8328073,0.0,0.0,0.0,0.0,0.0,0.0,1.288049,1.288049,2.5506692,0.8384818,0.0,1.8328073,0.0,0.8384818,T_cell
3.436895,3.275672,4.6772423,3.3323505,4.2976294,3.4117656,3.9347713,1.8564258,4.163042,1.1983479,3.888464,3.359529,0.0,5.3621135,4.0214105,2.6473281,2.6473281,2.5315661,0.9333802,2.6473281,0.0,0.0,1.7279803,3.7888727,1.4076109,0.0,3.275672,0.0,1.1983479,1.5805707,1.8564258,0.57185227,2.8889263,1.8564258,1.7279803,0.0,1.4076109,1.5805707,1.8564258,1.9702352,2.6473281,2.328111,2.1650977,0.9333802,2.4006271,1.5805707,1.7279803,1.1983479,0.57185227,2.5315661,Monocyte
