CST3,HLA-DRA,HLA-DRB1,CTSS,TYROBP,CD74,MNDA,AIF1,PSAP,S100A4,VCAN,NEAT1,NKG7,HLA-DPA1,CCL5,LTB,HLA-DPB1,FTL,GNLY,LST1,FCER1G,LGALS1,IL1B,S100A11,COTL1,S100A6,S100A12,TYMP,IGKC,IER3,FGL2,KLF4,IL7R,IL32,NCF1,SAT1,CD14,CD69,ANXA1,MS4A6A,EGR1,TRBC1,SRGN,CYBB,ID2,CTSD,BRI3,TKT,NFKBIA,GRN,label
3.7303696,2.995271,3.1615884,2.546017,2.3931155,3.5397975,2.3931155,1.70867,2.2125404,3.7934082,2.7388484,3.751827,0.0,2.546017,0.0,0.0,2.3068984,4.0282702,0.0,1.529808,1.529808,3.0818834,2.2125404,1.8603423,2.3068984,3.5657017,1.8603423,1.3118315,0.0,2.3931155,1.8603423,1.529808,0.0,0.0,0.64412636,2.995271,1.3118315,0.0,2.849423,1.9920107,2.546017,0.0,2.3931155,1.529808,1.9920107,2.2125404,2.2125404,1.9920107,2.7388484,1.70867,Myeloid
3.7056124,4.585338,4.197015,2.2111487,2.561118,4.696003,1.9760442,2.10049,1.9760442,3.3239074,2.10049,3.740261,0.39069757,4.145378,0.0,0.39069757,4.0829024,4.5950427,0.0,1.9074868,2.3107734,2.2111487,3.3239074,2.357095,3.0705843,3.0705843,0.39069757,2.262201,0.0,1.6681036,1.8338808,1.7544235,0.0,0.39069757,1.0688559,3.6574638,0.39069757,0.0,2.6323428,2.0402017,1.6681036,0.0,2.6323428,0.39069757,2.262201,0.39069757,1.7544235,1.6681036,2.9018836,1.5736225,Myeloid
3.323708,2.1923907,2.2700543,3.5957503,3.422842,2.3421187,3.2136543,2.6907833,2.9860106,3.672149,3.323708,3.422842,0.0,1.1537259,0.0,0.8947216,1.1537259,4.903908,0.54425687,2.1081836,2.5315704,3.1841383,1.1537259,2.9101665,2.8280945,3.634679,2.6907833,2.1923907,0.0,1.9149528,1.6752188,2.1081836,0.0,0.0,2.5315704,3.2973092,2.1081836,0.0,2.3421187,2.5875056,1.9149528,0.0,2.9101665,2.409337,2.5875056,2.1081836,2.784386,2.47232,2.8699722,2.3421187,Myeloid
4.1597543,5.0443044,4.945812,1.8546376,2.010528,4.97602,2.2065227,2.3186505,1.4430597,2.4662983,0.0,1.7665176,0.0,4.6014204,0.0,0.43109274,4.3780813,3.4223588,0.0,2.370327,2.4194636,2.080216,1.7665176,2.2641573,3.2909746,2.370327,0.0,1.306897,0.0,0.43109274,2.1453621,2.5110376,0.43109274,0.0,1.1492271,1.8546376,0.0,0.0,2.010528,2.4662983,1.6698755,0.0,2.4194636,0.7313465,1.9356176,0.43109274,0.9619579,0.9619579,2.778215,2.010528,Myeloid
3.470632,3.2219076,3.4255917,3.92332,2.8900807,2.3900106,2.718812,2.251016,3.5550487,3.5550487,3.3784268,4.0543766,0.0,2.251016,0.0,0.0,1.6579785,4.5631747,0.0,2.9658394,2.3900106,2.251016,2.718812,2.718812,3.1637723,3.5947268,2.251016,2.251016,0.0,1.896858,2.718812,1.6579785,0.0,0.0,1.6579785,3.5550487,2.251016,0.0,2.620753,1.3435069,0.88220847,0.0,2.5120223,2.5120223,2.5120223,1.3435069,2.8081086,2.620753,1.896858,2.718812,Myeloid
0.0,1.948314,0.0,3.613646,2.9470954,2.5675378,3.763939,3.2215676,2.5675378,4.445422,0.0,3.894567,0.0,0.0,0.0,0.0,1.948314,4.1136317,0.0,3.763939,2.9470954,2.5675378,1.948314,4.010086,1.948314,4.010086,3.894567,3.2215676,0.0,1.948314,1.948314,1.948314,0.0,0.0,2.9470954,3.763939,2.9470954,0.0,1.948314,1.948314,0.0,0.0,3.763939,1.948314,0.0,2.9470954,1.948314,2.5675378,0.0,2.9470954,Myeloid
0.0,0.0,0.0,0.8723655,0.0,1.3310796,0.0,0.0,0.0,1.3310796,0.0,2.3747146,0.8723655,0.8723655,0.0,3.6164877,0.8723655,3.0202246,0.0,0.0,0.0,0.0,0.0,1.3310796,2.074783,1.6443592,0.0,0.0,0.0,0.0,0.0,0.0,1.3310796,2.235952,0.0,1.8825526,0.0,1.3310796,1.6443592,0.0,0.0,0.8723655,0.0,0.0,0.8723655,0.8723655,0.0,0.0,1.3310796,0.0,Lymphoid
3.540128,3.8269453,3.343058,3.7471187,3.3737023,3.487671,1.6871619,3.7878284,3.403435,3.540128,0.0,4.1091685,0.0,3.6827676,0.0,1.0158279,3.13639,5.899296,0.0,3.7471187,3.3737023,2.4484062,0.0,3.403435,3.3737023,2.824638,0.0,1.9693156,0.0,0.0,1.2926629,1.0158279,0.0,0.0,0.0,3.4323094,1.2926629,0.0,1.2926629,0.0,0.0,0.0,2.0852492,1.2926629,2.0852492,2.5217783,2.824638,2.0852492,0.0,0.63171023,Myeloid
3.6569493,2.9892857,2.9892857,2.889501,3.163185,2.9892857,2.6539488,2.1457667,2.6539488,3.498975,1.8963366,3.8749173,0.0,1.8963366,0.0,0.0,1.5632467,4.862337,0.0,2.1457667,1.8963366,2.7786446,2.5114586,2.7786446,2.5114586,3.498975,1.0602694,2.1457667,0.0,1.5632467,1.8963366,1.8963366,0.0,0.0,2.5114586,3.377834,2.1457667,0.0,2.5114586,2.6539488,1.8963366,0.0,3.6569493,1.8963366,1.0602694,1.0602694,2.3452368,2.5114586,2.9892857,1.5632467,Myeloid
3.0818653,3.2631667,2.9990158,3.7719488,3.158373,3.416588,3.158373,3.0412984,2.9086766,3.7916913,2.954866,4.202655,0.0,2.3545027,0.0,0.62413263,1.8245101,4.9757676,0.0,2.3545027,2.5068426,2.2686417,2.1747103,2.7557378,3.358013,3.358013,2.1747103,2.5751104,0.62413263,3.0818653,2.2686417,2.8602502,0.0,0.0,2.4335706,2.1747103,3.0412984,0.0,2.1747103,1.6739385,0.0,0.0,2.5068426,2.5068426,2.0710325,1.9553488,2.4335706,2.9086766,3.7719488,2.1747103,Myeloid
0.0,0.0,0.0,1.4663371,3.191847,0.0,0.0,0.0,0.98082924,3.1208954,0.0,2.3978953,4.7819204,0.0,4.0253515,0.0,0.0,2.2335923,4.862393,0.0,2.036882,2.662588,0.0,1.4663371,0.0,2.036882,0.0,0.0,0.0,0.0,0.0,0.0,0.0,3.0445225,0.0,0.98082924,0.0,0.0,2.662588,0.0,0.98082924,2.5389738,2.2335923,0.0,1.4663371,1.4663371,0.98082924,0.0,0.98082924,0.0,Lymphoid
0.0,0.87997323,0.0,0.87997323,0.0,0.87997323,0.0,0.0,0.0,3.2182436,0.0,3.098403,1.3406876,0.0,3.5513413,2.9622197,1.8936149,2.6172144,0.0,0.0,0.0,0.0,0.0,1.6548902,0.87997323,2.247602,0.0,0.0,0.0,0.0,0.0,0.0,2.6172144,3.2182436,0.87997323,2.7152476,0.0,3.629175,3.0326278,0.0,2.247602,2.3865445,1.8936149,0.0,2.8045225,0.87997323,0.87997323,0.87997323,2.0861907,0.0,Lymphoid
3.3404956,2.3799093,2.0196846,3.2601893,3.172866,2.3799093,3.3404956,2.3799093,3.2174804,3.5795774,3.2601893,4.0730224,0.0,0.0,0.0,0.0,0.0,4.4789944,0.0,2.2736297,1.1564564,2.3799093,2.5636077,2.4759707,2.4759707,3.5795774,2.8530085,2.1546965,0.0,2.8530085,2.2736297,3.0771818,0.73684084,0.73684084,2.3799093,2.913936,1.8635565,0.0,2.913936,1.8635565,2.1546965,0.0,2.4759707,2.5636077,3.172866,1.8635565,2.2736297,2.9713638,2.913936,2.4759707,Myeloid
3.505004,4.517395,4.4220395,3.650354,3.1297457,4.2446094,2.1149762,3.297078,3.505004,3.622925,0.713607,3.650354,0.0,3.8462894,0.0,0.713607,3.8462894,5.0575266,0.0,2.676727,3.174276,2.3391168,3.297078,3.297078,2.676727,3.3348749,0.713607,3.0831397,0.713607,2.9286733,3.0342548,1.8256303,0.0,0.0,2.676727,3.2169077,1.1258001,0.0,0.0,2.1149762,1.4168293,0.0,2.4347892,1.1258001,1.8256303,2.4347892,2.3391168,1.6419758,2.233313,2.1149762,Myeloid
3.6311512,0.0,1.1930937,4.10642,2.6935184,3.0761778,3.5013964,3.0761778,3.268425,3.8489835,2.6935184,4.0678577,0.0,1.1930937,0.0,0.0,1.1930937,5.0721154,0.0,2.321315,2.321315,2.321315,1.1930937,2.8379588,2.5246346,3.568377,2.321315,2.5246346,0.0,2.5246346,2.321315,2.5246346,0.0,1.1930937,2.9641452,2.8379588,1.1930937,0.0,0.0,2.321315,2.5246346,0.0,2.8379588,1.1930937,0.0,2.6935184,2.5246346,2.065824,2.8379588,1.7217898,Myeloid
0.0,0.0,0.0,0.7950827,0.0,1.232341,0.0,0.0,0.0,0.0,0.0,1.767893,0.0,1.232341,0.0,2.82079,0.0,3.0171995,0.0,0.0,0.0,0.0,0.7950827,0.7950827,1.232341,1.767893,0.0,0.0,0.0,0.7950827,0.0,0.0,1.232341,1.5355486,0.7950827,1.5355486,0.0,1.9563017,1.232341,0.0,0.0,3.4837055,1.9563017,0.0,0.7950827,0.0,1.5355486,0.7950827,0.7950827,0.0,Lymphoid
0.0,0.8999288,0.0,0.0,0.0,1.3657998,0.0,0.0,0.0,2.9184806,0.0,0.8999288,2.8363676,0.0,0.0,3.5428948,0.0,2.2779408,0.0,1.6823694,0.0,0.0,0.0,1.3657998,0.8999288,2.417341,0.0,0.0,0.0,2.1159108,0.0,0.0,3.4546745,2.9943595,0.0,2.1159108,0.0,2.2779408,1.3657998,0.0,2.417341,1.9224532,1.9224532,0.0,2.1159108,0.8999288,0.0,0.0,2.8363676,0.0,Lymphoid
0.0,0.6648495,0.0,1.0607013,0.0,0.6648495,0.0,0.0,0.6648495,3.240604,0.0,1.896898,0.0,0.0,0.0,3.7281125,0.6648495,2.0293825,0.6648495,1.0607013,0.0,0.6648495,0.0,1.5637691,1.5637691,2.345834,0.0,0.0,0.0,0.0,0.6648495,0.0,2.654563,2.5120656,0.6648495,2.4324,0.0,0.6648495,1.896898,0.0,0.6648495,1.5637691,0.6648495,0.0,2.345834,0.0,0.6648495,0.0,2.345834,0.0,Lymphoid
0.0,0.0,0.0,0.0,0.0,1.660793,0.0,1.1415893,0.0,0.0,0.0,1.1415893,0.0,0.0,0.0,3.9543505,0.0,2.8933635,0.0,0.0,1.1415893,0.0,0.0,0.0,0.0,1.660793,0.0,0.0,0.0,2.4560535,0.0,0.0,2.2541263,1.1415893,0.0,2.0008345,0.0,2.0008345,1.1415893,0.0,2.0008345,0.0,0.0,0.0,1.1415893,0.0,1.1415893,0.0,2.4560535,0.0,Lymphoid
2.97717,3.3463984,3.0830195,3.4559474,2.97717,3.0314946,1.8687286,3.132019,3.3463984,3.6727593,0.0,4.545005,0.0,3.266074,0.0,0.74003583,2.7244573,5.0036874,0.0,2.8587754,3.4207478,2.5692568,1.8687286,3.6727593,3.266074,3.4207478,0.0,1.8687286,0.0,0.0,1.4558278,2.1601079,1.1606543,0.0,1.6834395,3.6154575,0.0,0.0,2.1601079,0.0,0.74003583,0.0,1.8687286,1.6834395,0.74003583,2.3854632,1.6834395,0.74003583,1.8687286,1.6834395,Myeloid
0.0,4.0627275,3.9316504,1.8494285,0.0,4.0627275,0.0,0.0,0.0,0.0,0.0,1.5196862,1.0243899,3.386636,0.0,3.0271995,3.2579248,2.7267518,0.0,0.0,0.0,0.0,0.0,0.0,1.8494285,0.0,0.0,1.0243899,4.1785975,0.0,0.0,1.0243899,1.0243899,0.0,2.0969844,1.5196862,0.0,0.0,0.0,0.0,0.0,0.0,0.0,0.0,0.0,0.0,0.0,0.0,1.5196862,0.0,Lymphoid
3.9807734,3.7395766,3.6495004,3.3388042,3.4011228,3.4406106,1.8620752,3.7104435,3.5151951,3.4970639,0.0,3.8737264,0.47257537,3.478598,0.0,1.6541896,2.9509232,5.8738585,0.0,3.2254465,3.1507015,2.1101456,0.47257537,2.8856587,3.3388042,2.308746,0.0,2.0340939,0.0,1.6541896,2.3670537,1.0340241,0.0,0.0,1.0340241,3.3388042,0.0,0.0,0.47257537,0.0,1.2286109,0.0,2.308746,2.422148,1.0340241,1.7635247,2.422148,1.6541896,1.5314159,1.2286109,Myeloid
0.0,0.0,0.0,1.401523,0.0,1.7213497,0.0,0.0,0.9284921,2.9636369,0.0,2.4608557,2.9636369,1.401523,3.6306295,0.9284921,0.0,2.7915885,0.0,0.0,0.0,0.9284921,0.0,0.9284921,1.401523,1.401523,0.0,0.9284921,0.0,0.0,0.0,0.9284921,1.401523,2.9636369,0.0,2.3208318,0.0,0.9284921,2.3208318,0.0,1.401523,0.0,0.9284921,0.0,2.1579583,0.0,0.9284921,0.0,2.5836596,0.0,Lymphoid
0.0,0.0,0.0,0.0,0.0,1.4183695,0.0,0.94203264,0.0,0.0,0.0,0.0,0.0,0.0,0.0,3.1977687,0.0,2.3409536,0.0,0.0,0.0,0.0,0.0,0.0,0.0,1.7396888,0.0,0.0,0.0,1.4183695,0.94203264,0.0,3.0609334,0.0,0.0,0.94203264,0.0,1.4183695,0.0,0.0,0.0,0.94203264,0.94203264,0.0,1.4183695,0.0,0.0,0.0,0.0,0.0,Lymphoid
3.4139125,2.6581695,2.6581695,3.4744363,2.9935973,2.8937888,3.3494883,2.7224796,2.9935973,3.3156497,3.206669,3.4744363,0.0,1.9001958,0.0,0.6667351,1.0632389,4.837222,0.0,2.0327523,2.2545292,2.5156305,0.0,2.4359388,2.2545292,3.1268022,2.0327523,2.7829027,0.0,1.0632389,2.5156305,1.9001958,0.0,0.0,2.5156305,2.2545292,2.1497765,0.0,2.9449377,2.1497765,1.3464099,0.0,2.7829027,2.4359388,2.8937888,2.1497765,1.7473437,2.349342,1.5668371,2.4359388,Myeloid
3.5355284,3.8158982,3.672765,3.4431283,3.1445298,3.9982545,2.205624,2.205624,3.1000595,3.8593922,3.0535192,3.672765,0.0,3.1000595,0.0,0.0,3.1000595,4.700706,0.69788057,1.6170006,2.4064848,1.7996361,0.0,2.899294,2.5736704,3.1871066,1.1049185,2.205624,0.0,2.0877104,2.6478302,1.6170006,0.0,0.0,0.69788057,2.311089,1.3933861,0.0,3.0047066,2.5736704,1.7996361,0.0,3.0535192,2.311089,1.9540108,1.6170006,1.3933861,2.0877104,3.2671795,2.205624,Myeloid
0.0,0.0,0.0,0.0,0.0,0.85717064,0.0,1.3118315,0.0,0.85717064,0.0,0.85717064,0.0,0.0,0.0,2.849423,0.85717064,2.9250035,0.0,0.0,0.0,0.0,0.0,0.0,1.3118315,0.85717064,0.0,0.0,0.0,0.0,0.0,0.0,0.0,0.0,0.0,0.0,0.0,2.6786103,0.0,0.0,0.0,1.8603423,0.0,0.0,0.85717064,0.0,0.0,0.0,2.0518672,0.85717064,Lymphoid
2.9244168,3.163727,1.7976167,3.518361,3.163727,3.0512137,2.6091957,3.4407861,3.4407861,3.5903492,3.356683,4.0322514,0.0,1.2577856,0.0,0.0,1.2577856,4.6937103,0.0,3.0512137,1.2577856,2.7791758,3.356683,2.6091957,3.163727,3.518361,2.4042833,1.7976167,0.0,2.146267,2.7791758,2.146267,0.0,0.0,3.4407861,2.9244168,1.7976167,0.0,2.9244168,1.7976167,1.2577856,0.0,2.4042833,0.0,0.0,1.2577856,1.2577856,2.146267,3.657501,1.2577856,Myeloid
0.0,4.1044655,3.730729,1.3629802,0.0,4.6740947,0.0,0.0,0.0,0.0,0.0,0.0,0.0,3.302128,0.0,2.74336,3.302128,2.6451247,0.0,1.3629802,0.0,0.0,0.0,0.0,0.0,1.3629802,0.0,1.3629802,0.0,0.0,0.0,0.0,0.0,0.0,1.3629802,1.9192206,0.0,1.9192206,0.0,0.0,0.8976831,0.0,0.0,1.6792872,0.0,0.0,0.0,0.8976831,1.9192206,0.0,Lymphoid
0.0,0.0,0.0,1.5810916,2.5321698,0.0,0.0,0.0,1.915508,2.6749003,0.0,1.5810916,4.618745,1.0750465,3.0106845,0.0,0.0,2.6749003,4.5186977,0.0,2.7997804,1.915508,0.0,1.915508,0.0,1.0750465,0.0,0.0,0.0,0.0,1.0750465,0.0,0.0,0.0,0.0,1.915508,0.0,0.0,1.915508,0.0,0.0,0.0,2.1656785,0.0,2.910782,1.915508,0.0,0.0,1.5810916,0.0,Lymphoid
0.0,0.0,0.0,0.0,0.0,1.2772194,0.0,0.0,1.2772194,1.2772194,0.0,3.077,0.0,0.0,1.8202345,2.428919,0.0,1.8202345,0.0,0.0,0.0,0.0,0.0,1.8202345,1.2772194,0.0,0.0,0.0,0.0,1.2772194,0.0,0.0,3.2908812,2.1701913,0.0,1.8202345,0.0,2.1701913,1.8202345,0.0,2.428919,1.2772194,0.0,0.0,0.0,1.2772194,0.0,0.0,1.8202345,0.0,Lymphoid
0.0,0.76317775,0.0,0.76317775,0.0,0.76317775,0.0,0.0,0.0,0.0,0.0,2.6906316,0.0,0.0,0.0,2.4253104,0.76317775,2.9001145,0.0,0.76317775,0.0,0.0,0.0,0.0,0.76317775,1.1909373,0.0,0.0,0.0,0.0,0.0,0.0,3.018784,0.76317775,0.76317775,1.9058927,0.0,0.0,0.0,0.0,0.76317775,2.0631204,0.76317775,0.0,2.6906316,0.0,0.0,0.0,1.7192475,0.0,Lymphoid
0.0,0.0,0.0,1.331182,0.0,1.331182,0.0,0.0,0.0,0.0,0.0,1.6444716,0.0,0.87244654,0.0,3.578477,0.0,3.020357,0.0,0.87244654,0.0,0.0,0.0,0.0,0.87244654,0.87244654,0.0,0.0,0.0,1.331182,0.0,0.0,2.074905,1.6444716,0.0,0.87244654,0.0,0.87244654,0.0,0.0,0.0,2.6052656,1.8826706,0.0,1.331182,0.87244654,0.0,0.87244654,2.4966755,0.0,Lymphoid
0.79957247,0.0,0.0,0.79957247,0.79957247,1.5419658,0.0,0.0,0.0,3.2852771,0.0,1.9633218,0.0,0.79957247,0.79957247,2.2588556,0.0,2.7533472,0.0,0.0,0.0,0.0,0.0,1.2381363,1.5419658,1.7746742,0.0,0.0,0.0,0.0,0.0,0.0,3.1373453,2.1219666,0.0,0.79957247,0.0,0.79957247,2.8284767,0.0,0.0,0.0,2.1219666,0.0,0.0,0.0,0.0,0.0,2.2588556,0.79957247,Lymphoid
0.0,0.0,0.0,0.96496487,0.0,0.0,0.0,1.7705505,0.0,0.0,0.0,0.96496487,0.0,0.96496487,0.0,2.7486968,0.96496487,3.0202465,0.0,0.0,0.0,0.96496487,0.0,0.96496487,0.0,2.0147405,0.0,0.0,0.96496487,0.0,0.0,0.0,1.4467757,1.4467757,0.0,0.0,0.0,2.210851,0.0,0.96496487,0.0,3.2335844,0.96496487,0.0,0.96496487,0.0,0.96496487,0.0,2.6388834,0.0,Lymphoid
0.0,0.0,0.0,0.0,2.1576877,0.0,0.0,2.1576877,0.0,3.8481596,0.0,0.0,4.53059,2.1576877,4.4445577,0.0,2.1576877,3.4532976,4.932457,0.0,2.7913013,3.1761072,0.0,2.1576877,0.0,2.1576877,0.0,0.0,0.0,0.0,0.0,0.0,0.0,0.0,0.0,2.7913013,0.0,2.1576877,0.0,0.0,0.0,2.7913013,0.0,0.0,2.1576877,0.0,0.0,0.0,0.0,0.0,Lymphoid
0.0,0.0,0.0,0.0,0.0,0.0,0.0,0.0,0.0,2.8564796,0.0,0.0,0.0,0.0,0.0,3.874331,0.0,3.4579024,0.0,0.0,0.0,0.0,0.0,1.1151483,1.1151483,2.4203773,0.0,0.0,0.0,0.0,0.0,0.0,0.0,1.967121,0.0,2.5877733,0.0,0.0,0.0,0.0,1.967121,0.0,1.6292486,0.0,0.0,1.1151483,0.0,0.0,0.0,0.0,Lymphoid
0.0,0.0,0.0,0.0,0.0,0.9600639,0.0,0.0,0.9600639,3.5036716,0.0,2.7412767,2.7412767,0.0,2.007872,2.7412767,0.0,2.007872,0.0,0.0,0.0,0.0,0.0,0.0,0.0,2.930153,0.0,0.0,0.0,2.2037938,0.0,0.0,3.3464482,1.4407178,0.9600639,0.0,0.0,1.4407178,2.2037938,0.0,0.0,0.0,0.9600639,0.0,1.7639754,0.9600639,0.0,0.9600639,0.9600639,0.0,Lymphoid
0.0,3.462792,3.0114188,0.0,0.0,4.170433,0.0,0.0,0.0,0.0,0.0,1.0755553,0.0,2.3663204,1.0755553,1.9161667,2.9115126,3.3337278,1.0755553,1.5817051,0.0,0.0,0.0,0.0,1.5817051,0.0,0.0,1.0755553,5.083418,1.0755553,0.0,0.0,0.0,0.0,1.5817051,3.0114188,0.0,3.4003406,0.0,0.0,0.0,0.0,0.0,1.0755553,0.0,0.0,1.0755553,0.0,1.0755553,1.9161667,Lymphoid
3.3667169,2.8326488,1.9453961,3.495926,2.9438708,1.9453961,3.4334068,2.8326488,3.1349206,3.712987,3.712987,3.495926,0.0,0.0,0.0,1.0982125,0.0,4.843592,0.0,2.1966915,2.5643957,1.9453961,2.5643957,2.39735,2.9438708,3.8495605,2.7074904,1.6089581,0.0,1.9453961,0.0,1.6089581,0.0,0.0,2.9438708,3.4334068,2.39735,0.0,1.9453961,0.0,2.39735,0.0,3.3667169,2.7074904,1.6089581,2.39735,1.6089581,2.5643957,2.7074904,1.9453961,Myeloid
0.0,1.2245666,0.0,0.0,0.0,2.105118,0.0,0.0,0.0,2.3618689,0.0,1.7587854,0.0,1.7587854,0.0,3.119021,0.0,3.119021,0.0,0.0,0.0,0.0,0.0,1.2245666,1.7587854,1.2245666,0.0,0.0,0.0,1.7587854,0.0,0.0,2.8802562,2.3618689,0.0,2.8802562,0.0,2.7354155,2.105118,0.0,0.0,0.0,1.7587854,0.0,0.0,0.0,1.2245666,0.0,3.544942,0.0,Lymphoid
0.79388547,0.0,0.0,0.0,0.79388547,0.0,0.0,0.79388547,0.0,0.0,0.0,1.7660822,0.0,0.79388547,0.0,3.1274416,0.0,2.477191,0.0,0.79388547,0.0,0.0,0.0,0.0,1.5338353,1.5338353,0.0,0.0,0.0,1.7660822,0.0,0.0,3.0151224,0.79388547,0.79388547,0.0,0.0,0.79388547,0.79388547,0.0,0.0,2.3698506,0.0,0.0,2.5741181,0.0,0.0,0.79388547,1.7660822,0.0,Lymphoid
0.0,0.0,0.0,0.49156964,0.0,0.49156964,0.0,0.0,0.0,1.0663098,0.0,2.0774,0.49156964,0.0,0.0,3.0292294,0.0,2.747415,0.0,0.81967443,0.81967443,0.0,0.0,0.0,1.2639916,1.2639916,0.0,0.0,0.49156964,0.0,0.0,0.0,1.5705478,1.5705478,1.0663098,1.8048472,0.0,1.694544,0.49156964,0.0,0.81967443,2.0774,1.0663098,0.0,2.0774,0.49156964,0.49156964,0.49156964,1.9041834,0.49156964,Lymphoid
0.0,1.0335182,0.0,1.0335182,0.0,1.5308007,0.0,1.861412,0.0,1.0335182,0.0,1.0335182,0.0,0.0,0.0,1.861412,0.0,2.8506165,0.0,0.0,0.0,0.0,0.0,0.0,0.0,1.0335182,0.0,0.0,0.0,0.0,0.0,0.0,1.861412,2.1094556,1.0335182,2.1094556,0.0,2.1094556,0.0,0.0,0.0,0.0,1.0335182,0.0,1.0335182,1.5308007,0.0,0.0,2.8506165,0.0,Lymphoid
0.0,0.0,0.0,0.773154,0.0,1.2039261,0.0,0.773154,0.773154,0.0,0.0,0.0,0.0,0.0,0.0,3.2386143,0.0,2.9788618,0.0,0.0,0.0,0.0,0.0,1.2039261,2.0793831,1.2039261,0.0,0.0,0.0,1.5040256,0.0,0.0,2.6270192,1.7345462,0.0,3.2386143,0.0,1.2039261,1.5040256,0.0,2.2155144,2.2155144,1.5040256,0.0,1.5040256,0.773154,0.773154,0.0,2.4422863,0.0,Lymphoid
3.9764977,4.3834987,4.097384,3.0112233,2.88034,4.335721,2.060861,2.6449316,2.5025463,3.0992432,1.5555838,2.6449316,0.0,4.010942,0.0,0.48426107,3.6636,4.458381,0.0,2.3949459,2.6449316,2.2743556,3.3684638,2.1372037,2.6449316,2.8447556,0.48426107,1.7890562,0.0,2.9800732,2.2743556,1.5555838,0.0,0.0,0.48426107,3.0112233,0.8091289,0.48426107,1.9782048,2.2743556,2.4501927,0.0,2.3364675,0.8091289,2.8447556,0.8091289,2.060861,1.6791183,3.205712,1.4146088,Myeloid
0.0,0.0,1.1278445,1.1278445,0.0,1.1278445,0.0,0.0,0.0,2.9857283,0.0,1.9833398,4.5316916,1.6444154,4.050092,0.0,1.9833398,2.9857283,2.9857283,0.0,0.0,3.4093597,0.0,1.1278445,0.0,2.605201,0.0,0.0,0.0,0.0,1.1278445,0.0,0.0,2.9857283,0.0,2.437549,0.0,1.1278445,2.9857283,0.0,0.0,1.1278445,1.1278445,0.0,2.605201,1.6444154,1.1278445,0.0,1.9833398,0.0,Lymphoid
3.6026983,3.544942,3.5838146,3.564567,3.0401325,3.8788247,2.8993359,2.8993359,3.1037333,2.8207307,2.2949843,3.418342,0.0,3.504497,0.0,0.0,2.9364367,4.9042683,0.0,2.6898634,2.361869,2.8993359,2.424559,2.7354155,2.8993359,2.8207307,1.8705499,1.7587855,0.0,2.424559,2.146085,2.539254,0.0,0.0,1.3206706,3.564567,2.2233036,0.0,2.2949843,2.146085,1.3206706,0.0,2.6421368,0.52264535,2.361869,1.6329393,2.424559,2.7354155,3.0067477,2.146085,Myeloid
4.0400867,3.250913,3.643381,3.250913,2.976061,3.643381,2.3326497,2.595773,2.3326497,3.9245007,1.9745634,3.4662786,0.0,2.8038867,0.0,0.0,2.595773,5.1979485,0.0,2.595773,2.8038867,2.595773,1.4114106,1.9745634,2.8038867,3.3643823,1.4114106,2.595773,0.0,0.0,2.3326497,1.4114106,0.0,0.0,0.0,2.595773,0.0,0.0,0.0,2.3326497,2.976061,0.0,2.3326497,2.3326497,0.0,1.9745634,0.0,1.4114106,2.8038867,1.4114106,Myeloid
2.9759877,2.5361235,0.0,3.9982157,3.1888795,1.7320528,2.9759877,1.7320528,3.8110158,3.70239,3.70239,3.90899,0.0,2.5361235,0.0,0.0,0.0,4.7844224,1.7320528,2.3325796,0.0,3.0880883,1.2018073,1.7320528,2.5361235,3.4416862,2.0767338,2.0767338,0.0,1.7320528,2.5361235,2.7051616,0.0,1.7320528,3.58051,2.9759877,2.5361235,0.0,3.0880883,0.0,2.0767338,0.0,2.5361235,2.849715,0.0,2.849715,2.7051616,3.1888795,2.0767338,2.0767338,Myeloid
0.0,0.0,0.0,0.0,0.0,2.2158089,0.0,0.0,0.0,3.5167644,0.0,2.5842416,3.2389321,1.3145139,2.3542562,2.475846,0.8592845,2.475846,0.0,1.3145139,0.0,0.0,0.0,0.8592845,1.6261792,1.6261792,0.0,0.0,0.0,0.0,0.0,0.0,2.7710986,2.7710986,0.0,3.3403642,0.0,3.475495,1.8634415,0.0,1.3145139,0.0,1.3145139,0.0,2.0550659,0.8592845,0.8592845,0.8592845,2.9284763,0.0,Lymphoid
0.0,3.9522138,3.8321142,1.086364,0.0,4.424441,0.0,0.0,0.0,0.0,0.0,0.0,1.086364,3.478642,0.0,2.8158777,2.6908603,2.8158777,0.0,0.0,0.0,0.0,0.0,0.0,1.086364,0.0,0.0,0.0,4.6545734,0.0,1.086364,0.0,0.0,0.0,1.5947219,1.086364,0.0,2.3811555,0.0,0.0,0.0,0.0,0.0,1.5947219,0.0,0.0,0.0,0.0,1.086364,0.0,Lymphoid
3.432161,3.357782,3.0427253,3.9726243,3.4673738,3.0942786,3.0942786,2.8698995,3.3184094,3.5969977,3.0427253,3.814645,0.0,2.8049488,0.0,0.0,2.6608324,4.946886,0.0,2.492392,2.7354846,2.2897158,0.0,2.492392,2.492392,3.2346845,2.39618,1.6930555,0.0,1.8787138,2.39618,2.6608324,0.0,0.0,0.7462216,2.5801547,2.2897158,0.0,2.2897158,2.39618,0.7462216,0.0,2.492392,2.1705513,2.1705513,2.1705513,2.0352411,2.1705513,1.8787138,2.2897158,Myeloid
3.983615,3.6545625,3.587416,3.9990723,3.4378662,3.9679148,1.9252352,3.3240917,3.3825963,3.8505177,0.0,3.04834,0.0,3.540008,0.0,1.7951007,3.1608384,5.811137,0.0,3.410613,2.9215627,3.2619507,0.0,3.04834,3.4643962,2.9215627,0.0,1.6454612,0.0,0.0,1.9252352,0.6079596,0.0,0.0,0.0,3.7174826,0.0,0.0,0.98333615,0.0,0.0,0.0,1.4694216,1.7951007,0.0,1.2556275,2.2371716,2.040368,0.6079596,1.9252352,Myeloid
0.0,0.0,1.1159757,0.0,3.069236,0.0,0.0,0.0,0.0,3.5216649,0.0,3.1603138,4.6408005,1.6302382,4.0685353,0.0,1.9681797,2.5889115,4.2302437,0.0,0.0,2.2203095,0.0,1.6302382,0.0,2.8576398,0.0,0.0,0.0,0.0,1.1159757,0.0,0.0,1.9681797,0.0,1.6302382,0.0,0.0,2.2203095,0.0,0.0,2.8576398,2.5889115,0.0,0.0,1.6302382,1.1159757,1.6302382,0.0,0.0,Lymphoid
3.7033691,3.7033691,3.337305,3.208837,2.7538235,3.8579807,2.5982819,3.5533168,3.0613976,3.162065,1.8953428,3.6160643,1.1823195,2.5982819,0.0,0.0,2.8233724,5.234362,0.0,2.6790738,2.052301,1.8953428,2.5103843,2.7538235,2.7538235,3.162065,0.0,2.7538235,0.0,3.4146109,1.479989,2.888397,0.75657535,0.0,0.75657535,2.7538235,1.479989,0.0,0.0,1.7090775,2.3073463,0.0,2.1879327,0.0,0.75657535,1.1823195,2.3073463,2.1879327,3.208837,1.1823195,Myeloid
0.0,3.7471094,3.353368,1.4027935,0.0,4.180483,0.0,0.0,0.9295118,2.7931705,0.0,2.7931705,0.0,3.0413048,0.0,3.0413048,3.8169403,3.7471094,0.0,0.0,0.0,0.0,0.0,0.9295118,1.4027935,2.882899,0.0,0.0,5.096977,0.0,0.0,0.0,0.0,0.0,0.9295118,1.9647442,0.0,1.4027935,0.0,0.0,0.0,0.0,0.0,0.0,0.0,0.0,0.0,0.9295118,2.882899,0.0,Lymphoid
0.0,0.0,0.0,1.2948397,0.0,0.8438084,0.0,0.0,0.0,1.2948397,0.0,0.0,0.0,0.0,0.0,2.6569011,0.0,2.9731224,0.0,0.0,0.0,0.0,0.0,0.0,0.8438084,1.2948397,0.0,0.0,1.2948397,0.0,0.0,0.0,3.490579,2.5593064,0.0,1.8406801,0.0,1.8406801,1.2948397,0.0,1.8406801,1.8406801,0.0,0.0,2.9029408,0.8438084,0.8438084,0.8438084,1.8406801,0.0,Lymphoid
4.164143,4.2498584,4.1559734,1.9853241,2.1196604,4.4397306,1.9853241,2.0547464,2.4396486,3.340011,1.6462721,3.5409834,0.0,3.817565,0.42097786,0.0,3.5101695,3.6141045,0.0,2.0547464,2.2923994,2.8156192,3.0393243,1.9107206,3.013949,2.9337144,0.42097786,1.4208657,0.0,2.1806161,1.8300993,2.5679727,0.0,0.42097786,0.716327,2.6816866,0.0,1.9107206,3.013949,0.0,1.8300993,0.0,2.6816866,0.94404274,2.1806161,1.2857149,1.1294008,1.1294008,2.6073318,1.6462721,Myeloid
0.0,0.0,0.0,0.98554105,0.0,0.0,0.0,0.0,0.98554105,0.0,0.0,1.472133,0.0,0.98554105,0.0,2.6695926,0.0,2.54591,0.0,0.98554105,0.0,0.0,0.0,0.0,0.0,1.798037,0.0,0.0,0.98554105,0.98554105,0.0,0.0,2.6695926,1.472133,0.0,2.54591,0.0,2.54591,0.0,0.0,0.98554105,1.472133,0.0,0.0,0.0,0.0,0.0,1.472133,1.798037,0.0,Lymphoid
4.0582433,4.203324,4.203324,2.5410838,2.9199376,4.067385,2.4536207,2.89085,2.2517447,3.820951,1.658638,3.4769115,0.0,3.8552868,0.0,0.42626008,3.723171,3.910016,0.0,2.1941962,2.068096,2.7311816,3.078659,1.9985336,2.3577685,2.9482028,0.0,1.1397786,0.0,0.0,1.658638,1.9237682,0.0,0.0,1.4324894,1.842958,1.1397786,0.9534159,2.798138,1.296806,1.5519431,0.0,2.1331325,1.1397786,1.5519431,0.42626008,1.9237682,0.7241797,2.3577685,2.2517447,Myeloid
3.7616532,4.0322795,3.7006314,3.2996447,3.1747031,3.8191643,1.9065646,3.7316074,3.38945,3.6356423,1.0681449,3.0621324,0.82124025,3.6686647,0.0,0.82124025,3.3228636,5.6135902,0.0,2.9685206,3.0318918,3.147726,0.0,3.147726,3.2265675,2.5723464,0.0,2.1563916,0.0,0.0,2.3561146,1.8071849,0.49265683,0.0,0.49265683,2.5723464,0.0,0.0,1.9065646,0.82124025,0.0,0.0,2.3561146,1.696828,0.0,1.0681449,2.0798473,1.8071849,2.3561146,0.49265683,Myeloid
3.1254108,2.8232925,1.936879,3.7963538,3.034483,3.2087555,2.8232925,2.9344525,3.2087555,3.60066,3.2087555,4.522169,0.0,0.0,0.0,1.6010115,1.936879,4.432232,0.0,2.1878574,1.936879,0.0,0.0,2.9344525,3.034483,2.6982124,1.936879,2.3883142,1.0915952,0.0,2.1878574,2.8232925,0.0,0.0,1.0915952,3.9214892,1.0915952,0.0,2.3883142,2.1878574,1.0915952,0.0,2.1878574,2.9344525,2.6982124,2.8232925,2.1878574,3.034483,3.1254108,1.6010115,Myeloid
4.03983,4.126452,4.5383697,2.601601,2.601601,4.0136375,1.9279557,2.7049904,1.9279557,3.4375818,1.3706019,3.3641303,0.55067885,3.8401976,0.0,0.0,3.9014146,4.1840305,0.0,2.4232104,2.4232104,2.1215787,2.8424332,2.3558974,2.6546311,2.963248,0.90375656,1.6876168,0.0,0.0,1.9279557,2.2837245,0.0,0.0,1.5416194,2.5456004,0.55067885,0.0,2.2059343,2.1215787,2.2059343,0.0,1.9279557,1.9279557,2.8424332,1.8149893,2.0294461,1.6876168,2.9245758,1.5416194,Myeloid
0.0,0.0,0.0,1.6679097,2.6321208,0.0,0.0,0.0,0.0,2.6321208,0.0,2.2619872,3.9629614,0.0,3.5669549,0.0,1.6679097,2.9016578,3.784434,0.0,0.0,0.0,0.0,1.6679097,0.0,2.2619872,0.0,0.0,0.0,0.0,0.0,0.0,0.0,0.0,1.6679097,1.6679097,0.0,1.6679097,2.6321208,0.0,0.0,0.0,2.2619872,0.0,2.6321208,0.0,0.0,0.0,0.0,0.0,Lymphoid
0.0,0.0,0.0,1.27239,0.0,1.27239,0.0,0.0,0.0,1.8146205,0.0,1.27239,0.0,1.27239,0.0,3.183222,0.0,2.9436815,0.0,0.0,0.0,0.0,0.0,1.27239,0.0,2.422809,0.0,0.0,0.0,0.0,0.0,0.0,1.8146205,2.798271,1.27239,1.27239,0.0,1.8146205,0.0,0.0,0.0,2.1642559,1.27239,0.0,2.628059,0.0,0.0,0.0,2.1642559,0.0,Lymphoid
0.0,0.0,0.0,1.3388156,0.0,0.8784898,0.0,0.0,0.0,2.8840818,0.8784898,1.8914609,0.0,0.0,2.5061862,2.5061862,0.0,2.9598148,0.0,0.0,0.0,0.0,0.0,1.6528392,1.3388156,2.5061862,0.0,0.0,0.0,0.0,0.0,0.0,3.3722913,3.1576889,0.0,2.245334,0.0,0.8784898,2.9598148,0.0,1.3388156,2.3842416,1.6528392,0.0,2.0839696,0.0,0.0,0.0,0.8784898,0.0,Lymphoid
3.1740284,3.344152,3.7289505,2.5511005,2.6071265,3.9925964,2.491748,2.0346308,2.2112455,3.655325,3.110218,3.2905967,0.0,2.2112455,0.0,0.0,3.1740284,4.0837417,0.0,1.8199868,2.0346308,2.6071265,3.2905967,1.8199868,2.7585218,3.3949842,0.9073107,2.4286497,0.0,2.1268322,2.491748,1.546312,0.0,0.0,1.1682863,2.8899817,0.0,0.5532097,2.6071265,2.3613,0.0,0.0,2.5511005,1.6924826,2.1268322,1.1682863,1.546312,1.8199868,3.204469,2.2112455,Myeloid
3.2351463,4.059699,3.5906882,3.5129411,2.4722373,2.8491673,2.6783578,2.6783578,3.730105,3.428636,2.9950132,2.2122989,0.0,2.8491673,1.8601133,0.0,3.5129411,4.5349183,1.8601133,2.6783578,2.2122989,2.2122989,3.2351463,2.2122989,2.8491673,3.3365636,1.8601133,2.4722373,1.3116333,3.5906882,3.1222706,2.2122989,0.0,0.0,2.2122989,2.8491673,0.0,0.0,2.2122989,1.3116333,2.4722373,0.0,2.8491673,2.9950132,0.0,2.2122989,1.3116333,2.2122989,2.8491673,1.3116333,Myeloid
0.0,0.0,0.0,0.87139404,0.0,0.0,0.0,0.0,0.0,1.6430123,0.0,1.8811373,0.0,0.0,0.0,2.0733232,0.0,2.7015226,0.0,0.0,0.0,0.0,0.0,1.3298513,0.87139404,1.3298513,0.0,0.0,0.0,0.0,0.87139404,0.0,2.4950159,1.3298513,0.87139404,0.0,0.0,2.4950159,0.0,0.0,0.87139404,2.0733232,1.6430123,0.0,1.3298513,0.87139404,0.0,2.2344608,1.6430123,0.87139404,Lymphoid
3.7335358,3.369651,3.0025854,3.7927532,3.1218894,3.4537916,3.1218894,2.7103271,3.5313985,3.8754818,3.324768,4.0675316,0.0,2.2956462,0.0,0.0,1.2674183,5.0292897,0.8223473,2.6216464,1.9986624,3.1218894,2.7103271,2.5243294,3.1765962,3.901604,2.6216464,1.8088366,0.0,1.5743302,1.9986624,0.0,0.0,0.0,2.8670952,2.1581388,2.8670952,0.0,1.9986624,2.2956462,1.2674183,0.8223473,3.1765962,1.2674183,2.2956462,2.8670952,2.4165106,2.4165106,2.7917802,2.2956462,Myeloid
0.0,1.9800785,1.8486768,0.0,0.0,1.5189892,0.0,0.6375824,0.0,2.725918,0.0,2.982137,0.0,1.6973586,0.0,2.4598298,1.9800785,2.2002327,0.0,0.0,0.0,0.0,0.0,1.6973586,1.8486768,1.8486768,0.0,0.0,0.0,0.0,0.6375824,0.6375824,1.3017448,2.725918,0.0,1.3017448,0.0,1.8486768,3.1093125,0.0,0.0,2.3805563,1.6973586,0.0,1.3017448,1.023818,0.0,0.0,1.8486768,0.6375824,Lymphoid
3.2078066,2.933516,2.554308,3.599698,2.554308,2.7617803,3.599698,2.7617803,3.3210855,4.0995307,2.2922113,2.554308,0.0,1.9360327,1.3776569,1.3776569,0.0,4.9652805,1.3776569,1.9360327,1.3776569,2.554308,1.9360327,2.933516,2.2922113,3.7499366,2.2922113,3.0800364,0.0,0.0,2.7617803,2.554308,0.0,0.0,2.554308,3.5151684,1.9360327,1.3776569,2.554308,2.2922113,1.9360327,0.0,2.554308,2.2922113,1.9360327,2.2922113,2.7617803,1.9360327,2.7617803,2.2922113,Myeloid
3.2626016,3.0280588,2.8553724,3.6119444,3.0280588,3.3429155,2.1569147,2.8553724,3.2198887,3.641003,2.1569147,3.641003,1.1581764,2.382186,0.0,0.0,1.6805006,4.8147078,0.0,2.2758803,0.0,1.6805006,0.0,2.4782686,3.0280588,3.0795748,1.4530606,2.1569147,0.0,1.4530606,2.5659232,2.6465101,0.7381496,0.0,2.382186,2.7904809,1.4530606,0.7381496,1.6805006,2.1569147,0.7381496,0.0,2.9163086,1.6805006,0.0,2.382186,2.0218606,1.4530606,2.8553724,2.2758803,Myeloid
2.2705085,3.297797,2.2705085,3.022361,3.297797,2.6409476,3.297797,2.784861,2.6409476,3.7436173,2.0166674,3.022361,0.0,1.1540726,0.0,1.1540726,1.1540726,5.4430003,0.0,2.784861,1.1540726,3.2141404,1.1540726,2.9106455,2.784861,3.576195,3.5135202,1.6756306,0.0,1.1540726,2.2705085,1.1540726,0.0,0.0,2.9106455,2.9106455,2.0166674,0.0,2.9106455,2.2705085,1.1540726,0.0,2.784861,1.1540726,0.0,2.2705085,2.9106455,2.0166674,1.6756306,2.0166674,Myeloid
0.0,0.0,0.0,0.7490319,0.0,0.0,0.0,0.0,0.0,2.175281,0.0,1.6974132,0.0,0.0,0.7490319,3.1484118,0.0,1.8832377,0.0,0.7490319,0.0,0.0,0.0,1.8832377,1.4689922,2.2945137,0.0,0.0,0.0,0.0,0.0,0.0,1.8832377,0.0,0.7490319,1.8832377,0.0,2.2945137,1.1724521,0.0,1.8832377,2.039883,1.4689922,0.0,1.4689922,0.0,0.0,0.0,2.039883,0.0,Lymphoid
0.0,0.0,0.0,0.0,0.0,1.937896,0.0,0.0,0.0,3.1265466,0.0,1.0923847,0.0,0.0,0.0,1.6019601,0.0,3.2098956,0.0,0.0,0.0,0.0,0.0,1.937896,1.937896,2.1889124,0.0,0.0,0.0,0.0,0.0,0.0,0.0,3.2098956,1.0923847,2.82441,0.0,2.3893933,1.0923847,0.0,1.937896,1.937896,0.0,0.0,1.6019601,0.0,0.0,0.0,2.3893933,0.0,Lymphoid
3.2215676,2.9470954,1.948314,3.4367008,3.4367008,0.0,3.2215676,2.9470954,3.613646,4.372216,2.9470954,2.5675378,0.0,0.0,0.0,1.948314,0.0,5.748998,0.0,2.9470954,3.613646,2.9470954,0.0,3.4367008,3.4367008,4.637506,3.2215676,1.948314,0.0,2.9470954,0.0,0.0,0.0,0.0,2.9470954,1.948314,3.613646,0.0,2.9470954,0.0,0.0,0.0,3.2215676,0.0,0.0,0.0,3.613646,2.5675378,1.948314,1.948314,Myeloid
3.1304536,3.2710805,3.1795597,2.6960924,2.5271742,3.8758597,2.323805,2.6151958,3.2710805,3.354923,2.6960924,3.4688194,0.0,2.0682352,2.2041626,0.0,2.0682352,4.328989,0.0,2.2041626,2.323805,2.6151958,1.1950178,1.4941225,2.9056501,3.024356,1.1950178,2.6151958,0.0,2.6151958,2.0682352,2.5271742,0.0,0.0,2.0682352,3.1795597,1.4941225,0.7663086,3.0788112,2.0682352,2.4306507,0.0,2.4306507,1.7240574,2.2041626,1.9108812,1.7240574,2.323805,3.6638098,2.0682352,Myeloid
0.9107172,0.0,0.0,0.9107172,0.0,1.3793225,0.0,0.0,0.0,0.0,0.0,1.9379383,0.0,0.0,0.0,2.9356244,0.0,3.0821607,0.0,0.0,0.0,0.0,0.0,0.9107172,0.0,1.3793225,0.0,0.0,0.0,0.0,0.0,0.0,1.69714,1.3793225,1.3793225,0.0,0.0,0.0,0.0,0.0,0.0,0.0,0.0,0.0,1.69714,0.0,0.0,0.9107172,1.9379383,0.0,Lymphoid
3.978946,4.5636063,4.1633396,2.4702342,3.0827224,4.3937087,2.1394048,3.7128408,3.3491807,3.605674,0.98036075,3.6923065,0.0,3.8458614,0.0,0.0,3.6280458,5.155432,0.0,2.4702342,3.0827224,2.03623,2.3972137,2.7183998,3.3195057,3.3491807,0.98036075,2.96112,0.0,1.2522275,1.7911348,0.0,0.0,0.0,1.9211726,2.8709724,1.4657605,0.0,0.6057951,1.6416233,0.6057951,0.0,2.9170616,2.1394048,1.2522275,0.98036075,1.2522275,1.6416233,2.5382833,1.6416233,Myeloid
0.0,0.0,0.0,1.4937207,0.0,1.4937207,1.4937207,0.0,0.0,3.2922103,0.0,1.4937207,1.0031352,1.0031352,0.0,3.354423,1.4937207,2.2653077,0.0,0.0,0.0,1.4937207,0.0,2.4301782,2.2653077,2.9051604,0.0,1.0031352,0.0,0.0,1.0031352,0.0,2.8058636,2.2653077,1.0031352,1.0031352,0.0,0.0,2.5716746,0.0,1.0031352,1.0031352,1.0031352,0.0,0.0,0.0,0.0,1.0031352,1.0031352,1.0031352,Lymphoid
0.0,3.2821,2.8609133,1.0405704,0.0,4.087431,0.0,0.0,0.0,0.0,0.0,0.0,0.0,2.6258142,0.0,3.6274462,2.8609133,3.2821,0.0,0.0,0.0,0.0,0.0,1.0405704,1.5393722,0.0,0.0,0.0,0.0,0.0,0.0,0.0,0.0,0.0,1.0405704,2.119062,0.0,1.8706467,1.0405704,0.0,0.0,0.0,1.5393722,0.0,0.0,0.0,0.0,1.0405704,1.5393722,0.0,Lymphoid
0.0,0.0,0.0,1.055849,2.505239,1.055849,0.0,0.0,0.0,2.3391168,0.0,2.9828568,4.3547964,0.0,3.6004272,0.0,1.055849,2.9828568,4.4684687,0.0,2.505239,1.055849,0.0,0.0,0.0,1.5578979,0.0,0.0,0.0,0.0,0.0,0.0,1.055849,2.3391168,0.0,2.3391168,0.0,3.2334642,1.055849,0.0,1.055849,0.0,3.4924095,0.0,1.8905851,1.8905851,0.0,1.055849,1.8905851,0.0,Lymphoid
3.7446423,3.119282,2.8743658,3.1618106,2.8172634,3.5944245,3.074864,2.2873383,2.5493085,3.48007,2.6233225,3.2417986,0.0,2.6233225,0.0,0.0,2.1821673,4.314003,0.0,2.0646214,2.0646214,2.9796314,2.928383,1.3736048,2.6233225,3.538881,1.77765,2.5493085,0.0,1.5958966,1.0873407,1.9313946,0.0,0.0,1.5958966,2.928383,1.3736048,0.0,1.9313946,1.77765,2.1821673,0.0,3.074864,1.3736048,2.2873383,1.9313946,1.3736048,2.2873383,2.0646214,1.5958966,Myeloid
4.3287215,5.124,4.8661394,1.8069189,2.757842,4.945287,2.5424516,3.0129957,2.5424516,2.5015695,0.0,2.030664,0.0,4.5122013,0.4115565,0.0,4.6281424,4.086883,0.0,2.5817277,2.2133865,0.9272286,1.3999481,2.2675593,2.757842,2.789627,0.0,1.2657708,0.70227045,2.2675593,2.030664,1.2657708,0.0,0.0,1.5182334,2.7250135,0.4115565,0.4115565,1.6239954,0.0,0.70227045,0.0,1.7196339,0.9272286,2.030664,0.70227045,1.5182334,1.2657708,1.9614993,2.030664,Myeloid
0.0,3.6405041,3.433158,1.9035083,0.0,4.2207623,0.0,0.0,0.0,0.0,0.0,0.8867993,0.0,3.433158,0.0,3.433158,2.9732578,3.1712627,0.0,0.8867993,0.8867993,0.0,0.0,0.0,1.349292,0.0,0.0,0.0,4.9479094,0.0,0.0,0.0,0.0,0.0,1.349292,0.0,0.0,2.628006,0.0,0.0,0.0,0.0,0.0,0.8867993,0.0,0.0,0.0,0.8867993,2.0963895,0.0,Lymphoid
0.0,0.0,0.0,0.88671535,0.0,0.0,0.0,0.88671535,0.0,0.0,0.0,3.1093807,0.0,0.0,0.88671535,2.8973327,0.88671535,2.8973327,0.0,0.0,0.0,0.0,0.0,0.88671535,0.0,0.0,0.0,0.0,0.0,0.88671535,0.0,0.0,3.385843,2.6278734,0.0,2.0962644,0.0,1.3491864,0.0,0.0,0.0,3.1093807,0.0,0.0,0.0,0.88671535,0.0,0.88671535,2.0962644,0.0,Lymphoid
2.9437523,2.7719092,2.6203668,3.7947807,3.3043554,2.8615174,0.0,3.724986,2.5048604,4.0066214,0.0,4.7376704,0.0,2.7719092,0.91585594,0.91585594,2.6203668,5.151125,0.0,3.8279324,3.2477381,2.9437523,0.0,3.0903506,3.503352,3.3315055,0.0,1.5575725,0.0,0.0,1.5575725,2.4416852,0.55930525,0.55930525,0.0,3.7428968,1.1781533,0.0,0.0,0.0,1.5575725,0.0,2.7239022,1.5575725,0.91585594,1.945289,2.1394267,2.6734738,2.6734738,1.3857509,Myeloid
0.0,1.80183,2.4088764,0.0,3.2034264,1.80183,0.0,0.0,1.4756366,3.2697074,0.0,2.783911,4.364344,0.9883917,4.2508254,0.0,2.2443783,3.1324384,4.610433,0.0,2.4088764,2.2443783,0.9883917,0.9883917,0.0,2.2443783,0.0,0.9883917,0.9883917,0.9883917,0.0,0.0,0.0,2.047388,0.0,2.2443783,0.0,1.80183,1.80183,0.0,0.0,2.047388,2.4088764,0.0,1.80183,0.9883917,0.9883917,0.0,0.0,0.0,Lymphoid
2.8912852,2.6219356,2.0906518,3.8961635,3.2231321,2.8912852,2.8912852,2.7200034,3.3301563,4.030756,2.6219356,3.9521923,0.0,2.0906518,0.0,1.659011,1.8979421,5.0470705,0.0,2.0906518,2.3911693,2.809307,0.8829562,2.6219356,3.2231321,3.836808,1.659011,2.7200034,0.0,1.659011,2.3911693,1.8979421,0.0,0.0,2.3911693,3.3301563,1.659011,0.0,2.3911693,1.8979421,0.0,0.0,2.7200034,1.8979421,2.7200034,2.6219356,2.6219356,2.0906518,2.6219356,2.0906518,Myeloid
3.4288,1.553915,0.0,3.6454372,2.978065,2.500604,3.4288,2.978065,2.1353378,4.4634786,3.2998903,3.1518686,0.0,0.0,0.0,1.553915,0.0,5.1931663,0.0,2.500604,2.500604,2.500604,2.500604,3.2998903,1.553915,3.5429738,3.6454372,0.0,0.0,2.1353378,1.553915,0.0,0.0,0.0,2.978065,2.978065,2.1353378,0.0,1.553915,2.500604,2.500604,0.0,2.500604,2.1353378,0.0,0.0,2.978065,2.1353378,2.500604,3.1518686,Myeloid
3.3989463,3.0347583,2.388577,3.906578,3.7583132,2.9974592,1.717089,3.4724846,3.2916434,4.0221243,0.0,3.3989463,0.5660991,2.388577,0.0,0.5660991,1.958835,4.753321,0.0,3.4240646,3.4240646,2.9184084,0.0,3.3731804,3.810216,3.495843,0.0,2.2380688,0.0,0.0,2.456109,1.3976127,0.0,0.0,1.3976127,3.810216,0.0,0.0,0.0,0.0,1.5700551,0.0,2.3161519,1.717089,0.9253556,1.3976127,2.7867167,2.456109,2.2380688,1.717089,Myeloid
0.0,0.0,0.0,0.9066503,0.0,0.0,0.0,0.9066503,0.0,1.3742292,0.0,1.6915789,0.0,0.0,0.0,2.4276397,0.0,2.6591494,0.0,0.0,0.0,0.0,0.0,0.0,1.3742292,1.6915789,0.0,0.0,0.0,0.9066503,0.0,0.0,1.3742292,0.0,0.9066503,0.0,0.0,2.6591494,0.0,0.0,0.0,3.0050979,0.0,0.0,1.3742292,0.9066503,0.9066503,0.9066503,1.3742292,0.0,Lymphoid
0.0,0.82141864,0.0,0.0,0.0,1.5730165,0.0,0.0,0.82141864,2.7902246,0.0,2.4150014,1.266228,0.0,1.9972298,2.8655326,0.82141864,2.522805,3.1203053,1.266228,0.0,0.0,0.0,2.2941558,0.0,2.4150014,0.0,0.0,0.0,1.266228,0.0,0.0,3.1203053,2.8655326,0.0,1.5730165,0.0,2.935564,1.5730165,0.0,0.82141864,0.0,1.9972298,0.0,2.7902246,0.0,0.0,0.82141864,2.8655326,0.0,Lymphoid
3.3512619,3.3102248,2.9631653,3.5992515,2.4271913,3.4286056,2.9020646,2.7673757,3.0207467,3.465144,2.3203833,3.9633834,0.0,2.61168,0.0,0.0,2.200788,4.9728007,0.0,1.7209413,2.7673757,1.7209413,2.4271913,2.7673757,2.7673757,3.7717383,2.523684,1.7209413,0.0,1.1923739,2.200788,2.836986,0.0,0.0,2.3203833,3.175924,2.0649219,0.0,2.4271913,2.3203833,2.3203833,0.0,2.4271913,1.1923739,2.200788,2.0649219,1.9076495,2.4271913,3.3512619,2.523684,Myeloid
0.0,0.0,0.0,0.0,0.0,1.609278,0.0,0.0,1.0984789,3.1353028,0.0,1.609278,4.1741905,0.0,3.2956443,0.0,1.609278,3.044332,2.3977134,0.0,0.0,1.0984789,0.0,0.0,1.0984789,2.5647647,0.0,0.0,0.0,0.0,0.0,0.0,2.3977134,3.6633668,0.0,1.609278,0.0,1.609278,1.609278,0.0,0.0,2.8330252,1.9457388,0.0,0.0,1.0984789,0.0,0.0,1.9457388,0.0,Lymphoid
3.9696436,3.8804684,3.485271,3.729752,3.0603201,4.0515137,3.336215,3.1609824,3.6149642,3.336215,2.0513158,2.948379,1.1815358,2.0513158,0.0,0.0,2.822309,4.4378977,0.0,1.7081518,1.1815358,1.1815358,2.5093458,1.7081518,2.948379,3.0603201,1.7081518,2.822309,0.0,2.5093458,2.5093458,0.0,1.1815358,0.0,1.1815358,2.822309,2.678021,0.0,0.0,2.678021,0.0,0.0,2.3063285,1.1815358,1.1815358,0.0,2.0513158,1.7081518,1.1815358,1.7081518,Myeloid
0.0,0.0,0.0,0.0,0.0,0.0,0.0,0.0,0.7787235,3.100831,0.0,2.088418,0.0,0.0,0.0,2.7925727,0.7787235,1.7430519,0.0,0.7787235,0.0,0.0,0.0,1.7430519,0.0,3.0463169,0.0,0.0,0.0,1.5120605,0.0,0.0,3.1525264,1.5120605,0.0,2.3446398,0.0,1.9305712,2.3446398,0.0,1.2111605,0.7787235,2.088418,0.0,1.5120605,0.7787235,0.7787235,0.7787235,2.088418,0.7787235,Lymphoid
3.5218801,3.1048923,2.6614308,3.6216478,2.3763583,2.9777448,3.021948,2.7783427,2.8830056,3.7548041,3.021948,3.217682,0.6354037,2.196119,0.0,0.0,2.196119,5.1698785,0.0,2.4555988,2.0921447,2.5290186,1.0208555,2.7215946,2.7215946,3.5976236,2.196119,1.6935806,0.0,2.196119,1.6935806,1.2983786,0.0,0.0,2.0921447,2.832043,2.7783427,0.6354037,2.4555988,2.290294,1.2983786,0.0,2.4555988,1.9760913,1.5153769,2.5290186,2.4555988,2.4555988,2.4555988,1.2983786,Myeloid
0.0,0.0,0.0,0.0,0.0,1.1089855,0.0,1.1089855,0.0,1.6218729,0.0,1.1089855,0.0,1.1089855,0.0,2.412014,1.1089855,2.579284,0.0,0.0,0.0,0.0,0.0,0.0,0.0,1.1089855,0.0,0.0,0.0,0.0,0.0,0.0,2.959148,2.211032,0.0,0.0,0.0,0.0,0.0,0.0,1.9592276,3.2337794,0.0,0.0,1.9592276,1.1089855,1.1089855,0.0,2.211032,0.0,Lymphoid
2.3360174,1.4142317,0.0,3.725048,3.1264656,1.4142317,3.725048,2.8073902,1.9777756,3.5623684,3.5623684,3.2544978,0.0,0.0,0.0,0.0,0.0,4.807455,0.0,2.8073902,2.3360174,0.0,0.0,2.9796002,2.3360174,3.725048,3.725048,1.9777756,0.0,0.0,1.9777756,3.2544978,0.0,0.0,3.1264656,1.9777756,2.5992243,0.0,0.0,0.0,1.4142317,0.0,2.3360174,2.3360174,1.4142317,1.4142317,2.9796002,1.9777756,3.1264656,2.3360174,Myeloid
0.0,1.4856045,0.0,0.0,0.0,0.0,0.0,0.0,0.0,2.0586352,0.0,2.4206264,0.0,0.0,0.0,2.0586352,1.4856045,2.0586352,0.0,0.0,0.0,0.0,0.0,0.0,0.0,0.0,0.0,0.0,0.0,0.0,0.0,0.0,2.6858413,1.4856045,0.0,0.0,0.0,0.0,0.0,0.0,0.0,2.0586352,0.0,0.0,0.0,0.0,0.0,1.4856045,1.4856045,0.0,Lymphoid
2.7453575,3.016853,2.1144576,3.9511597,3.622351,3.016853,2.7453575,3.3218653,3.8002093,3.9033306,2.7453575,3.9511597,0.0,2.1144576,0.0,0.0,2.1144576,5.210181,0.0,1.232083,2.8902907,3.2301571,2.3715003,1.7675909,2.8902907,3.685218,2.5757992,3.016853,0.0,0.0,2.3715003,2.1144576,0.0,0.0,1.7675909,3.4833524,2.3715003,0.0,3.016853,2.8902907,2.3715003,0.0,2.8902907,1.232083,1.232083,2.5757992,3.1291816,2.1144576,2.3715003,1.232083,Myeloid
0.0,0.0,0.0,0.0,0.0,1.1827903,0.0,0.0,0.0,2.3079576,0.0,2.3079576,0.0,0.0,0.0,2.9500935,0.0,2.3079576,0.0,0.0,0.0,0.0,0.0,0.0,0.0,1.7096335,0.0,0.0,0.0,0.0,1.1827903,0.0,0.0,0.0,0.0,1.7096335,0.0,1.1827903,0.0,0.0,0.0,2.0528927,1.1827903,0.0,1.1827903,0.0,0.0,0.0,0.0,1.1827903,Lymphoid
3.4790225,3.0273523,2.548312,4.125387,3.349887,2.92736,2.92736,2.548312,3.4790225,3.6959794,0.0,3.6959794,0.0,2.3815122,0.0,0.0,2.816247,4.810423,0.0,3.2015672,2.1812084,1.595035,2.92736,2.6912265,2.92736,3.0273523,1.0866243,2.6912265,0.0,1.9304703,2.3815122,2.3815122,0.0,0.0,1.9304703,3.4790225,0.0,0.0,0.0,2.548312,1.595035,0.0,2.1812084,1.0866243,0.0,2.1812084,1.595035,1.0866243,3.1182487,2.1812084,Myeloid
3.77645,2.349485,2.4899106,3.9427638,2.8213959,3.1407151,1.9906259,3.6615257,2.7226272,3.846328,2.1860673,4.401602,0.0,2.1860673,0.0,0.0,2.6130233,4.742861,0.0,2.7226272,2.6130233,1.7474741,0.9478004,2.7226272,2.349485,3.6200826,0.9478004,1.7474741,0.9478004,2.7226272,3.3272092,2.7226272,0.9478004,0.0,0.9478004,2.7226272,2.6130233,0.0,2.4899106,0.9478004,3.6200826,0.0,3.2068205,2.349485,1.7474741,2.1860673,2.1860673,2.1860673,3.2688255,2.4899106,Myeloid
3.572404,3.119113,2.6373258,3.7899141,2.9069579,3.2940412,3.6870613,3.119113,3.119113,3.572404,3.572404,3.572404,0.0,0.0,0.0,0.0,1.6724615,4.4716983,0.0,2.9069579,2.2670116,2.2670116,0.0,2.9069579,2.9069579,3.6870613,2.6373258,1.6724615,0.0,1.6724615,1.6724615,0.0,0.0,0.0,1.6724615,2.2670116,3.119113,0.0,0.0,3.2940412,0.0,0.0,2.6373258,3.442877,0.0,3.2940412,2.2670116,2.9069579,3.119113,1.6724615,Myeloid
0.0,1.2676016,0.0,0.0,0.0,1.2676016,0.0,0.0,0.0,3.0642588,0.0,2.1583645,3.9521368,0.0,4.131251,0.0,0.0,2.416743,2.416743,0.0,0.0,0.0,0.0,0.0,1.2676016,1.80905,0.0,0.0,0.0,2.7920198,0.0,0.0,0.0,2.1583645,0.0,0.0,0.0,2.416743,1.2676016,0.0,1.2676016,2.1583645,1.2676016,0.0,2.1583645,0.0,0.0,0.0,2.937375,0.0,Lymphoid
0.0,0.0,0.0,0.0,0.0,2.0629706,0.0,0.0,0.999649,2.4251537,0.0,2.2603705,3.149537,0.999649,3.462979,0.0,1.8167745,2.2603705,0.0,0.0,0.0,0.999649,0.0,1.8167745,0.999649,2.4251537,0.0,0.0,0.0,0.0,0.0,0.0,2.4251537,2.566586,0.0,0.0,0.0,0.0,2.0629706,0.0,0.999649,3.286905,1.8167745,0.0,0.0,0.999649,0.0,0.0,0.0,0.0,Lymphoid
3.100381,3.3767412,2.3442135,3.9672284,3.3767412,2.7171822,4.5057716,3.100381,2.3442135,2.9882112,2.8618507,3.4541528,0.0,1.7426629,0.0,0.0,0.0,4.958472,0.0,2.5479863,2.5479863,1.7426629,0.0,3.2012281,1.2108295,3.9672284,2.3442135,3.2928302,0.0,1.2108295,3.2928302,0.0,0.0,0.0,4.1313667,3.2012281,1.7426629,0.0,2.3442135,2.3442135,1.2108295,1.2108295,2.8618507,2.088005,0.0,1.7426629,2.8618507,2.7171822,2.8618507,2.088005,Myeloid
0.0,3.7917678,3.2489274,1.6345432,0.0,4.473573,0.0,0.0,0.0,0.0,0.0,1.1195768,0.0,3.1654384,0.0,3.526858,2.8626842,2.5938616,0.0,0.0,1.1195768,0.0,0.0,0.0,0.0,1.1195768,0.0,0.0,4.875229,0.0,0.0,1.6345432,0.0,0.0,0.0,1.9727846,0.0,2.737279,0.0,0.0,1.6345432,0.0,0.0,0.0,1.1195768,0.0,0.0,0.0,1.1195768,0.0,Lymphoid
0.0,3.6635025,3.2496417,0.97534174,0.0,3.9232042,0.0,0.0,0.97534174,0.0,0.0,2.2257435,0.0,3.2496417,0.0,2.9534929,3.1124904,3.1124904,0.0,0.0,0.0,0.0,0.0,0.0,0.0,0.0,0.0,0.0,3.7448304,0.0,0.0,0.0,0.0,0.0,0.97534174,0.97534174,0.0,3.1124904,0.0,0.0,1.7844361,0.0,0.0,0.97534174,0.97534174,0.0,0.97534174,0.0,1.7844361,0.0,Lymphoid
0.0,0.0,0.0,0.0,0.0,0.8361783,0.8361783,1.2851092,0.0,0.0,0.0,0.0,0.0,0.0,0.0,2.546925,0.0,2.4388845,0.0,0.0,0.0,0.0,0.0,0.0,1.5938356,1.2851092,0.0,0.0,0.0,1.5938356,0.0,0.0,1.2851092,1.5938356,0.8361783,0.8361783,0.0,2.4388845,0.0,0.0,1.8293965,2.8148322,0.8361783,0.0,0.8361783,0.0,1.5938356,0.8361783,2.4388845,0.0,Lymphoid
0.0,0.0,0.0,1.2018884,0.0,0.77158695,0.0,0.0,1.2018884,3.0337186,0.0,3.6125135,0.0,0.0,2.4396274,3.478353,0.0,2.4396274,0.0,0.0,0.0,0.0,0.0,1.9192702,0.77158695,2.2129202,0.0,0.0,0.0,0.0,0.0,0.0,3.1889908,3.3233626,0.0,1.9192702,0.0,2.914953,2.2129202,0.0,0.0,0.0,0.77158695,0.0,0.77158695,0.77158695,0.77158695,0.0,2.0768354,0.0,Lymphoid
0.0,0.0,1.4014076,0.0,0.0,0.92839956,0.0,0.0,0.0,3.4534457,0.0,2.9634917,4.3306327,0.0,3.94168,0.0,2.1578228,1.9631639,0.0,0.0,0.0,3.0395544,0.0,1.4014076,1.9631639,2.583518,0.0,0.0,0.0,0.0,1.4014076,1.7212241,0.0,2.4607158,0.0,1.9631639,0.0,0.0,2.692876,0.0,0.92839956,0.0,2.3206937,0.0,1.7212241,1.4014076,0.0,0.92839956,2.8811638,0.92839956,Lymphoid
0.0,0.0,0.0,0.0,0.0,0.0,0.0,0.0,0.0,0.0,0.0,4.147531,0.0,0.0,0.0,2.6634152,0.0,0.0,0.0,0.0,0.0,0.0,0.0,1.6953217,1.6953217,1.6953217,0.0,0.0,0.0,0.0,0.0,1.6953217,2.6634152,0.0,0.0,2.2922113,0.0,0.0,0.0,0.0,2.2922113,1.6953217,0.0,0.0,1.6953217,0.0,0.0,1.6953217,1.6953217,0.0,Lymphoid
0.0,0.0,1.844929,1.5155156,0.0,2.4557612,0.0,0.0,1.0209692,0.0,0.0,4.057478,4.2003202,0.0,4.087725,1.0209692,0.0,3.105062,0.0,0.0,0.0,0.0,0.0,0.0,1.5155156,2.2904534,0.0,1.0209692,0.0,0.0,0.0,1.0209692,0.0,2.0923002,0.0,2.931665,0.0,1.844929,0.0,0.0,1.844929,2.2904534,1.844929,0.0,2.931665,1.844929,0.0,0.0,0.0,0.0,Lymphoid
2.0272803,2.4839904,1.1624637,4.100006,3.3868086,3.0340016,2.9222157,2.6523128,3.3095798,4.297659,2.6523128,3.9425416,1.1624637,1.1624637,0.0,1.1624637,1.1624637,5.097653,0.0,2.4839904,2.4839904,1.6855845,2.0272803,2.9222157,2.9222157,3.3868086,2.9222157,1.1624637,0.0,0.0,1.6855845,1.6855845,0.0,0.0,3.0340016,1.6855845,2.2814848,0.0,2.0272803,1.1624637,1.1624637,0.0,2.6523128,2.7963428,1.1624637,2.2814848,1.6855845,2.2814848,2.0272803,2.9222157,Myeloid
0.0,0.0,1.5470393,0.0,2.6348624,1.0468875,0.0,0.0,0.0,3.3579962,0.0,2.4925957,4.0335875,1.5470393,3.0604181,0.0,1.8789018,2.7593873,2.4925957,0.0,0.0,0.0,0.0,0.0,0.0,2.1276462,0.0,0.0,0.0,0.0,1.5470393,0.0,0.0,2.7593873,0.0,0.0,0.0,1.5470393,1.8789018,0.0,0.0,1.8789018,2.6348624,0.0,1.8789018,0.0,1.0468875,1.5470393,2.1276462,0.0,Lymphoid
3.416609,2.4890418,2.1242335,3.889412,3.3754754,1.9655356,3.416609,3.1915948,2.966108,4.007713,3.416609,4.051374,0.0,0.0,0.0,0.0,1.2399654,5.3573995,0.0,2.2611618,2.5860686,1.776813,2.2611618,3.2877557,2.8308997,3.416609,2.966108,0.8009908,0.0,3.0274224,1.2399654,2.9007874,0.0,0.0,2.2611618,3.0274224,2.9007874,0.0,1.2399654,2.1242335,1.5439905,0.0,2.8308997,2.8308997,1.776813,2.1242335,2.7557583,2.4890418,3.4561172,2.1242335,Myeloid
3.3630955,3.4102354,3.5792894,3.6720605,2.9136558,3.4770236,2.9507868,3.0211523,2.7931967,3.4983306,2.6060398,4.248483,0.0,2.7039902,0.0,0.0,2.3755991,4.8616776,0.0,2.6060398,3.0545611,2.3086164,2.6562138,2.7039902,2.7931967,3.4770236,1.5006952,2.1594734,0.0,3.0211523,2.3086164,2.6562138,0.0,0.0,2.9136558,2.3086164,2.4383755,0.0,2.6060398,1.7713406,1.1284571,0.0,2.1594734,2.075636,2.3755991,1.3317972,1.6451463,2.9865882,2.7039902,2.3755991,Myeloid
3.9359055,4.3404,4.3065658,3.5564804,3.245664,4.117742,2.4901338,2.9376168,2.843096,3.6710875,1.4825054,4.1847234,0.0,3.6491928,0.0,0.0,3.6491928,4.7743797,0.0,1.8092635,2.05514,2.7386992,3.4542859,2.3380396,2.62212,2.8914728,0.0,1.9397397,0.0,2.4901338,2.05514,1.6591718,0.0,0.0,1.6591718,1.6591718,1.6591718,0.0,2.7386992,2.2523348,2.5583026,0.0,2.9376168,1.6591718,2.843096,0.9939859,1.4825054,1.8092635,3.2782664,1.2677851,Myeloid
3.4679112,2.0357234,1.6935081,3.9520714,3.4679112,2.2902143,3.1438346,3.1438346,3.4679112,4.1453447,3.0432534,3.4679112,0.0,1.1691525,0.0,0.0,1.6935081,5.0085707,1.1691525,2.8054698,2.0357234,2.8054698,0.0,3.0432534,2.8054698,3.8151875,2.6613483,1.1691525,0.0,1.1691525,2.8054698,1.1691525,0.0,0.0,2.8054698,1.1691525,2.8054698,0.0,2.492901,2.0357234,0.0,0.0,2.2902143,1.1691525,0.0,2.6613483,2.6613483,2.2902143,0.0,2.0357234,Myeloid
0.0,3.5957932,3.7152245,1.4066212,0.0,4.253456,0.0,0.0,0.9325851,0.0,0.0,0.9325851,0.0,2.6993206,0.0,2.8876884,3.0461357,2.4670386,0.0,0.0,0.0,0.0,0.0,0.0,0.9325851,0.0,0.0,0.0,5.0830874,0.0,0.0,0.0,0.0,0.0,1.9691074,2.4670386,0.0,1.9691074,0.0,0.0,2.4670386,0.0,0.9325851,1.7269024,0.0,0.0,0.0,0.0,0.9325851,0.0,Lymphoid
0.0,0.0,0.0,0.0,0.0,0.0,0.0,0.0,2.4051998,0.0,0.0,0.0,0.0,0.0,0.0,0.0,0.0,0.0,0.0,0.0,0.0,0.0,0.0,0.0,0.0,0.0,0.0,0.0,0.0,2.4051998,0.0,0.0,0.0,0.0,0.0,0.0,0.0,2.4051998,0.0,0.0,2.4051998,0.0,0.0,0.0,0.0,0.0,0.0,0.0,0.0,0.0,Lymphoid
3.5627186,2.6757514,2.94607,3.5368168,3.0365918,3.3655035,1.0307264,3.425928,3.1962342,3.7054472,0.6426697,4.461846,0.0,3.3338645,0.0,1.3095894,2.8975384,5.2534623,0.0,3.5627186,2.3903265,1.8577507,0.0,3.2674153,3.4548242,3.396172,0.0,2.4696753,0.0,0.0,2.7359772,2.105646,0.0,0.0,0.0,2.792781,0.0,0.0,1.3095894,0.0,1.3095894,0.0,2.7359772,2.3041346,1.0307264,0.6426697,2.6757514,1.8577507,1.7061568,1.0307264,Myeloid
2.7494574,3.3260882,2.8944285,2.1183105,2.2115746,4.0304203,0.0,0.0,2.3754728,2.2115746,0.0,0.0,0.0,2.8001525,0.5949874,2.015445,2.1183105,2.8001525,0.0,0.0,0.965468,1.2351879,0.0,1.2351879,0.0,1.2351879,0.0,0.0,2.6960545,0.5949874,0.0,1.6223621,0.0,0.0,2.1183105,2.015445,0.0,0.0,0.0,1.4473971,0.5949874,0.0,1.7712249,1.4473971,0.965468,0.5949874,2.015445,0.965468,2.3754728,0.965468,Myeloid
0.0,0.0,0.0,0.0,2.3374248,0.93965155,0.0,0.0,0.0,3.0572114,0.0,4.0722065,3.9296834,0.93965155,3.0572114,0.0,1.4154111,2.6006665,3.369487,0.0,0.0,2.3374248,0.0,1.9791181,0.0,2.3374248,0.0,0.0,0.0,2.6006665,0.0,0.0,0.0,1.7364702,0.0,2.1742344,0.0,1.4154111,2.981079,0.0,2.3374248,2.6006665,1.9791181,0.0,1.9791181,0.0,0.0,0.93965155,2.6006665,0.0,Lymphoid
0.0,0.0,0.0,0.0,0.74020773,1.45608,0.0,0.0,0.0,0.0,0.0,0.74020773,0.0,0.0,0.0,3.5231533,0.0,2.025279,0.0,0.74020773,0.0,0.0,0.0,0.0,0.0,0.74020773,0.0,0.0,0.0,0.0,0.0,0.74020773,1.1608801,2.2794154,0.74020773,1.1608801,0.0,2.160399,0.0,0.0,0.74020773,0.74020773,0.0,0.0,1.1608801,0.0,0.74020773,1.45608,2.025279,0.0,Lymphoid
0.0,1.3730177,0.0,0.0,0.0,2.124428,0.0,0.9056835,0.9056835,3.20185,0.0,1.6902556,0.0,0.0,2.124428,2.6576407,0.0,2.6576407,0.0,0.0,0.0,1.3730177,0.0,2.124428,1.6902556,1.6902556,0.0,0.9056835,0.0,1.3730177,0.0,0.0,3.3151019,3.20185,0.9056835,2.8454814,0.0,1.3730177,1.6902556,0.0,0.0,1.6902556,0.0,0.0,0.9056835,0.9056835,0.9056835,1.3730177,0.0,0.0,Lymphoid
3.1631742,2.1963954,2.0360708,3.7756734,3.1631742,2.750662,3.3193293,2.3345323,3.1631742,3.712662,3.366395,4.9478335,0.0,1.6086917,0.0,1.6086917,1.2986046,4.517236,0.0,2.5640883,2.4558828,2.3345323,2.5640883,2.4558828,3.043634,3.366395,2.750662,1.2986046,0.0,3.105189,2.5640883,2.0360708,0.0,0.0,2.1963954,3.105189,2.3345323,0.0,3.105189,2.3345323,3.105189,0.0,2.4558828,2.1963954,2.4558828,2.3345323,1.8450412,2.3345323,4.042135,2.1963954,Myeloid
0.7656926,0.0,0.0,1.7231117,0.0,0.7656926,0.0,1.1942153,0.0,1.1942153,0.0,1.9099004,0.0,0.0,0.0,2.0672297,0.0,2.429601,0.0,0.7656926,0.0,0.0,0.0,0.0,0.0,1.9099004,0.0,0.0,0.0,0.0,0.0,0.0,2.5261152,0.7656926,0.0,2.5261152,0.0,3.077713,1.1942153,0.0,0.0,2.839474,1.7231117,0.0,1.4932297,0.7656926,0.0,1.4932297,2.0672297,0.0,Lymphoid
0.0,0.0,0.0,0.8911868,0.0,0.8911868,0.8911868,0.8911868,0.0,0.0,0.0,1.9098514,0.0,0.0,0.0,2.4038908,0.0,1.9098514,0.0,0.0,0.0,0.0,0.0,0.0,0.8911868,0.8911868,0.0,0.8911868,0.0,0.0,0.0,0.0,2.8224638,1.9098514,0.8911868,0.0,0.0,0.0,1.3548146,0.0,0.0,3.1166358,0.0,0.0,0.0,0.0,0.0,0.8911868,2.9045079,0.0,Lymphoid
2.893565,3.0051758,2.4562483,2.9509268,3.3575432,3.1968002,1.4346783,3.5885406,3.1522257,4.0518403,0.0,4.563126,0.7256619,2.624174,0.0,1.4346783,2.0010188,4.8256493,0.0,3.776064,3.3197143,3.0566328,0.7256619,3.1522257,3.3939931,3.3939931,0.0,2.1356666,0.0,1.1417344,2.624174,2.4562483,0.0,0.0,0.0,3.4291608,0.0,0.0,2.8327115,0.0,0.0,0.0,2.893565,1.1417344,1.8453777,1.4346783,2.1356666,1.4346783,1.4346783,1.4346783,Myeloid
0.0,0.0,0.0,1.4280545,0.0,0.0,0.0,0.0,0.0,3.2720227,0.0,2.189018,0.0,0.0,0.0,1.9934961,0.9498371,2.8245218,0.0,0.9498371,0.0,0.0,0.0,1.7502195,0.0,2.189018,0.0,0.9498371,0.0,0.0,0.0,0.0,2.7257328,2.3524919,0.9498371,1.7502195,0.0,0.0,1.7502195,0.0,0.0,0.0,1.4280545,0.0,0.0,0.9498371,0.0,0.0,0.0,0.0,Lymphoid
3.8832383,4.1831884,4.0141935,3.4527762,3.3389425,4.32771,2.8249693,3.0086036,2.3088756,3.4527762,2.3088756,4.1831884,0.0,3.3783448,0.0,0.0,3.063016,5.154441,0.0,2.0537808,2.4155557,1.8967857,3.163691,2.8249693,2.7554133,2.9510593,0.7574768,2.8900003,0.0,2.0537808,1.4813006,2.6806552,0.0,0.0,0.0,3.4162529,2.5998533,0.0,1.4813006,1.7104682,0.0,0.0,2.4155557,2.6806552,1.1834972,2.0537808,2.1894403,2.7554133,2.4155557,2.3088756,Myeloid
3.4934669,3.6586053,3.7460063,4.1713,3.4568949,3.800299,3.1547859,3.4568949,2.9297056,3.7735212,2.453869,4.207116,0.0,2.8645205,0.0,0.780001,2.8645205,4.9695244,0.0,2.5505965,2.226818,2.7198267,1.9325893,3.1547859,2.9297056,3.379476,1.7449994,2.7947884,0.0,1.9325893,2.453869,2.7947884,0.0,0.0,2.3467739,3.2507994,2.9909003,0.0,0.780001,2.090486,1.7449994,0.0,2.7198267,2.6387873,0.780001,2.3467739,2.453869,2.226818,2.8645205,2.453869,Myeloid
0.0,1.6038613,2.3915558,0.0,1.939934,2.1910264,0.0,0.0,0.0,3.2891204,0.0,2.9378316,3.8849876,1.0939673,3.9249873,1.939934,1.939934,2.8266494,3.6567655,0.0,0.0,0.0,0.0,2.558512,0.0,2.9378316,0.0,0.0,1.0939673,0.0,0.0,0.0,0.0,2.3915558,0.0,3.706767,0.0,2.558512,2.558512,0.0,0.0,2.8266494,2.558512,0.0,3.0378802,1.0939673,0.0,0.0,1.0939673,0.0,Lymphoid
2.8171227,3.903056,3.8891594,1.6298532,2.2198827,4.333676,1.7556105,1.6298532,2.4800339,2.8171227,2.8571885,3.368606,0.0,3.368606,0.0,0.0,3.344774,4.0680647,0.0,2.059053,1.4859748,2.7753844,2.6385736,2.5357203,2.7753844,2.9328036,0.0,1.7556105,0.5210853,2.4210625,2.2198827,2.1426976,0.0,0.0,0.86192256,2.8571885,0.5210853,0.0,2.8957105,1.3178594,2.731828,0.0,1.7556105,1.3178594,2.291535,1.1156539,1.4859748,1.6298532,2.8171227,1.8673049,Myeloid
0.0,3.4005392,2.8507872,1.0336349,0.0,4.165025,0.0,0.0,1.5309427,0.0,0.0,0.0,0.0,2.740203,0.0,0.0,3.0408933,2.6158519,0.0,1.0336349,0.0,0.0,0.0,0.0,0.0,0.0,0.0,0.0,4.611347,0.0,0.0,0.0,0.0,0.0,2.4738116,1.0336349,0.0,3.4005392,0.0,0.0,2.950351,0.0,0.0,1.0336349,0.0,0.0,0.0,0.0,2.1096148,1.8615651,Lymphoid
3.4511285,2.8818593,2.3491516,3.63373,3.2275648,2.9933972,3.3077693,2.4449213,3.268471,3.605519,2.4449213,3.9424024,0.0,1.1333126,0.0,0.0,1.9903077,4.9490733,0.0,2.4449213,1.83495,2.1247432,0.71928465,2.6126819,2.5323153,3.5764892,3.2275648,2.1247432,0.0,2.8818593,1.4252487,2.1247432,0.0,0.0,2.7563004,3.5764892,2.4449213,0.0,2.1247432,1.9903077,2.1247432,0.0,2.3491516,1.4252487,1.83495,2.6126819,1.6509361,2.4449213,2.687067,1.1333126,Myeloid
3.4050202,1.9202965,2.370708,3.190144,3.3383965,2.9160905,1.5855523,3.190144,3.016022,4.38926,2.6801276,3.6843662,0.0,1.0787475,0.0,0.0,1.9202965,5.0761824,0.0,2.6801276,1.5855523,3.190144,1.9202965,3.5262692,3.016022,4.175199,3.3383965,2.1706495,0.0,2.370708,1.0787475,2.537338,0.0,0.0,2.6801276,3.016022,3.016022,0.0,1.0787475,2.1706495,1.0787475,0.0,2.9160905,1.5855523,1.5855523,2.8050528,2.370708,1.9202965,3.7319598,2.1706495,Myeloid
0.0,1.121387,1.121387,0.0,0.0,1.121387,0.0,0.0,1.636706,3.3285697,0.0,1.9750978,0.0,1.9750978,0.0,1.636706,0.0,2.5963473,0.0,0.0,0.0,2.5963473,0.0,1.9750978,1.9750978,2.5963473,0.0,0.0,0.0,0.0,0.0,0.0,0.0,3.2515094,0.0,1.9750978,0.0,1.9750978,1.121387,0.0,2.227477,1.121387,1.636706,0.0,0.0,0.0,1.121387,1.636706,0.0,1.121387,Lymphoid
0.0,0.0,0.0,0.9203297,0.0,0.9203297,0.0,1.3913405,0.9203297,0.9203297,0.0,0.9203297,0.0,0.0,0.0,3.0974605,0.0,2.7788925,0.0,0.0,0.0,0.0,0.0,0.0,1.3913405,1.3913405,0.0,0.0,0.0,0.0,0.0,0.0,1.7102517,1.3913405,0.0,1.3913405,0.0,3.2253304,0.0,0.0,2.680409,2.5711565,0.9203297,0.0,0.9203297,0.0,0.0,1.3913405,2.3086374,0.0,Lymphoid
3.6244051,2.5348392,0.97802544,3.4296424,3.2537796,2.76838,2.76838,2.0329788,3.1875422,4.0502677,2.3938143,3.5317578,0.0,0.97802544,0.0,0.0,1.7880193,4.791338,0.0,2.2295845,2.5348392,2.3938143,2.0329788,2.5348392,2.76838,3.8242493,1.7880193,3.315901,0.0,0.97802544,2.0329788,2.76838,0.0,0.0,1.4628851,3.0402467,0.0,0.0,0.97802544,2.3938143,1.4628851,0.0,3.1875422,1.4628851,2.2295845,0.97802544,2.0329788,2.8674445,3.1875422,2.3938143,Myeloid
1.0237037,0.0,0.0,1.0237037,2.9357088,1.8485265,0.0,0.0,0.0,1.0237037,0.0,3.1857452,3.6947787,1.51885,2.4596665,2.0960455,0.0,2.601533,4.8491154,1.0237037,2.4596665,1.0237037,0.0,0.0,0.0,0.0,0.0,1.0237037,0.0,1.8485265,0.0,0.0,0.0,0.0,1.8485265,0.0,0.0,2.2942932,1.0237037,0.0,0.0,1.51885,2.0960455,0.0,2.2942932,1.8485265,0.0,1.8485265,2.7257512,0.0,Lymphoid
0.96607244,0.0,0.0,0.0,0.0,0.96607244,0.0,0.0,0.0,0.96607244,0.0,0.0,0.0,0.0,0.0,2.750371,0.0,2.9393547,0.0,0.96607244,0.0,0.0,0.0,0.0,1.4481437,2.016291,0.0,0.0,0.0,2.3763583,0.0,0.0,2.3763583,2.5171502,0.0,0.96607244,0.0,1.4481437,0.0,0.0,0.0,0.0,0.96607244,0.0,0.96607244,0.0,0.0,0.96607244,2.016291,0.0,Lymphoid
3.964423,2.702468,1.9407848,3.7077363,3.129773,1.604655,2.702468,2.9387727,2.5594287,3.964423,2.827584,3.038826,0.0,0.0,1.604655,0.0,0.0,5.4364614,0.0,1.9407848,1.9407848,2.827584,0.0,2.3924584,3.038826,3.9259613,2.3924584,1.9407848,0.0,0.0,2.827584,0.0,0.0,0.0,2.5594287,2.9387727,2.1919088,0.0,2.3924584,2.1919088,1.604655,1.0946282,2.702468,1.604655,1.604655,3.129773,2.702468,2.827584,1.604655,2.3924584,Myeloid
3.9868052,3.6632025,3.0138378,3.0138378,3.3255267,3.718935,2.5585577,3.718935,3.5628026,4.1978703,0.0,3.2983825,0.0,3.2704809,0.0,0.9121409,2.2963538,5.433355,0.0,3.5837052,3.6242435,2.2963538,1.9399766,3.4511857,3.5837052,3.869614,0.0,3.1503701,0.0,2.0416634,1.3811044,1.9399766,0.0,0.0,1.8267668,3.2417786,0.0,0.0,0.5566534,0.5566534,2.0416634,0.0,2.667702,2.0416634,1.699085,1.3811044,2.5585577,1.1738652,3.4272854,2.2963538,Myeloid
3.4210017,3.867222,3.6775382,3.6421065,2.9019344,4.0861735,2.6924267,2.9390407,2.8233168,3.3982491,1.761062,3.6775382,0.0,3.3016787,0.0,0.0,3.0093617,4.571447,0.0,1.9734364,2.225756,2.5417867,1.6351525,2.4860704,2.737987,2.8633978,0.52376556,2.6924267,0.0,3.0750608,2.644691,2.2974572,0.0,0.0,2.737987,1.8728765,2.1485136,0.0,0.52376556,2.3643599,2.8233168,0.0,2.6924267,1.1200867,1.4910748,1.322687,2.1485136,2.4270656,2.9390407,2.1485136,Myeloid
0.0,0.0,0.0,0.0,0.0,0.0,0.0,1.3398548,0.8793133,1.653978,0.0,2.085203,0.0,0.0,0.0,2.8854115,1.3398548,2.7141945,0.0,0.0,0.0,0.0,0.0,0.0,0.0,1.3398548,0.0,0.0,0.0,0.0,0.0,0.0,1.3398548,1.3398548,0.0,0.0,0.0,0.8793133,0.0,0.0,0.0,0.0,1.3398548,0.0,0.0,0.0,0.0,0.0,1.653978,0.0,Lymphoid
2.9996197,1.4302276,1.9959649,3.9488256,2.6187527,1.4302276,3.9488256,2.9996197,3.2747722,4.0083156,3.8180442,3.7456248,0.0,0.0,0.0,0.0,0.0,4.5683975,0.0,2.8272102,2.8272102,2.355078,0.0,3.1466298,1.9959649,3.6675487,1.4302276,1.4302276,0.0,1.9959649,1.4302276,2.355078,0.0,0.0,2.9996197,1.9959649,1.9959649,0.0,2.6187527,1.9959649,1.4302276,0.0,1.4302276,1.4302276,0.0,1.4302276,1.4302276,2.6187527,2.6187527,2.355078,Myeloid
2.6493323,3.2687342,2.4079556,3.476453,2.3125453,3.2294967,2.9008214,2.4079556,3.1016033,3.1886563,1.6182964,4.8312535,0.0,2.4079556,0.0,0.0,1.9553984,4.6260724,0.0,2.4950504,2.0891266,2.3125453,3.2294967,1.6182964,2.9549208,2.7829618,1.3946015,1.9553984,0.0,3.3779774,2.3125453,3.2294967,0.0,0.0,1.6182964,3.4446933,0.0,0.0,3.5660946,2.3125453,2.0891266,0.0,2.7183776,1.9553984,2.3125453,1.9553984,1.6182964,2.6493323,3.3428724,1.3946015,Myeloid
0.0,0.0,0.0,1.1091217,1.9594021,0.0,0.0,0.0,0.0,2.7227328,0.0,2.2112126,3.8655386,0.0,4.458191,0.0,0.0,3.0595024,4.5041842,0.0,0.0,1.1091217,0.0,2.2112126,0.0,2.2112126,0.0,0.0,0.0,0.0,0.0,0.0,1.1091217,1.622036,0.0,1.1091217,0.0,1.9594021,1.1091217,0.0,0.0,2.412199,1.622036,0.0,2.412199,1.622036,0.0,0.0,1.9594021,1.1091217,Lymphoid
3.3462927,2.731177,2.64236,4.111088,3.8705077,2.731177,3.197994,2.64236,3.1432352,3.8429322,3.4341977,3.8429322,0.0,1.2835035,0.0,0.0,0.83492076,4.8787265,0.0,2.812745,2.1779046,3.197994,0.0,2.9582818,2.9582818,3.6593041,2.64236,2.1779046,0.83492076,2.8881588,2.5448787,2.1779046,0.0,0.0,2.4368582,2.9582818,2.0179858,0.0,2.1779046,1.5920668,0.83492076,0.0,3.2499092,1.5920668,1.8275329,2.64236,2.731177,2.3157403,2.64236,2.0179858,Myeloid
4.02115,3.875595,3.8491347,3.5184832,2.8176293,4.1381946,1.6875826,3.555125,3.4804475,3.4996462,0.0,4.7820034,0.0,3.7051847,0.0,1.0607218,3.4205358,5.4683003,0.0,3.1901038,2.9577744,2.4596953,0.48826405,3.4205358,3.2887335,3.215688,0.0,2.3458626,0.0,0.0,2.7792938,1.4224877,0.0,0.0,2.146378,2.4596953,0.0,0.0,1.0607218,1.0607218,0.48826405,0.0,2.5120947,2.4596953,1.7977217,1.6875826,2.0699384,2.2836866,0.81490904,1.7977217,Myeloid
4.1732397,5.083609,4.669454,1.8590149,2.1499438,4.950963,1.566987,2.639185,2.3233285,2.908851,0.7340407,3.4448156,0.0,4.3899446,0.0,0.43291238,4.2533813,3.928687,0.0,2.0150223,1.8590149,2.1499438,3.8739364,1.6740881,2.5997257,2.7137187,0.0,2.0847569,0.0,2.7830806,1.8590149,2.3750305,0.0,0.0,1.1527736,3.2959692,0.43291238,1.1527736,1.6740881,2.2111404,2.3233285,0.0,2.2111404,0.0,2.0150223,0.43291238,1.566987,1.4470241,3.354413,1.8590149,Myeloid
3.2332842,1.890426,2.5050669,3.304572,3.2332842,2.139625,3.868104,2.647482,2.982679,3.9435158,2.647482,3.5476942,0.0,1.0557268,0.0,0.0,0.0,5.208306,0.0,2.139625,2.5050669,2.8829312,1.0557268,3.0733733,2.3389475,3.6977234,3.304572,2.5050669,0.0,1.55775,1.0557268,2.5050669,0.0,0.0,2.647482,2.7721202,1.890426,0.0,2.7721202,1.890426,2.3389475,0.0,3.4922278,2.139625,1.55775,2.8829312,2.139625,2.647482,2.3389475,1.55775,Myeloid
0.6854374,0.0,0.0,0.0,0.0,0.6854374,0.0,1.3747072,0.0,1.5970736,0.0,1.5970736,0.0,0.0,0.0,2.5506692,0.0,2.4707263,0.0,0.0,0.0,0.0,0.0,1.3747072,0.0,1.7788765,0.0,0.0,0.0,0.0,0.0,0.0,2.9810324,1.3747072,0.0,2.7580838,0.0,0.0,0.6854374,0.0,2.2886643,0.0,1.0883193,0.0,1.7788765,0.6854374,0.0,0.0,2.383833,0.0,Lymphoid
2.850052,2.7748182,2.7748182,0.8122519,0.0,3.8577802,0.0,0.0,2.69346,0.0,0.0,0.8122519,0.0,1.5600224,0.0,2.7748182,1.7937413,0.0,0.0,0.8122519,1.7937413,0.0,0.0,0.8122519,0.0,1.254462,0.0,0.0,1.254462,0.0,0.0,1.7937413,0.0,0.0,1.254462,2.400057,0.0,0.0,0.0,1.254462,0.0,0.0,2.69346,1.9830517,0.0,0.0,1.254462,0.0,1.5600224,1.7937413,Myeloid
2.3067355,2.7769117,2.3067355,3.693375,2.569206,3.4384494,1.9498633,1.3897543,3.2233024,4.115409,2.9488075,4.447208,0.0,2.3067355,0.0,0.0,0.0,4.1634216,0.0,2.7769117,1.3897543,2.3067355,2.3067355,1.3897543,2.569206,2.3067355,0.0,2.3067355,0.0,1.3897543,1.9498633,1.3897543,0.0,0.0,1.9498633,2.9488075,1.9498633,1.3897543,2.7769117,0.0,3.4384494,0.0,2.3067355,2.7769117,1.3897543,2.569206,1.3897543,1.3897543,2.569206,1.9498633,Myeloid
0.0,0.0,0.0,0.89604956,0.0,1.6770437,0.0,0.0,0.89604956,3.4934096,0.0,2.2720675,0.89604956,0.0,1.9168671,3.3515942,0.89604956,3.0586452,0.0,1.3609282,0.0,1.9168671,0.0,1.6770437,0.0,3.0586452,0.0,0.0,0.0,2.4113803,0.0,0.0,3.244481,2.2720675,0.89604956,3.1862903,0.0,0.89604956,2.2720675,0.0,2.4113803,1.9168671,0.0,0.0,2.642562,1.6770437,0.89604956,0.0,1.9168671,0.0,Lymphoid
3.6626425,3.8558512,3.2995474,3.7217565,3.7217565,3.9515197,2.0941186,3.2995474,3.3423934,4.03883,2.0941186,3.77757,0.0,3.0525126,0.0,0.0,2.8684287,4.9057264,0.0,2.5544174,2.4576573,1.5171343,0.0,2.2305157,2.7986794,3.5668538,0.0,2.0941186,0.0,2.6426356,2.3505218,2.7986794,0.0,0.0,2.0941186,3.1070433,1.2157316,0.0,2.0941186,1.9361342,2.7236981,0.0,2.6426356,2.3505218,2.2305157,2.2305157,1.2157316,2.2305157,3.497485,1.2157316,Myeloid
3.215933,3.215933,3.5991318,3.581289,3.215933,3.486962,2.9500322,2.7646356,3.189648,3.6838617,2.0935042,4.480735,0.0,2.1701913,0.0,0.0,2.0104442,4.771075,0.0,2.0935042,2.5368614,2.428919,0.0,2.428919,2.6796458,3.077,1.4429857,2.1701913,0.0,1.2772194,2.0935042,2.0104442,0.0,0.0,2.586756,2.8799422,2.5368614,0.0,2.634279,2.1701913,2.428919,0.0,2.1701913,2.370239,2.8429644,2.0935042,2.4843462,2.2414138,3.077,1.585141,Myeloid
3.6024425,2.9361875,2.9361875,3.883287,2.9361875,2.66604,2.9361875,2.9361875,3.2687628,4.2182493,3.0121396,3.9711332,0.0,2.5569103,0.9110727,0.0,1.3797675,4.978373,0.0,2.2947478,2.2947478,3.0121396,1.6976258,2.66604,2.66604,3.852202,2.7644236,1.3797675,0.0,2.132383,2.8539886,3.0121396,0.0,0.0,3.1486607,3.5610673,2.2947478,1.3797675,3.4255574,1.6976258,2.2947478,0.0,2.7644236,2.4343956,1.6976258,2.132383,1.6976258,2.2947478,3.2687628,1.9384474,Myeloid
1.0438974,0.0,0.0,0.0,1.0438974,1.0438974,0.0,0.0,0.0,3.287047,0.0,2.1235852,1.5434114,1.0438974,3.7687552,2.4883664,1.0438974,3.5825472,0.0,0.0,0.0,0.0,0.0,1.8749963,2.3225176,2.1235852,0.0,0.0,0.0,0.0,1.0438974,0.0,2.7550685,1.5434114,1.0438974,1.5434114,0.0,1.0438974,2.6305826,0.0,1.0438974,0.0,2.1235852,0.0,0.0,0.0,1.0438974,0.0,1.5434114,0.0,Lymphoid
3.2294111,3.9025695,3.4368322,2.4575784,2.6802182,4.0649996,1.7669467,2.2757604,2.1707356,2.7446306,3.0161142,4.524346,0.0,3.1494656,0.0,0.0,3.1069608,4.2610245,0.0,1.9203793,2.053372,2.1707356,2.4575784,1.0788116,2.053372,3.190237,1.0788116,2.2757604,0.6783335,1.7669467,2.5374274,2.6802182,0.0,0.6783335,1.3639908,0.6783335,1.0788116,0.0,2.1707356,2.2757604,1.0788116,0.0,2.4575784,1.9203793,3.303436,1.3639908,0.6783335,1.0788116,1.0788116,2.370796,Myeloid
3.9899168,3.3151019,3.530953,4.2093534,2.032258,2.032258,3.859025,3.039457,2.6576407,4.105642,3.039457,3.9899168,0.0,3.039457,0.0,0.0,0.0,4.8441453,0.0,3.039457,2.032258,0.0,0.0,2.032258,3.039457,3.859025,2.6576407,0.0,0.0,3.039457,2.6576407,2.032258,0.0,0.0,3.039457,0.0,2.032258,0.0,0.0,2.032258,0.0,0.0,2.032258,0.0,0.0,2.6576407,2.032258,2.6576407,3.3151019,2.032258,Myeloid
0.0,0.66343117,0.0,0.0,1.561459,0.66343117,0.0,0.0,1.0587914,2.3431916,0.0,2.4297345,3.852924,1.0587914,0.0,0.0,0.0,2.1437697,3.4073355,0.0,0.66343117,0.66343117,0.0,0.66343117,0.0,1.8944144,0.0,0.0,0.66343117,0.0,0.0,0.0,0.0,0.0,0.0,0.0,0.0,0.0,1.8944144,0.0,0.0,2.2484436,1.3413825,0.66343117,1.0587914,1.3413825,0.0,0.0,0.0,0.0,Lymphoid
0.0,0.0,0.0,0.0,0.0,1.8510853,0.0,0.0,0.0,3.1120434,0.0,1.0256504,1.5212224,0.0,2.297024,3.1120434,1.0256504,2.728589,0.0,1.0256504,0.0,0.0,0.0,1.5212224,1.8510853,1.8510853,0.0,1.0256504,0.0,0.0,0.0,0.0,3.1120434,2.297024,0.0,2.4624438,0.0,0.0,2.297024,0.0,1.0256504,1.0256504,2.098709,0.0,2.6043446,0.0,0.0,0.0,2.297024,0.0,Lymphoid
3.3202283,2.036882,0.0,3.8642323,4.214594,0.0,3.3202283,4.1108737,2.036882,4.5468345,0.0,2.036882,0.0,0.0,0.0,0.0,0.0,5.484797,0.0,2.662588,0.0,3.0445225,0.0,3.5361166,3.3202283,5.039115,3.0445225,0.0,0.0,0.0,2.036882,0.0,0.0,0.0,0.0,3.0445225,2.662588,2.036882,3.0445225,3.3202283,2.036882,0.0,3.0445225,0.0,0.0,0.0,2.036882,0.0,0.0,2.662588,Myeloid
3.9272614,3.315741,2.9574163,3.040089,2.8672879,3.315741,2.8672879,2.6582575,3.040089,3.429482,2.2294364,3.187383,0.0,2.9574163,0.0,0.9779219,2.3936636,4.5769525,0.0,2.8672879,2.0328345,2.3936636,0.0,2.8672879,2.6582575,3.315741,1.7878811,2.5346863,0.9779219,0.0,2.2294364,1.4627576,0.0,0.0,2.5346863,1.4627576,1.4627576,0.0,1.4627576,2.8672879,1.4627576,0.0,2.5346863,1.4627576,1.7878811,1.4627576,1.4627576,1.7878811,1.4627576,1.4627576,Myeloid
3.4286196,3.0392401,3.2997105,2.9457402,3.15169,3.4873347,1.4128666,3.8631625,2.8425875,3.1247406,0.8078523,2.977888,0.0,3.2765124,0.0,0.0,2.977888,5.796588,0.0,3.7673419,3.0090346,1.787139,0.0,2.977888,3.595336,1.5537679,0.0,2.2060802,0.48337796,1.5537679,1.4128666,1.4128666,0.48337796,0.0,0.0,3.2284367,0.48337796,0.0,0.0,0.0,2.0588522,0.0,3.15169,1.5537679,1.5537679,1.787139,2.5004327,2.2722905,2.9125242,1.0524385,Myeloid
3.7027566,3.7631516,3.3883526,3.0540164,2.971284,4.3622646,1.9303265,3.6384785,3.545794,2.7284122,1.4740121,4.049915,0.0,2.9272008,1.4740121,0.0,2.671862,4.3071165,0.6106782,2.3281047,1.9303265,1.4740121,2.9272008,2.611921,2.8810844,2.832738,0.6106782,2.9272008,0.0,0.9870697,2.148865,0.9870697,0.6106782,0.0,2.148865,2.9272008,0.6106782,0.0,2.0455537,1.4740121,1.6502727,0.9870697,2.4069595,2.4069595,2.2424953,1.9303265,1.4740121,1.4740121,2.832738,2.2424953,Myeloid
0.0,4.200176,3.3153455,1.800669,0.0,4.1213818,0.0,0.0,1.5665871,1.2604045,0.0,0.8168787,0.0,3.4838705,0.8168787,2.1494973,3.4443264,3.4838705,0.0,0.0,0.0,0.8168787,0.0,0.0,1.2604045,2.1494973,0.0,0.8168787,4.5075917,0.0,0.0,0.0,0.0,0.0,1.9902167,1.800669,0.0,1.5665871,0.0,0.0,0.0,0.0,1.2604045,0.8168787,0.0,0.0,0.0,0.8168787,1.800669,1.2604045,Lymphoid
0.7999772,0.7999772,0.0,1.2386584,0.0,1.5425438,0.0,0.0,0.7999772,2.964363,0.0,2.3799093,0.7999772,0.7999772,2.1226137,2.5843675,0.7999772,2.4873548,2.964363,0.0,0.0,1.7752846,0.0,2.2595139,0.7999772,1.7752846,0.0,0.0,0.0,1.9639536,0.0,0.0,1.7752846,1.5425438,1.2386584,3.0256717,0.0,2.3799093,1.9639536,0.0,0.7999772,0.0,1.9639536,0.0,2.4873548,0.0,1.2386584,1.2386584,1.2386584,0.0,Lymphoid
2.9284763,0.0,0.0,4.558029,2.9284763,2.5493991,3.59452,2.9284763,2.9284763,4.0942955,2.9284763,3.4176784,0.0,1.9314787,0.0,0.0,2.5493991,5.0769973,2.5493991,3.2026985,1.9314787,3.4176784,0.0,2.5493991,3.2026985,4.6180367,0.0,1.9314787,0.0,0.0,3.4176784,0.0,0.0,0.0,2.5493991,2.9284763,2.5493991,0.0,3.2026985,0.0,0.0,0.0,2.5493991,1.9314787,0.0,1.9314787,1.9314787,1.9314787,0.0,2.5493991,Myeloid
3.4092057,2.594534,2.5568187,3.532405,3.1902232,3.3414035,3.0826335,2.6659477,3.1485658,3.7409012,2.8820522,3.602346,0.6887514,1.2464772,0.0,0.0,1.6023953,4.7870526,0.40253672,1.7844223,2.3898885,2.071736,1.6023953,2.7325997,2.9360936,3.6802897,2.1893964,1.8643517,0.0,1.0927469,1.6975448,2.1893964,0.0,0.0,2.1322958,3.1902232,1.9383626,0.40253672,2.9873636,2.2434118,2.7643306,0.0,2.9873636,2.3434067,2.1893964,2.0072713,2.1893964,2.2434118,3.0826335,2.3898885,Myeloid
2.9976928,3.5463023,2.839671,3.3091567,2.7501884,2.9976928,3.06823,3.1959317,3.2541456,3.5463023,3.4108558,3.8373272,0.0,2.4205372,0.0,0.0,2.1189973,4.7720785,0.0,2.7501884,1.3684144,2.1189973,3.1341178,1.9254495,2.9976928,2.9218,1.6852266,2.1189973,0.0,2.839671,2.2810903,2.1189973,0.0,0.0,2.6519043,2.5428975,1.9254495,0.0,2.4205372,1.9254495,0.9020124,0.0,2.4205372,2.5428975,1.9254495,2.4205372,1.6852266,2.1189973,3.7023644,0.0,Myeloid
0.0,3.5122733,3.6513891,1.7923849,0.0,4.3638396,0.0,0.0,0.0,1.253299,0.0,1.253299,0.0,2.9184806,1.253299,2.9184806,3.157719,2.773292,0.0,0.0,0.0,0.0,0.0,0.0,1.253299,0.0,1.253299,0.0,5.4751163,0.0,0.0,0.0,0.0,0.0,0.0,3.4347134,0.0,3.5122733,0.0,0.0,3.4347134,0.0,0.0,1.253299,0.0,0.0,1.253299,0.0,2.6033845,1.253299,Lymphoid
3.0927145,2.1416118,2.3041615,3.7274027,3.1586776,2.8638525,3.7972014,2.5665662,2.6757796,4.0090528,3.4829378,3.4356823,0.0,1.3876083,0.0,0.917342,0.917342,4.880745,0.0,2.3041615,1.9474117,1.9474117,0.917342,3.0220912,2.6757796,3.5280607,2.8638525,2.6757796,0.0,1.3876083,2.1416118,2.4439464,0.0,0.0,2.6757796,1.7061814,1.7061814,0.0,2.9460983,2.1416118,0.917342,0.0,2.4439464,1.7061814,1.7061814,1.9474117,2.1416118,2.3041615,2.774231,2.6757796,Myeloid
0.0,0.9773013,0.0,0.0,0.0,0.0,0.0,0.9773013,0.9773013,0.9773013,0.0,2.3927596,0.0,0.0,0.0,2.767292,0.9773013,3.1154947,0.0,0.0,0.0,0.0,0.0,0.0,1.4619932,0.0,0.9773013,0.0,0.0,0.0,0.0,0.0,2.3927596,0.9773013,0.9773013,1.7870529,0.0,2.03197,0.9773013,0.0,1.7870529,0.9773013,0.0,0.0,1.4619932,0.9773013,0.0,0.9773013,1.7870529,0.0,Lymphoid
0.0,0.0,0.0,0.0,0.0,1.8530483,0.0,0.0,0.0,2.987061,0.0,0.0,0.0,1.3055229,0.0,3.3284898,0.0,2.464574,0.0,1.3055229,0.0,0.0,0.0,1.8530483,0.0,2.464574,0.0,0.0,1.3055229,1.8530483,0.0,0.0,0.0,1.8530483,0.0,1.3055229,0.0,0.0,1.8530483,0.0,1.3055229,1.8530483,0.0,0.0,0.0,0.0,0.0,0.0,1.3055229,0.0,Lymphoid
0.0,0.0,0.0,0.0,0.0,0.0,0.0,1.7354434,0.9388923,2.5995126,0.0,0.0,0.9388923,0.0,0.0,1.4144673,0.9388923,2.7090049,0.0,0.0,0.0,0.0,0.0,0.0,0.9388923,0.9388923,0.0,0.0,0.0,1.4144673,0.0,0.0,0.0,1.7354434,0.0,0.0,0.0,2.8076828,0.0,0.0,0.0,0.0,0.9388923,0.0,0.0,1.4144673,0.9388923,0.9388923,2.476541,0.0,Lymphoid
0.0,3.890478,3.7925432,0.0,0.0,4.273329,0.0,0.0,0.0,0.0,0.0,1.1886308,0.0,3.3460724,0.0,2.0602272,3.0700629,3.5621467,0.0,0.0,0.0,0.0,0.0,0.0,1.7165271,0.0,1.1886308,1.7165271,3.6839654,0.0,0.0,0.0,0.0,0.0,2.0602272,2.0602272,0.0,2.6875415,0.0,0.0,3.0700629,0.0,0.0,0.0,0.0,0.0,0.0,0.0,1.7165271,0.0,Lymphoid
0.0,4.06768,3.528145,1.0079719,0.0,3.97408,0.0,0.0,1.8277884,0.0,0.0,0.0,0.0,2.702723,0.0,3.2331944,3.2331944,3.4203675,1.0079719,0.0,0.0,0.0,0.0,1.0079719,1.4996401,1.4996401,0.0,0.0,0.0,0.0,0.0,0.0,0.0,0.0,1.0079719,1.0079719,0.0,2.702723,0.0,0.0,1.8277884,1.0079719,0.0,1.4996401,0.0,0.0,0.0,1.0079719,1.4996401,0.0,Lymphoid
3.7882023,4.076655,3.8135972,3.011408,2.9538553,4.1328707,2.4182425,2.9538553,3.2132971,3.4908724,2.1920602,3.7079027,0.0,3.065828,0.0,0.0,3.065828,4.443608,0.0,1.7128855,2.514655,2.514655,3.011408,2.1920602,3.455633,3.419106,0.7590447,1.1855447,0.0,2.4182425,2.0563529,1.7128855,0.0,0.0,1.1855447,2.514655,0.0,0.0,2.4182425,1.1855447,2.1920602,0.0,2.514655,1.7128855,2.1920602,0.7590447,2.0563529,2.0563529,3.117439,1.1855447,Myeloid
0.0,1.027951,2.3002484,1.027951,0.0,3.0324814,0.0,0.0,0.0,3.1920931,0.0,3.0324814,4.21105,2.1018546,4.262933,1.027951,2.3002484,2.6076643,0.0,1.027951,0.0,0.0,0.0,0.0,2.1018546,2.3002484,0.0,0.0,0.0,0.0,0.0,0.0,0.0,3.7861872,0.0,1.8541076,0.0,0.0,2.4657233,0.0,1.027951,0.0,1.8541076,0.0,1.5240247,1.027951,1.027951,1.027951,0.0,0.0,Lymphoid
3.275372,3.1526804,3.1081934,3.9296272,3.418564,3.275372,3.3131378,2.6557453,3.0616348,3.9296272,2.0951743,3.8017454,0.0,2.7894359,0.0,0.0,2.5013826,4.796934,0.0,2.414236,2.414236,2.414236,1.9613243,2.7894359,2.414236,3.3846421,2.5013826,2.7894359,0.0,1.1106216,2.5815396,2.0951743,0.0,0.0,2.414236,3.0128021,2.213205,0.0,2.6557453,2.213205,0.0,0.0,3.2361238,1.9613243,2.850126,1.6238319,2.5013826,2.3187637,3.0616348,1.3997948,Myeloid
3.9230423,1.7842987,0.0,3.8198771,4.1808314,1.7842987,4.321892,3.574809,2.3897533,4.8273935,3.574809,3.4253178,0.0,0.0,0.0,1.7842987,0.0,5.36636,0.0,2.3897533,2.7641914,2.7641914,1.7842987,3.2494829,2.7641914,4.5019984,3.2494829,3.4253178,0.0,0.0,2.3897533,3.2494829,0.0,0.0,3.2494829,3.4253178,2.3897533,0.0,3.4253178,3.2494829,0.0,0.0,3.7048318,2.3897533,0.0,3.0359912,1.7842987,0.0,2.3897533,2.3897533,Myeloid
0.0,4.0755734,3.608974,1.0972807,0.0,4.315517,0.0,0.0,0.0,0.0,0.0,2.1954489,0.0,3.711623,0.0,2.9425464,3.365367,3.4320538,0.0,0.0,0.0,0.0,0.0,1.0972807,1.0972807,0.0,0.0,1.6078398,4.367475,0.0,0.0,0.0,0.0,0.0,1.0972807,1.9441979,0.0,3.7592487,0.0,0.0,1.0972807,1.0972807,0.0,1.0972807,1.0972807,0.0,0.0,0.0,2.7061856,1.0972807,Lymphoid
0.0,0.0,1.0058771,0.0,0.0,1.0058771,0.0,1.4970772,0.0,1.4970772,0.0,3.1589541,0.0,0.0,0.0,3.0824444,0.0,2.9995923,0.0,0.0,0.0,0.0,0.0,0.0,1.0058771,1.0058771,0.0,0.0,0.0,1.8250191,0.0,0.0,2.2691858,1.8250191,0.0,1.0058771,0.0,2.2691858,0.0,0.0,1.0058771,0.0,1.0058771,0.0,1.0058771,0.0,0.0,0.0,2.0715628,0.0,Lymphoid
3.343498,2.7384162,2.3647757,3.500706,3.1568806,2.9272587,2.6286848,3.2230322,3.009798,3.2230322,2.9272587,3.9895225,0.0,1.7614421,0.0,0.0,2.201074,5.002863,0.0,2.201074,2.5054111,2.3647757,2.9272587,0.0,3.343498,3.6365242,1.7614421,2.6286848,0.0,0.95817786,3.285078,0.0,0.0,0.95817786,2.201074,2.5054111,2.0052254,0.0,2.201074,2.5054111,1.4383848,0.0,2.9272587,2.3647757,1.7614421,2.5054111,1.4383848,1.4383848,2.6286848,1.7614421,Myeloid
3.0150073,3.4814713,1.7659817,3.683326,2.7435415,2.3697407,3.3199947,1.7659817,3.0150073,3.798312,2.888458,3.851199,0.0,2.574006,1.2307086,0.0,2.1127512,5.464232,0.0,2.574006,2.3697407,2.1127512,0.0,2.574006,3.1273258,3.4814713,3.0150073,1.2307086,0.0,0.0,2.1127512,2.1127512,0.0,0.0,2.1127512,1.7659817,2.1127512,1.2307086,2.888458,2.7435415,2.1127512,0.0,2.888458,1.7659817,0.0,2.7435415,1.2307086,2.3697407,2.574006,1.7659817,Myeloid
0.0,0.0,0.0,1.0624948,0.0,1.5659376,0.0,0.0,0.0,0.0,0.0,1.0624948,0.0,0.0,0.0,2.892715,0.0,3.0832572,0.0,0.0,0.0,0.0,0.0,0.0,0.0,0.0,0.0,0.0,0.0,1.5659376,0.0,0.0,2.3483138,1.899229,0.0,3.3145542,0.0,0.0,1.0624948,0.0,0.0,1.899229,1.0624948,0.0,0.0,0.0,0.0,1.5659376,2.148772,0.0,Lymphoid
0.0,1.0327022,1.529808,1.529808,2.1083424,2.3068984,0.0,0.0,0.0,3.3368251,0.0,1.0327022,4.454421,1.0327022,4.3665543,1.0327022,1.529808,3.0395145,5.2612195,0.0,2.1083424,0.0,0.0,2.1083424,1.8603423,3.0395145,0.0,0.0,0.0,0.0,0.0,0.0,0.0,0.0,0.0,2.1083424,0.0,0.0,2.6145096,0.0,0.0,1.529808,2.1083424,0.0,1.0327022,1.0327022,0.0,0.0,1.0327022,0.0,Lymphoid
0.0,0.87252766,0.87252766,0.87252766,2.7033403,2.0750265,0.0,0.0,0.87252766,3.147905,0.0,1.8827888,4.1317987,1.3312845,3.8786805,0.0,1.3312845,2.0750265,3.987727,0.0,0.0,1.3312845,0.0,0.0,0.0,2.6053946,0.0,0.87252766,0.0,0.0,0.0,0.0,0.0,2.3749673,0.0,2.3749673,0.0,1.644584,1.3312845,0.0,0.87252766,2.2362006,2.2362006,0.0,0.0,1.644584,0.87252766,0.0,1.8827888,0.87252766,Lymphoid
0.0,0.0,0.0,0.0,0.0,0.0,0.0,2.0523996,1.4800764,0.99200684,0.0,0.99200684,0.0,0.0,0.0,2.9787412,1.4800764,2.6791792,0.0,0.0,0.99200684,0.0,0.0,1.4800764,0.0,1.4800764,0.0,0.0,0.0,0.0,0.99200684,0.0,1.8066353,0.0,0.99200684,0.0,0.0,0.0,0.0,0.0,0.0,2.2495222,0.0,0.0,0.0,0.0,0.0,0.99200684,0.99200684,0.0,Lymphoid
0.0,2.657817,2.657817,1.0629907,0.0,2.3489993,0.0,0.0,0.0,4.1809893,0.0,1.8998734,4.365588,2.1494415,3.753973,1.0629907,2.1494415,2.657817,3.8390305,0.0,0.0,2.782547,0.0,0.0,1.5665371,3.08398,0.0,0.0,0.0,0.0,0.0,0.0,0.0,3.2439668,0.0,0.0,0.0,1.0629907,1.8998734,0.0,0.0,0.0,2.1494415,0.0,1.5665371,1.0629907,0.0,1.5665371,2.1494415,0.0,Lymphoid
3.3904126,3.8876686,3.2984662,3.5768704,2.7583387,3.972971,2.7583387,3.0016546,3.5522695,3.447326,2.271132,4.2435384,0.0,3.2321086,0.0,0.62542295,2.9113026,4.884501,0.62542295,2.7583387,1.9577334,1.8268398,2.5093937,2.0734599,2.5776763,2.9113026,0.0,2.7016685,0.0,2.8628685,2.8119688,1.9577334,0.0,0.0,1.6761955,3.3300638,1.4987622,0.0,1.9577334,2.0734599,2.8628685,0.0,2.271132,1.9577334,1.4987622,2.0734599,1.4987622,1.2829065,3.5522695,2.4361045,Myeloid
0.0,0.0,0.0,1.830275,2.8158162,0.0,0.0,0.0,0.0,1.830275,0.0,2.8158162,4.376185,0.0,3.23604,0.0,0.0,2.8158162,4.519072,0.0,2.5814588,2.2748032,0.0,1.0098542,0.0,2.7054873,0.0,0.0,0.0,0.0,0.0,0.0,1.0098542,0.0,0.0,0.0,0.0,0.0,1.501942,1.0098542,0.0,1.0098542,1.830275,0.0,2.5814588,1.0098542,0.0,1.0098542,0.0,0.0,Lymphoid
0.0,0.0,0.0,0.6275314,0.0,0.0,0.0,0.6275314,1.0101316,0.0,0.0,2.181189,0.0,0.6275314,0.0,2.915586,0.0,1.2861823,0.0,0.6275314,0.0,0.0,0.0,1.8306416,1.5022813,1.5022813,0.0,0.0,0.0,1.0101316,0.0,0.0,2.2751946,2.2751946,0.0,1.5022813,0.0,2.181189,1.8306416,0.0,0.0,2.5135553,1.0101316,0.0,1.2861823,0.6275314,0.6275314,0.6275314,1.9616245,0.0,Lymphoid
2.906549,2.4688175,3.0182397,3.8372045,3.0182397,3.2099822,3.5719836,3.630954,3.1186996,3.6866395,3.2936246,3.4424586,0.0,2.6369243,0.0,1.1511081,1.1511081,5.1710367,0.0,3.1186996,1.6721102,2.7807965,0.0,2.0129123,2.7807965,3.1186996,0.0,2.266624,0.0,1.1511081,2.4688175,1.1511081,0.0,0.0,2.7807965,3.5719836,2.6369243,0.0,2.906549,2.266624,2.4688175,0.0,3.0182397,2.0129123,0.0,2.4688175,2.6369243,2.906549,2.0129123,2.0129123,Myeloid
0.0,0.0,0.0,0.93445826,0.0,0.93445826,0.0,0.0,0.0,1.729441,0.0,1.9717638,0.0,0.0,0.0,2.8906035,0.0,2.9729757,0.0,0.0,0.0,0.0,0.0,0.0,1.729441,1.9717638,0.0,0.0,0.0,0.0,0.0,0.0,2.7022002,1.9717638,0.93445826,1.729441,0.0,2.1666703,0.93445826,0.0,0.0,0.0,1.9717638,0.0,1.9717638,0.93445826,0.0,0.93445826,2.329714,0.0,Lymphoid
0.0,0.0,0.0,0.0,0.0,0.0,0.0,0.0,0.0,0.0,0.0,1.8154813,0.0,0.0,0.0,2.7992368,0.0,0.0,0.0,0.0,0.0,0.0,1.8154813,0.0,0.0,0.0,0.0,0.0,0.0,0.0,0.0,0.0,0.0,0.0,0.0,3.0715878,0.0,3.0715878,0.0,0.0,3.0715878,0.0,1.8154813,0.0,1.8154813,0.0,0.0,0.0,2.7992368,0.0,Lymphoid
0.91294384,1.382109,1.7001814,0.91294384,0.0,2.1351404,0.0,0.0,0.0,2.5597956,0.0,2.5597956,1.7001814,0.91294384,3.7900307,0.0,1.7001814,2.6689503,0.0,0.0,0.0,0.0,0.0,0.0,1.9411254,2.1351404,0.0,0.0,0.0,1.382109,0.0,0.0,2.4372494,3.683435,1.382109,2.5597956,0.0,2.1351404,2.5597956,0.0,2.4372494,0.0,1.9411254,0.0,1.9411254,0.91294384,0.0,0.0,2.7673542,0.0,Lymphoid
3.5018103,3.929957,3.9802675,2.5509717,2.384131,4.22879,1.833083,2.4983914,2.384131,3.256264,2.8189597,3.8494012,0.0,3.3975992,0.0,0.0,3.3056288,3.9924593,0.0,1.7221403,2.183768,2.5509717,2.8189597,2.183768,3.030098,2.9645498,0.50479263,1.9329375,0.0,2.4983914,2.1069427,1.9329375,0.0,0.0,0.0,2.997861,0.0,0.0,1.4547027,1.4547027,2.6485012,0.0,2.2551103,1.7221403,3.1210065,1.088537,1.5973352,1.4547027,3.2306364,1.9329375,Myeloid
1.0948929,0.0,1.604973,1.0948929,2.1922622,1.0948929,0.0,0.0,0.0,2.5597956,0.0,2.1922622,4.199192,1.0948929,2.8279583,0.0,1.0948929,3.0392046,5.214802,0.0,2.39282,0.0,0.0,1.0948929,1.0948929,1.0948929,0.0,0.0,0.0,0.0,0.0,0.0,0.0,0.0,0.0,1.604973,0.0,1.0948929,0.0,0.0,0.0,2.39282,1.9411254,0.0,1.604973,1.604973,1.0948929,0.0,1.604973,0.0,Lymphoid
3.8206112,3.1746807,3.3584385,3.0106387,2.365577,3.3584385,2.9493787,2.7392433,2.88412,3.3995473,3.0683615,4.0961323,0.79130447,1.5301387,0.0,0.0,1.7621745,4.616314,0.0,1.9503806,1.7621745,2.7392433,2.6580894,2.569763,3.1746807,3.2238812,0.79130447,1.5301387,0.0,2.4728723,2.1087134,2.4728723,0.0,0.0,0.0,3.0683615,0.79130447,0.0,2.569763,2.24537,3.0106387,0.0,2.1087134,1.2274584,3.2238812,1.2274584,2.1087134,0.79130447,3.3155668,1.7621745,Myeloid
0.0,3.6421735,4.0388684,0.0,0.0,5.008626,0.0,0.0,2.9748845,0.0,0.0,0.0,0.0,2.9748845,0.0,2.9748845,0.0,0.0,0.0,0.0,0.0,0.0,0.0,0.0,0.0,0.0,0.0,0.0,4.0388684,0.0,0.0,0.0,0.0,0.0,0.0,0.0,0.0,0.0,0.0,0.0,0.0,0.0,0.0,0.0,0.0,0.0,0.0,0.0,0.0,0.0,Lymphoid
0.0,0.0,0.0,0.7763082,0.0,0.0,0.0,0.0,1.2080247,2.3406,0.0,1.9267517,0.0,0.0,0.0,3.0965636,0.0,1.2080247,0.0,0.0,0.7763082,0.0,0.0,1.9267517,0.7763082,1.9267517,0.0,0.7763082,0.0,1.5085785,0.0,0.0,2.447629,2.2207277,0.7763082,1.2080247,0.0,1.2080247,0.0,0.0,0.7763082,1.5085785,1.5085785,0.0,1.5085785,0.0,0.7763082,1.2080247,2.084504,0.0,Lymphoid
0.0,0.0,0.8080245,0.8080245,0.0,0.8080245,0.0,0.0,0.0,2.7676806,0.0,1.554013,2.2725694,0.8080245,3.506466,1.2490256,0.8080245,2.2725694,0.0,0.0,0.0,0.0,0.0,1.7873977,0.8080245,1.2490256,0.0,0.0,0.0,0.0,0.0,0.8080245,2.1354473,2.978183,0.8080245,0.8080245,0.0,2.393136,1.554013,0.0,0.0,1.554013,1.9764891,0.0,2.5978422,0.0,0.0,0.0,2.6863627,0.0,Lymphoid
0.0,0.0,0.0,0.0,0.0,0.0,0.0,0.0,0.0,1.5527395,0.0,2.8769362,0.0,0.0,0.0,1.8850361,0.0,2.33321,0.0,0.0,0.0,1.0515896,0.0,0.0,0.0,1.5527395,0.0,0.0,0.0,1.5527395,0.0,0.0,1.8850361,1.5527395,1.8850361,0.0,0.0,0.0,0.0,0.0,0.0,2.4992356,0.0,0.0,1.0515896,0.0,1.5527395,1.0515896,0.0,0.0,Lymphoid
3.8407006,4.8364396,4.7978725,2.7620878,2.5380046,4.9401646,2.794999,2.8577397,2.2487543,2.7620878,0.0,3.1688046,0.0,4.354309,0.0,0.7224586,4.493875,3.7941198,0.0,1.9209142,2.2487543,1.8401451,2.7620878,2.0651762,2.618409,2.4505656,0.0,2.0651762,0.0,1.294378,2.130186,1.8401451,0.0,0.0,1.294378,1.9209142,0.7224586,0.0,2.4952404,1.7522746,2.0651762,0.4251012,2.618409,0.7224586,3.099633,0.4251012,0.9513627,1.294378,2.794999,2.2487543,Myeloid
0.0,3.7820454,3.5561678,1.6935081,0.0,3.99383,0.0,0.0,0.0,0.0,0.0,1.9341319,0.0,2.6613483,0.0,3.2639122,2.849237,3.878348,0.0,0.0,0.0,0.9080605,0.0,0.9080605,1.375996,1.375996,0.0,0.9080605,0.0,0.0,0.0,0.0,0.0,0.0,0.9080605,0.0,0.0,1.9341319,0.0,0.0,0.0,0.0,0.9080605,1.375996,0.0,0.0,0.0,1.375996,0.9080605,0.0,Lymphoid
0.0,0.0,0.0,0.0,0.0,0.0,0.0,0.0,0.0,3.1695323,0.0,2.1516209,0.0,0.92416245,0.0,3.1695323,0.92416245,2.874543,0.0,0.0,0.0,2.1516209,0.0,1.3961244,1.3961244,2.3143694,0.0,0.0,0.0,0.0,0.0,0.0,3.1695323,2.454301,0.92416245,2.3143694,0.0,0.0,1.7154669,0.0,1.9571365,0.0,0.92416245,0.0,2.1516209,0.0,0.0,1.3961244,2.874543,0.92416245,Lymphoid
3.0568504,2.7390177,2.9105086,3.726199,3.3993144,2.5319035,3.1844852,3.0568504,2.9105086,4.169388,2.9105086,3.6539419,0.0,2.5319035,0.0,0.0,1.9152613,5.195454,0.0,2.5319035,2.2703788,2.7390177,1.9152613,2.9105086,1.9152613,3.2976575,2.9105086,2.5319035,0.0,1.3595283,1.9152613,2.5319035,0.0,1.3595283,2.2703788,3.726199,1.3595283,0.0,2.2703788,1.9152613,1.3595283,0.0,2.5319035,2.9105086,1.3595283,2.7390177,1.9152613,2.5319035,2.7390177,2.5319035,Myeloid
0.0,0.0,0.0,1.0193812,0.0,0.0,0.0,1.0193812,0.0,1.0193812,0.0,1.8428388,0.0,0.0,0.0,2.4534912,0.0,2.288222,0.0,1.0193812,0.0,0.0,0.0,0.0,1.5135784,2.090124,0.0,0.0,0.0,0.0,1.0193812,0.0,1.5135784,2.090124,0.0,1.0193812,0.0,1.8428388,1.5135784,0.0,0.0,0.0,0.0,0.0,2.090124,0.0,1.5135784,0.0,1.8428388,0.0,Lymphoid
0.0,0.0,0.0,0.0,0.0,0.8462326,0.0,0.0,0.0,0.8462326,0.0,2.1955671,0.0,0.0,0.0,2.6608531,0.8462326,2.6608531,0.0,0.0,0.0,0.0,0.0,0.0,0.0,1.8442564,0.0,0.0,0.0,1.6079463,0.0,0.0,2.3336906,1.297927,0.0,2.5632281,0.0,0.8462326,0.0,0.0,2.0352604,1.6079463,0.8462326,0.0,2.5632281,0.0,0.0,0.0,2.1955671,0.0,Lymphoid
0.0,3.9530668,3.3237398,2.3732634,0.0,4.563207,0.0,0.0,1.2334607,0.0,0.0,0.0,0.0,3.0187025,0.0,2.577596,3.3237398,3.4077451,0.0,0.0,0.0,0.0,0.0,0.0,0.0,0.0,0.0,0.0,0.0,0.0,0.0,0.0,0.0,0.0,2.1161675,2.1161675,0.0,3.4852374,0.0,0.0,0.0,0.0,1.2334607,0.0,0.0,0.0,0.0,0.0,1.2334607,0.0,Lymphoid
0.0,0.0,0.0,0.0,0.0,2.146267,0.0,0.0,0.0,2.5714355,0.0,1.7104992,2.448763,1.7104992,3.9288592,0.0,0.0,3.0977488,0.0,0.0,0.0,0.0,0.0,1.3915675,1.9519342,1.7104992,0.0,0.0,0.0,0.9205114,0.9205114,0.0,2.8688254,2.448763,1.3915675,1.9519342,0.0,0.9205114,0.9205114,0.0,1.7104992,3.2839053,0.9205114,0.0,2.5714355,0.0,0.0,0.9205114,2.951095,0.0,Lymphoid
0.0,0.92655224,2.317938,1.3991048,0.0,0.0,0.0,0.0,0.0,0.0,0.0,2.8782792,2.690027,1.3991048,3.235244,1.3991048,1.7187151,3.1733255,0.0,0.0,0.0,0.0,0.0,0.0,1.3991048,1.9605374,0.0,0.0,0.0,1.3991048,0.0,0.0,2.1551204,1.7187151,0.0,1.9605374,0.0,2.4579208,0.0,0.0,0.92655224,2.8782792,0.92655224,0.0,1.9605374,0.0,0.92655224,0.92655224,2.1551204,0.0,Lymphoid
3.329268,3.7227216,3.053455,4.004343,3.329268,3.329268,3.8734138,3.2008407,3.2008407,4.223833,3.7227216,3.8009036,0.0,2.4064236,0.0,1.4735581,2.6713135,5.150986,0.0,2.0450408,2.6713135,2.0450408,1.4735581,3.637905,2.4064236,3.8009036,2.4064236,2.4064236,0.0,3.053455,2.4064236,1.4735581,0.0,0.0,3.053455,2.8805285,2.0450408,0.0,1.4735581,2.4064236,0.0,0.0,2.0450408,3.053455,1.4735581,2.6713135,2.0450408,2.4064236,2.0450408,2.4064236,Myeloid
0.0,0.0,0.0,0.0,0.0,0.7893311,0.0,1.5273097,0.7893311,2.5664275,0.0,1.224906,0.0,0.0,0.0,3.1712196,0.0,2.1055403,0.0,0.0,0.0,0.0,0.0,0.0,1.224906,0.7893311,0.0,0.0,0.0,0.0,0.0,0.0,2.4695652,1.224906,0.7893311,0.7893311,0.0,1.9472828,1.9472828,0.0,0.0,2.945956,2.1055403,0.0,0.0,0.0,0.7893311,0.7893311,1.9472828,0.7893311,Lymphoid
0.0,0.0,0.0,0.0,0.0,0.0,0.0,1.5506874,1.0498964,1.8828281,0.0,0.0,0.0,0.0,0.0,1.8828281,0.0,1.5506874,0.0,0.0,0.0,0.0,0.0,0.0,1.0498964,2.3308592,0.0,0.0,0.0,1.0498964,0.0,0.0,0.0,2.496846,1.5506874,0.0,0.0,0.0,0.0,0.0,1.5506874,1.8828281,0.0,0.0,0.0,1.0498964,0.0,0.0,0.0,0.0,Lymphoid
3.275428,3.553615,2.9539628,3.587719,3.1275578,3.8768668,3.0729737,3.0729737,3.3631074,3.6835623,2.7437682,3.9016666,0.0,2.9539628,0.0,0.79395187,2.477302,4.5722084,0.0,2.8188505,2.2496958,2.888687,2.7437682,2.5742302,2.7437682,3.1793158,1.5339304,3.0152378,0.0,1.5339304,2.3699605,2.3699605,0.0,0.0,2.7437682,3.1275578,2.5742302,0.0,2.5742302,1.9545308,2.662588,0.0,1.2308803,1.5339304,1.5339304,2.1129642,1.9545308,2.662588,3.3631074,2.2496958,Myeloid
0.0,0.0,0.0,1.4617386,0.0,2.9561589,0.0,0.0,0.0,3.1861117,0.0,2.3924584,0.0,0.0,0.0,2.5334654,0.97709465,2.5334654,0.0,0.97709465,0.0,0.0,0.0,1.4617386,1.4617386,1.7867769,0.0,0.0,0.0,0.0,0.0,0.0,0.97709465,2.5334654,0.0,2.031682,0.0,2.031682,1.4617386,0.0,0.97709465,2.7669816,1.4617386,0.0,0.0,0.0,0.0,1.4617386,2.228253,0.0,Lymphoid
3.3005888,3.494535,2.741865,3.494535,3.4494598,3.352714,2.741865,2.741865,2.9892445,3.79656,2.64364,4.4618053,0.0,2.111176,0.0,0.0,2.412437,4.8116436,0.0,1.9178572,2.412437,1.6779875,3.4022565,2.2731085,2.741865,3.494535,2.2731085,0.89673656,0.0,3.2455964,1.6779875,2.64364,0.0,0.0,2.9133868,2.412437,2.412437,0.0,2.2731085,2.2731085,2.64364,0.0,2.741865,2.2731085,1.9178572,2.741865,1.6779875,2.741865,2.741865,1.9178572,Myeloid
3.2775297,3.0914245,0.9165308,3.0914245,2.862578,2.6745212,3.0208054,2.3029451,3.4343743,3.3847768,3.0208054,3.3325903,0.0,1.7050754,0.0,0.0,1.7050754,4.4430466,0.0,0.9165308,2.1404192,2.6745212,2.3029451,3.1573834,2.5653186,3.6892695,2.4427123,1.7050754,0.0,2.1404192,1.9462531,2.4427123,0.0,0.0,1.9462531,2.3029451,2.3029451,0.0,2.3029451,1.3865944,2.5653186,0.9165308,2.6745212,2.4427123,0.9165308,2.1404192,2.6745212,1.7050754,2.5653186,1.7050754,Myeloid
3.0685318,2.5882285,2.5882285,3.568329,2.7579453,2.7045107,0.0,3.4188678,3.029645,4.1868105,0.5990628,3.6778023,0.0,2.8569436,0.0,0.9710909,2.4566233,5.091423,0.0,3.9486544,3.176867,2.8569436,0.0,3.7574956,3.6568453,3.5209482,0.0,2.5245893,0.0,0.0,1.2416257,1.9084876,0.0,0.0,0.9710909,4.081753,0.0,0.9710909,2.648059,0.0,1.4543378,0.0,2.808669,0.9710909,0.0,1.7787538,2.648059,2.5245893,2.3836987,0.0,Myeloid
3.1171453,3.6977174,3.6327336,3.2236986,3.1171453,3.9470186,2.411991,2.6170447,3.5632315,3.3199835,2.7056947,3.4078066,0.81956786,3.2236986,0.0,0.81956786,2.7871218,4.928036,0.81956786,2.1537502,2.7056947,2.6170447,3.2729995,2.2911835,3.0592844,3.1171453,0.0,2.6170447,0.0,1.5703969,2.8624148,1.8046881,0.0,0.0,1.5703969,2.411991,1.8046881,0.0,2.1537502,2.7056947,2.9978693,0.0,3.2236986,1.994373,2.2911835,1.994373,1.2638549,1.5703969,2.9324338,1.8046881,Myeloid
0.0,0.0,0.0,0.0,0.0,1.3288296,0.0,1.8799598,0.0,2.0721087,0.0,0.87058616,0.0,0.0,0.0,1.3288296,1.3288296,3.3592014,0.0,0.0,0.0,0.0,0.0,0.87058616,1.3288296,1.3288296,0.0,0.87058616,0.0,0.0,0.0,0.0,0.87058616,2.2332203,0.87058616,0.0,0.0,0.0,0.0,0.0,0.0,2.493741,0.0,0.0,2.2332203,0.0,0.87058616,0.0,1.6418918,0.0,Lymphoid
2.9020646,3.5673728,3.1974685,3.7300744,3.060635,3.6520288,2.9020646,2.9844894,3.2594497,3.6520288,3.1313903,3.3729558,0.0,3.060635,0.0,0.0,3.1974685,5.008276,0.0,1.9822147,2.9020646,1.9822147,2.1774187,2.81223,2.81223,4.0211377,1.4181323,1.4181323,0.0,2.6039927,2.4809742,2.3406708,0.0,0.0,0.94184166,2.6039927,2.713522,0.94184166,0.94184166,1.7394307,1.7394307,0.0,3.1974685,1.4181323,2.713522,2.6039927,2.6039927,2.3406708,3.060635,1.4181323,Myeloid
0.0,3.285336,3.3869467,1.3500326,0.0,4.3214316,0.0,0.0,0.0,0.0,0.0,1.6651237,0.0,3.1104722,0.0,3.7137115,2.9742064,2.6289334,0.0,0.0,0.0,0.8873872,0.8873872,0.0,1.3500326,0.0,0.0,0.8873872,4.2628207,0.0,0.0,0.0,0.0,0.0,2.2589104,2.8163981,0.0,2.3980253,0.0,0.0,0.0,0.0,0.0,0.0,0.0,0.0,0.8873872,0.8873872,1.9043591,0.8873872,Lymphoid
4.212177,4.606885,4.546884,1.7346423,1.5041163,4.685262,2.917818,1.9218552,0.77321684,3.6154609,1.7346423,3.4812887,0.77321684,4.2293134,0.0,0.0,3.8395011,3.406786,0.0,1.5041163,2.0794852,2.9789727,3.444731,2.0794852,2.7829983,2.6271274,0.0,0.77321684,0.0,2.6271274,1.9218552,2.2156184,0.0,0.0,1.2040079,3.2834625,0.0,0.0,2.4423926,0.0,2.6271274,0.0,2.0794852,0.0,2.708097,0.77321684,2.0794852,1.9218552,2.2156184,1.2040079,Myeloid
2.7366521,3.2681093,3.120285,4.009732,3.2681093,2.7366521,2.4703357,2.7366521,3.120285,3.8694177,2.1062796,4.242295,0.0,2.9467535,0.0,0.0,2.4703357,4.788246,0.0,2.7366521,3.120285,3.120285,3.706151,1.5279686,2.7366521,4.189026,2.1062796,3.120285,1.5279686,2.1062796,2.7366521,2.1062796,0.0,0.0,3.8694177,2.7366521,2.1062796,0.0,1.5279686,2.7366521,1.5279686,0.0,2.7366521,2.1062796,1.5279686,2.7366521,2.4703357,2.4703357,3.6132948,0.0,Myeloid
3.0821607,3.3232317,2.294213,3.752111,3.0115743,2.9356244,3.0821607,3.1480916,3.209943,3.7863927,2.8534284,4.3602595,0.0,1.9379383,0.0,0.0,1.69714,4.450946,0.9107172,1.69714,2.6654866,2.6654866,2.5563617,2.6654866,2.6654866,3.4722211,2.5563617,2.5563617,0.0,2.6654866,2.294213,2.5563617,0.0,0.0,2.7638664,2.5563617,1.9379383,0.0,1.69714,1.3793225,2.5563617,0.0,3.209943,2.4338531,2.8534284,2.6654866,2.131859,3.2681909,3.424982,0.9107172,Myeloid
2.7640753,2.3311944,2.3311944,3.7781496,3.2963047,3.2250404,3.148305,2.497187,2.7640753,3.7781496,2.9745317,4.7711663,1.5509802,2.3311944,0.0,0.0,2.497187,4.8021584,0.0,2.3311944,2.497187,3.2963047,1.0501379,2.1320555,2.3311944,3.2963047,2.6395085,1.5509802,1.0501379,2.3311944,1.8831432,2.3311944,0.0,0.0,2.8748298,3.2250404,1.8831432,0.0,2.497187,1.5509802,2.497187,0.0,2.7640753,1.5509802,1.8831432,1.8831432,2.1320555,2.497187,3.3628266,1.8831432,Myeloid
3.0480213,2.4012353,2.6660054,3.6323516,3.4010375,2.8751454,3.0480213,3.0480213,3.2827742,3.4727614,2.175479,4.6512294,0.0,1.1726061,0.0,0.74914944,1.8834268,5.1122866,0.0,2.4012353,3.0995877,1.8834268,2.497494,2.4012353,2.8751454,3.6024063,1.4691639,2.9936502,0.0,0.0,2.497494,1.8834268,0.0,0.0,2.040077,3.0995877,3.2827742,0.0,1.1726061,1.6975955,2.040077,0.0,2.040077,2.175479,1.6975955,2.2947142,2.497494,2.175479,2.6660054,2.175479,Myeloid
4.0363283,4.3283563,4.2745366,3.1575146,3.5294733,4.1573415,2.450481,3.567566,3.2123072,3.8851173,1.7289689,4.024565,0.50809395,3.9509215,0.0,0.50809395,3.4694679,5.2063165,0.0,2.3916762,2.826774,2.937957,0.50809395,3.185286,3.6221147,3.3834124,0.50809395,2.506019,0.50809395,0.50809395,2.191144,1.9400474,0.0,0.0,2.114244,2.6562235,2.2625504,0.50809395,0.8433932,2.2625504,1.0940554,0.0,2.3916762,2.450481,1.6039671,1.2943108,1.9400474,1.4610772,2.937957,1.4610772,Myeloid
0.0,3.5155187,3.1038077,0.0,0.0,4.0313134,1.3448691,0.0,0.0,1.6594704,0.0,0.0,0.0,2.8918211,0.0,3.3802068,2.6224618,2.8918211,0.0,0.0,0.0,0.883289,0.0,0.0,2.091149,0.0,0.0,1.6594704,4.472203,0.0,0.0,0.0,0.0,0.0,1.8984245,1.6594704,0.0,1.8984245,0.0,0.0,0.0,0.0,0.883289,0.0,0.0,0.0,0.883289,0.883289,0.883289,0.883289,Lymphoid
0.0,0.0,0.0,1.50931,0.0,1.8382314,0.0,0.0,1.0158842,1.8382314,1.0158842,2.0853262,2.4484868,0.0,3.6375306,1.0158842,1.0158842,2.0853262,0.0,0.0,1.0158842,0.0,0.0,1.0158842,1.50931,2.0853262,0.0,0.0,0.0,2.4484868,0.0,0.0,2.0853262,2.2833023,0.0,2.924131,0.0,2.924131,1.50931,0.0,2.924131,3.174023,0.0,0.0,1.0158842,0.0,0.0,1.0158842,3.31153,0.0,Lymphoid
3.4241383,3.26299,2.9184804,4.022199,2.9184804,3.5187418,3.1715,2.8764808,2.9184804,3.4486415,2.6350844,2.7867882,0.9254016,2.7387328,0.0,0.0,1.39767,4.589695,0.0,2.238137,1.9589005,2.5194378,0.566132,2.5194378,2.7387328,3.1054983,1.5701154,2.3886461,0.0,1.9589005,2.0608914,2.153436,0.9254016,0.0,2.238137,2.7867882,2.7867882,0.0,1.39767,1.7171516,0.566132,0.0,2.238137,1.8453135,3.1715,1.5701154,2.238137,2.6350844,2.6350844,2.3162205,Myeloid
0.0,0.0,0.0,1.2896675,0.0,0.83975065,0.0,0.0,0.83975065,3.6334224,0.0,0.83975065,0.83975065,0.0,1.2896675,1.8346845,0.0,0.83975065,0.0,0.0,0.0,0.83975065,0.0,1.2896675,1.8346845,1.5988559,0.0,0.0,0.0,0.83975065,0.0,0.0,2.8207521,3.3545103,0.0,1.5988559,0.0,1.5988559,2.1854596,0.0,1.5988559,2.0253744,2.7391407,0.0,1.2896675,0.83975065,0.0,1.5988559,2.8207521,0.0,Lymphoid
3.1391041,2.7550685,3.2401233,3.6324492,3.4158967,2.9000914,2.7550685,3.0267217,3.287047,3.837153,3.0844908,4.375983,0.0,2.260502,0.0,0.0,1.9649025,4.6566396,0.0,2.3809106,2.260502,2.8302066,0.80058503,1.7762012,3.287047,3.0267217,0.80058503,2.5853877,0.0,2.6738229,2.5853877,2.1235852,0.0,0.0,1.9649025,2.5853877,1.2394422,0.0,1.5434114,1.9649025,1.2394422,0.0,1.9649025,2.5853877,2.4883664,2.5853877,1.2394422,2.260502,3.1908886,2.1235852,Myeloid
3.4530308,3.329504,3.2377687,3.5629628,3.4530308,3.188539,2.9630854,2.9630854,3.02439,3.7521024,3.02439,3.4910336,0.0,2.121428,0.0,0.0,2.378687,5.2634306,0.0,2.2583075,2.583122,2.8279006,2.583122,2.8977757,2.378687,3.9589314,2.583122,1.7741659,0.0,2.8977757,1.5414847,2.4861195,0.0,0.0,1.7741659,2.2583075,2.752774,0.79923564,3.1367598,1.7741659,0.0,0.0,3.1367598,2.121428,2.378687,2.121428,1.9627956,3.02439,3.4530308,2.752774,Myeloid
0.0,0.0,1.0565829,1.0565829,1.5587864,1.0565829,0.0,0.0,0.0,4.080453,0.0,2.6487017,4.3315353,1.0565829,3.548969,0.0,1.5587864,2.6487017,3.1577787,0.0,0.0,3.6015217,0.0,2.3401337,1.0565829,3.1577787,0.0,1.0565829,0.0,0.0,1.8915406,0.0,0.0,3.0746255,0.0,2.1407835,0.0,1.5587864,2.1407835,0.0,0.0,3.65145,2.7733507,0.0,1.0565829,1.5587864,0.0,0.0,1.8915406,0.0,Lymphoid
3.8566427,3.4389079,3.1618688,2.7080214,3.1618688,3.5684187,1.6691321,3.0662332,2.6335192,3.329424,0.0,4.023947,0.0,3.2064621,0.0,2.1445537,2.9604745,5.197616,0.0,3.2064621,2.3694966,2.0097349,2.1445537,2.553016,2.9030817,3.6556108,0.0,2.4654603,0.0,1.4423603,0.7308715,1.8538653,1.4423603,1.1486017,2.0097349,2.9604745,0.7308715,0.0,0.0,0.7308715,2.2633367,1.1486017,2.2633367,1.4423603,1.8538653,1.8538653,1.1486017,1.4423603,2.6335192,1.8538653,Myeloid
3.754979,4.26621,3.9196823,2.2350194,2.6543367,4.492399,2.7021065,2.6041698,2.551353,3.5773268,2.49559,3.6340122,0.52801037,3.4532976,1.3303115,0.87175804,3.5773268,4.5380564,0.0,1.8816677,2.3067982,2.2350194,2.373768,2.373768,2.7021065,3.1761072,1.3303115,1.7696651,0.0,2.551353,1.4991267,2.6041698,0.0,0.52801037,0.0,0.52801037,1.3303115,0.0,2.8330824,2.3067982,2.9488733,0.0,2.373768,0.0,2.0738704,0.87175804,1.4991267,2.0738704,3.0192316,2.1576877,Myeloid
0.0,0.0,0.0,0.0,0.0,1.1615583,0.0,1.1615583,1.6845112,2.651088,0.0,1.1615583,0.0,0.0,0.0,3.1332777,0.0,3.5241115,0.0,1.1615583,0.0,0.0,0.0,1.1615583,1.1615583,2.0261362,0.0,0.0,0.0,1.1615583,0.0,0.0,1.1615583,1.1615583,0.0,1.6845112,0.0,1.1615583,0.0,0.0,0.0,3.2246187,1.6845112,0.0,0.0,0.0,1.1615583,1.1615583,0.0,0.0,Lymphoid
3.024623,3.8610942,4.0268917,3.4137635,3.4912708,3.935539,2.828131,3.7231994,3.372634,3.6622362,2.9633176,4.0048237,0.0,3.32974,0.0,0.0,3.372634,4.785336,0.0,2.898007,2.3789089,1.2378756,3.935539,3.1887736,2.9633176,3.5632007,1.5416771,2.6717694,0.0,3.2849236,1.963006,3.024623,0.0,0.0,2.1216433,2.6717694,1.5416771,0.0,1.5416771,2.3789089,2.898007,0.0,2.898007,2.2585266,2.898007,1.963006,2.2585266,1.5416771,3.7231994,2.1216433,Myeloid
0.0,2.4572234,2.0937026,0.0,0.0,3.10659,0.0,0.0,0.0,2.0937026,0.0,2.0937026,3.5993521,1.5167639,4.4166865,1.5167639,1.5167639,3.10659,0.0,1.5167639,0.0,0.0,0.0,0.0,2.0937026,2.0937026,0.0,0.0,1.5167639,0.0,0.0,0.0,0.0,3.10659,0.0,0.0,0.0,2.0937026,0.0,0.0,2.0937026,0.0,2.723255,0.0,0.0,0.0,1.5167639,0.0,0.0,0.0,Lymphoid
3.2434297,1.9678619,2.7582912,3.6028066,2.384034,3.0299962,2.9686737,2.7582912,2.833445,3.5333638,2.5885699,3.5333638,0.0,1.7790606,0.0,0.80248225,0.80248225,4.453696,0.0,2.7582912,2.1266153,3.0299962,2.1266153,2.677027,2.4915223,3.698689,2.5885699,2.833445,0.0,2.1266153,2.677027,2.1266153,0.0,0.0,0.80248225,2.9033434,1.9678619,0.80248225,1.5461181,1.5461181,0.80248225,0.0,2.9686737,1.5461181,1.5461181,2.5885699,2.1266153,0.80248225,2.7582912,2.5885699,Myeloid
3.7583134,3.8387084,3.431127,3.9367402,2.5622215,3.9367402,2.3581777,3.1668544,3.5409837,4.0678296,2.876409,4.146555,0.0,3.0605736,0.0,0.0,2.5622215,4.9052997,0.0,1.22169,2.3581777,2.876409,0.0,3.2629168,3.2160387,3.1151252,0.7868463,2.9416392,0.0,2.238069,2.731604,2.731604,0.0,0.0,2.4653947,3.505689,1.523744,0.0,2.1015394,2.731604,1.7554125,0.0,3.1668544,2.1015394,1.523744,1.7554125,1.7554125,2.1015394,3.4691029,1.9433774,Myeloid
0.0,1.7055668,0.0,0.0,0.0,1.7055668,0.0,0.0,0.0,2.3034856,0.0,2.945387,0.0,1.7055668,0.0,0.0,0.0,0.0,0.0,0.0,0.0,0.0,0.0,1.7055668,0.0,0.0,0.0,0.0,0.0,0.0,0.0,0.0,2.3034856,1.7055668,0.0,2.945387,0.0,2.3034856,2.6750803,1.7055668,2.3034856,0.0,2.3034856,0.0,0.0,0.0,0.0,0.0,1.7055668,0.0,Lymphoid
0.0,0.0,1.0387976,0.0,1.8683271,0.0,0.0,0.0,1.0387976,2.9579353,0.0,2.315411,4.2276397,1.5372186,3.6722968,1.8683271,1.0387976,2.9579353,3.6247766,1.0387976,0.0,2.315411,0.0,1.0387976,0.0,2.6232705,0.0,0.0,0.0,0.0,0.0,0.0,0.0,2.74769,0.0,1.5372186,0.0,0.0,1.8683271,0.0,0.0,2.74769,2.315411,0.0,2.1166492,1.8683271,1.0387976,1.5372186,1.0387976,0.0,Lymphoid
0.0,3.9250057,3.3043916,1.7377044,0.0,4.2531605,0.0,0.0,1.0556045,0.0,0.0,0.661066,0.0,3.5741324,0.0,3.3709333,3.649989,3.3043916,0.0,0.0,0.0,0.0,0.0,0.0,1.7377044,0.0,0.0,0.0,0.0,0.0,0.0,0.661066,0.661066,0.661066,0.661066,2.338778,0.0,2.8827543,0.0,0.0,1.557602,0.0,0.0,1.3377782,0.0,0.0,0.0,0.661066,1.557602,0.661066,Lymphoid
2.418139,3.533134,2.418139,3.2794957,1.8103317,2.7934585,2.6233044,2.418139,3.3713775,3.3713775,2.1597202,4.090896,0.0,3.2794957,1.268703,0.0,1.268703,4.9708495,1.268703,2.418139,1.268703,3.0657198,3.2794957,2.1597202,3.2794957,3.0657198,1.268703,3.0657198,0.0,3.0657198,2.7934585,2.1597202,0.0,0.0,3.6723323,2.1597202,2.1597202,0.0,1.268703,1.268703,2.418139,0.0,2.418139,2.418139,0.0,1.268703,0.0,1.8103317,3.0657198,1.268703,Myeloid
0.0,0.0,0.0,0.0,0.0,0.0,0.0,0.0,0.0,0.0,0.0,0.0,0.0,0.0,0.0,1.687557,0.0,3.3891473,0.0,0.0,0.0,0.0,0.0,0.0,1.164128,2.9245062,0.0,0.0,0.0,0.0,0.0,0.0,1.687557,0.0,0.0,0.0,0.0,1.164128,0.0,0.0,2.0293825,2.9245062,0.0,0.0,0.0,0.0,1.164128,1.687557,2.2836585,0.0,Lymphoid
2.3459196,3.3785636,2.7189443,4.0545154,2.7189443,2.7189443,2.3459196,2.7189443,2.3459196,3.657685,1.7442198,4.133223,0.0,1.7442198,0.0,0.0,0.0,4.274184,0.0,0.0,0.0,1.7442198,2.7189443,0.0,2.3459196,3.2030382,0.0,2.990003,0.0,1.7442198,2.3459196,2.3459196,0.0,0.0,1.7442198,2.7189443,0.0,0.0,1.7442198,0.0,2.7189443,0.0,2.3459196,2.990003,2.3459196,2.3459196,0.0,1.7442198,2.990003,1.7442198,Myeloid
0.0,0.0,1.0012798,1.0012798,0.0,1.818935,0.0,0.0,0.0,2.692876,0.0,0.0,1.4914483,1.818935,3.8604686,2.4275053,2.0652225,2.4275053,0.0,0.0,0.0,2.5689676,0.0,2.262681,2.0652225,2.9926975,0.0,0.0,0.0,2.262681,0.0,0.0,2.262681,2.262681,0.0,2.0652225,0.0,0.0,2.4275053,0.0,0.0,0.0,1.4914483,0.0,1.4914483,1.0012798,1.0012798,0.0,1.0012798,0.0,Lymphoid
0.0,4.037691,4.0688887,2.1024852,0.0,4.5666475,0.0,0.0,0.0,1.0284125,0.0,1.5245867,0.0,3.5592213,0.0,3.263953,3.6090906,3.4513385,0.0,0.0,0.0,0.0,0.0,0.0,1.0284125,0.0,0.0,1.0284125,4.426577,0.0,0.0,0.0,0.0,0.0,1.8547136,0.0,0.0,2.7326114,0.0,0.0,1.0284125,0.0,0.0,1.0284125,1.5245867,0.0,1.0284125,0.0,1.5245867,0.0,Lymphoid
2.9771805,3.1509764,1.8855101,3.5946107,3.0678492,2.6421003,3.2277205,2.4997485,3.4866118,3.4278982,2.8774636,4.1349564,0.0,2.3337147,0.0,0.0,1.55318,4.657206,0.0,3.1509764,2.3337147,1.0519532,1.0519532,2.3337147,2.6421003,3.0678492,2.1345158,2.6421003,0.0,2.7666905,2.4997485,2.1345158,1.0519532,0.0,1.55318,3.365521,2.4997485,0.0,0.0,1.8855101,2.7666905,0.0,2.7666905,1.8855101,1.55318,1.8855101,1.0519532,1.8855101,2.8774636,1.55318,Myeloid
0.0,0.0,1.128976,0.0,0.0,1.128976,0.0,0.0,0.0,3.339405,0.0,2.237508,1.128976,1.128976,2.237508,2.8758166,0.0,3.4109771,0.0,0.0,0.0,1.128976,0.0,2.4390755,1.128976,1.9847825,0.0,1.6457652,0.0,1.9847825,0.0,0.0,1.6457652,2.237508,0.0,1.6457652,0.0,3.087622,2.237508,0.0,1.9847825,0.0,1.128976,0.0,3.087622,0.0,0.0,0.0,2.8758166,0.0,Lymphoid
0.0,0.0,0.0,0.0,0.0,0.0,0.0,1.749107,1.2163162,0.0,0.0,1.2163162,0.0,0.0,0.0,2.9956255,0.0,1.2163162,0.0,0.0,0.0,0.0,0.0,1.749107,1.2163162,2.3512735,0.0,0.0,0.0,0.0,0.0,0.0,0.0,0.0,0.0,0.0,0.0,1.2163162,1.749107,0.0,1.2163162,2.7244744,0.0,1.2163162,0.0,0.0,0.0,0.0,1.749107,0.0,Lymphoid
3.7713044,3.7392817,3.6719854,3.345632,3.1312594,3.4807873,2.2206755,3.7392817,3.1893125,3.2441792,2.2206755,3.8616443,0.0,3.0696275,0.0,0.8624365,2.9336457,5.156089,0.0,3.2961917,2.2206755,1.868057,2.2206755,2.8580267,3.1893125,2.5892913,1.3185108,2.9336457,0.0,2.2206755,2.3591995,1.6305684,0.0,0.0,0.0,3.0696275,2.2206755,0.0,1.3185108,2.0598288,1.868057,0.8624365,2.7762184,1.868057,1.3185108,1.868057,2.0598288,0.8624365,1.868057,1.6305684,Myeloid
0.0,0.0,1.9753652,0.937,2.4736931,1.4121145,0.0,0.0,0.0,0.0,0.937,2.7061026,4.0410013,0.0,0.0,1.4121145,1.7328829,2.4736931,4.54477,0.0,1.9753652,1.4121145,0.0,1.4121145,0.937,0.937,0.0,0.937,0.0,0.0,0.0,0.0,1.9753652,0.937,0.0,1.7328829,0.0,3.5596497,0.0,0.0,1.7328829,1.4121145,3.2518077,0.0,2.8047612,1.4121145,0.937,0.0,2.5966346,0.0,Lymphoid
0.0,4.0799,3.7609599,1.4421959,0.0,4.0799,0.0,0.0,0.0,0.0,0.0,1.4421959,0.0,3.1616628,0.0,2.0095484,3.1616628,3.0145464,0.0,0.0,0.0,0.0,0.0,0.0,1.4421959,0.0,0.0,0.0,5.453431,0.0,0.0,0.0,0.0,0.0,0.0,2.8419907,0.0,2.3693016,0.0,0.0,4.0799,0.0,0.0,0.0,0.0,0.0,0.0,0.0,3.0145464,1.4421959,Lymphoid
0.0,0.0,0.0,0.9333334,0.0,1.7279167,0.0,0.0,0.0,2.4681675,0.0,1.7279167,2.1650295,0.9333334,3.8231084,0.9333334,0.9333334,2.9712174,0.0,0.0,0.0,0.0,0.0,0.9333334,1.7279167,1.4075526,0.0,0.0,0.0,0.0,0.0,0.0,2.8888533,1.9701688,1.4075526,3.118021,0.0,1.7279167,0.9333334,0.0,1.9701688,0.9333334,1.4075526,0.0,1.9701688,0.0,0.0,1.7279167,2.4681675,0.0,Lymphoid
3.1117015,2.8826096,2.584934,3.0410128,3.2396517,3.3530722,3.1777217,1.7224818,3.297969,3.9130156,3.4052968,3.6717346,0.9293262,0.9293262,0.0,0.0,1.7224818,4.5156317,0.0,1.4025623,0.0,3.1777217,1.9644805,2.694304,2.694304,3.3530722,2.1591775,2.694304,0.0,2.4621167,2.1591775,1.4025623,0.0,0.0,1.9644805,3.8166404,1.4025623,0.0,2.1591775,1.7224818,2.584934,0.0,2.584934,2.3220751,1.7224818,2.8826096,2.1591775,2.4621167,2.7928827,1.9644805,Myeloid
3.5739186,3.4716694,3.1581242,3.8297896,2.8091145,3.2955415,3.2955415,2.9987688,3.4163368,3.6213725,1.0053275,4.1491623,0.0,2.0708053,0.0,1.0053275,2.6988356,5.0669208,0.0,2.908431,2.4333336,0.0,2.8091145,1.8242922,3.2291915,2.908431,1.4964045,2.2684088,0.0,2.6988356,2.2684088,2.0708053,0.0,0.0,1.8242922,2.4333336,2.2684088,0.0,1.0053275,2.2684088,1.4964045,0.0,2.6988356,2.0708053,2.4333336,2.0708053,1.0053275,1.0053275,3.1581242,2.4333336,Myeloid
0.0,0.0,0.0,0.6050771,0.0,1.2510988,0.0,0.0,0.9793732,2.2315116,0.0,1.6403487,0.6050771,0.0,0.0,3.0423028,0.0,2.3170133,0.0,0.0,0.6050771,0.9793732,0.0,0.9793732,2.0348556,1.9198234,0.0,0.0,0.0,0.9793732,0.0,0.0,2.9155662,1.6403487,0.0,2.5368273,0.0,1.4645448,1.2510988,0.0,1.4645448,2.13801,0.9793732,0.0,1.6403487,0.0,0.0,0.6050771,2.468787,0.0,Lymphoid
0.0,0.0,0.0,0.0,0.0,0.0,0.0,1.8767122,0.0,1.0452107,0.0,0.0,0.0,0.0,0.0,1.5450051,0.0,2.9673316,0.0,0.0,1.0452107,0.0,0.0,0.0,0.0,1.8767122,0.0,0.0,0.0,1.0452107,0.0,0.0,1.5450051,1.0452107,0.0,0.0,0.0,1.8767122,0.0,0.0,1.8767122,2.3243456,0.0,0.0,0.0,0.0,0.0,1.0452107,1.5450051,0.0,Lymphoid
3.480247,3.4450195,2.5924394,3.5142758,3.5790448,3.2902102,3.1560194,3.1069655,3.0009892,3.3312166,3.2027793,4.1036997,0.0,2.1823294,0.0,0.0,2.4082625,5.119965,0.0,2.5924394,2.882436,1.70391,3.3706076,2.3016632,2.817435,3.3706076,1.8899806,3.1560194,0.0,3.1069655,2.673195,1.4751163,0.0,0.0,2.817435,3.4450195,3.2902102,0.75322956,0.75322956,0.75322956,0.0,0.0,3.1069655,2.5924394,2.3016632,2.673195,2.5924394,2.817435,4.084969,2.0468006,Myeloid
3.0045497,2.4388845,1.5011287,3.9427052,3.1639497,2.4388845,3.3014002,3.0874224,2.5804915,4.1821246,2.9141834,3.6272933,0.0,0.0,0.0,1.009189,1.009189,5.404516,0.0,2.8148322,2.7045107,2.0761237,1.5011287,3.672604,2.7045107,4.208391,1.8293965,1.8293965,0.0,2.2738643,2.0761237,3.0045497,0.0,0.0,2.0761237,3.9083061,1.8293965,0.0,2.0761237,2.2738643,1.5011287,0.0,3.5798316,1.8293965,2.0761237,2.5804915,1.8293965,2.5804915,1.8293965,2.5804915,Myeloid
3.6611872,0.0,2.1496089,3.6611872,3.6611872,2.1496089,3.8392158,2.1496089,2.7827249,4.1215057,0.0,0.0,0.0,0.0,0.0,0.0,2.1496089,5.5848207,0.0,0.0,0.0,3.6611872,2.1496089,3.6611872,3.8392158,3.990289,3.167351,3.167351,0.0,3.4444487,2.1496089,0.0,0.0,0.0,2.1496089,4.1215057,2.7827249,0.0,2.1496089,0.0,0.0,0.0,2.1496089,2.1496089,2.7827249,2.7827249,2.1496089,3.167351,2.7827249,2.1496089,Myeloid
2.4479074,2.2461522,0.0,3.71707,2.7593625,2.4479074,2.615712,3.4871418,3.6086998,3.3487358,2.8849459,3.9038894,0.0,0.0,0.0,0.0,0.0,4.850228,0.0,1.9931309,0.0,1.6535791,0.0,1.9931309,3.1880484,3.1880484,2.8849459,2.2461522,0.0,2.615712,2.7593625,2.7593625,0.0,1.1355306,2.8849459,3.3487358,0.0,0.0,1.6535791,1.1355306,2.615712,0.0,2.7593625,2.8849459,0.0,2.4479074,2.4479074,2.2461522,3.096855,1.1355306,Myeloid
2.933797,2.933797,2.4320927,4.0749297,3.1462445,3.0803194,2.5545816,2.933797,3.423115,3.3735366,3.1462445,3.5154562,0.0,2.5545816,0.0,1.3778788,1.3778788,5.1873226,0.0,2.933797,2.2924778,2.933797,0.0,2.130158,3.0097394,3.8808143,3.0803194,2.130158,0.9095639,0.9095639,0.9095639,1.6955639,0.0,0.0,2.663691,2.8516097,1.6955639,0.0,2.2924778,2.762058,2.2924778,0.0,2.762058,2.5545816,0.9095639,2.5545816,2.5545816,2.663691,1.3778788,2.130158,Myeloid
0.0,0.0,0.0,2.2077827,0.0,2.4086921,0.0,0.0,0.0,2.8443892,0.0,3.146851,3.3072698,1.6189452,4.054714,0.0,1.1065413,2.9556878,0.0,0.0,0.0,1.1065413,0.0,0.0,2.2077827,1.9560932,0.0,0.0,0.0,0.0,0.0,0.0,0.0,1.6189452,0.0,2.4086921,0.0,1.6189452,1.1065413,0.0,0.0,2.4086921,1.9560932,0.0,2.4086921,0.0,0.0,1.1065413,2.5759113,0.0,Lymphoid
0.0,0.0,0.0,0.8717175,1.3302604,0.0,0.0,1.3302604,0.8717175,2.0738094,0.0,0.0,0.0,1.3302604,0.0,2.0738094,0.0,3.2595668,0.0,0.0,0.0,0.8717175,0.0,0.0,0.0,2.495526,0.0,0.0,0.0,0.0,0.0,0.0,1.3302604,2.0738094,1.3302604,0.8717175,0.0,0.0,0.0,0.0,0.8717175,3.1465728,1.6434609,0.0,0.8717175,0.8717175,0.8717175,1.3302604,2.6041055,0.0,Lymphoid
2.9710124,2.8713303,2.3278465,3.6381998,2.3278465,2.9710124,2.6360645,2.8713303,2.9710124,3.359246,1.0477281,3.0616524,0.0,2.7606003,0.0,1.0477281,2.3278465,4.7674885,0.0,2.3278465,2.3278465,1.0477281,2.7606003,2.4937835,2.8713303,3.5882897,2.3278465,1.5480586,0.0,1.0477281,2.6360645,2.4937835,0.0,0.0,1.5480586,2.1287868,2.1287868,0.0,2.1287868,2.1287868,2.1287868,0.0,2.1287868,2.3278465,2.1287868,2.3278465,3.0616524,2.1287868,2.4937835,2.4937835,Myeloid
0.0,0.0,0.0,0.9882858,0.0,0.0,0.0,0.0,1.4755065,2.5499432,0.0,2.4087229,2.9731224,0.0,2.9731224,2.0472412,1.4755065,2.2442274,0.0,0.0,0.0,0.0,0.0,2.2442274,0.9882858,2.0472412,0.0,0.0,0.0,1.4755065,0.0,0.0,1.4755065,3.3317044,0.0,0.0,0.0,2.4087229,2.0472412,0.0,0.0,2.4087229,1.4755065,0.0,0.0,0.0,0.0,0.0,1.4755065,0.9882858,Lymphoid
0.0,0.67595196,0.0,0.0,0.0,0.67595196,0.0,0.0,0.67595196,3.432147,0.0,2.1664479,0.0,0.0,0.0,3.8162072,0.0,3.2247622,0.0,0.0,0.0,1.075619,0.0,1.3603894,0.67595196,2.1664479,0.0,0.0,0.0,0.0,0.0,0.0,3.0579545,1.5817819,0.0,1.7629343,0.0,1.3603894,2.049153,0.0,1.916249,1.7629343,2.1664479,0.0,1.916249,0.67595196,1.075619,1.075619,3.1855955,0.0,Lymphoid
0.0,1.0402153,2.317388,1.0402153,2.1185787,2.1185787,0.0,0.0,0.0,3.524502,0.0,2.4831514,4.281698,1.8701822,3.7631981,0.0,1.5389408,3.7631981,4.229801,0.0,0.0,2.8603957,0.0,1.8701822,0.0,2.317388,0.0,0.0,0.0,0.0,1.0402153,0.0,0.0,2.317388,0.0,3.0506032,0.0,1.5389408,3.4103956,0.0,0.0,1.8701822,2.317388,0.0,2.6253047,0.0,1.0402153,0.0,2.8603957,0.0,Lymphoid
0.0,0.0,1.1070834,1.6195948,1.9567885,1.1070834,0.0,0.0,1.6195948,2.7198899,0.0,3.5088058,4.478443,2.2085037,4.019784,0.0,1.6195948,3.4462607,4.9613504,0.0,0.0,2.2085037,1.1070834,1.1070834,0.0,1.9567885,0.0,0.0,1.1070834,0.0,0.0,0.0,0.0,1.1070834,0.0,0.0,0.0,0.0,0.0,0.0,1.1070834,2.4094293,2.2085037,0.0,1.9567885,1.1070834,0.0,1.1070834,1.6195948,0.0,Lymphoid
3.9104156,1.6246499,3.2371025,4.193077,3.9104156,2.5824811,2.851086,2.851086,3.3856263,3.8252237,2.2141125,3.2371025,0.0,0.0,0.0,1.6246499,2.2141125,5.4349957,0.0,2.851086,2.851086,0.0,2.2141125,3.3856263,1.6246499,4.1295447,2.5824811,2.851086,0.0,0.0,0.0,2.5824811,0.0,0.0,2.5824811,0.0,1.6246499,1.6246499,1.6246499,2.2141125,0.0,0.0,3.3856263,2.2141125,0.0,2.5824811,1.6246499,2.5824811,1.6246499,1.6246499,Myeloid
3.6239207,3.1870651,3.1870651,4.1059685,4.257763,3.1870651,3.5312748,3.5312748,3.039773,3.9269361,3.1870651,2.657949,0.0,2.866975,0.0,0.0,1.4625027,5.393198,0.0,1.4625027,3.7087064,1.4625027,2.0325463,2.866975,2.866975,4.0497785,2.866975,3.3154216,0.0,2.3933623,3.039773,2.3933623,0.0,0.0,4.257763,3.4291608,3.8593497,0.0,0.0,1.4625027,0.0,0.0,3.9269361,2.657949,0.0,2.866975,2.3933623,1.4625027,3.1870651,2.0325463,Myeloid
3.2680426,3.8429322,3.437772,3.406053,2.3716764,4.082475,2.3716764,3.2680426,3.150395,3.5273058,2.1715958,3.498343,0.0,3.7330024,0.0,0.0,3.3043714,5.3278456,0.0,2.8060565,2.0542183,2.2766318,0.0,1.9212083,3.2680426,3.1911683,0.0,1.5864018,0.0,1.5864018,2.8060565,1.3647138,0.0,0.0,0.67881197,2.9683173,2.8060565,0.0,0.67881197,2.2766318,1.9212083,0.0,2.4584663,1.5864018,1.9212083,1.3647138,2.4584663,2.0542183,3.1078885,2.1715958,Myeloid
3.0573103,3.3331692,3.0029137,3.753418,3.2047222,3.4104636,2.945387,2.6750803,3.2493963,3.1579583,2.819339,4.159868,0.7543016,2.8843477,0.7543016,0.7543016,2.5064447,5.0082903,0.0,1.4766784,2.594313,2.8843477,1.1793478,2.6750803,2.8843477,3.3331692,1.1793478,2.5064447,0.0,2.0485642,2.594313,1.8916999,0.0,0.0,1.1793478,2.7498088,1.4766784,0.7543016,2.4101055,2.1841261,2.819339,0.0,2.819339,1.8916999,2.3034856,2.0485642,1.8916999,2.7498088,3.0029137,1.1793478,Myeloid
3.0883443,3.83088,2.3669624,4.1561003,3.0120926,3.595616,2.929543,3.2874012,3.5030465,3.595616,1.7634413,3.758439,0.0,2.929543,0.0,0.0,2.7406738,5.0371366,0.0,1.7634413,2.2032204,2.3669624,2.8395607,2.5076277,2.3669624,3.5504022,1.440226,2.0073142,0.0,0.95966613,2.2032204,2.2032204,1.440226,0.0,2.6309242,2.6309242,2.8395607,0.0,1.7634413,2.0073142,1.440226,0.0,2.0073142,2.3669624,1.7634413,1.7634413,2.2032204,2.6309242,3.0120926,1.440226,Myeloid
4.1243234,3.777002,3.7008948,3.0575476,3.197721,4.158261,3.0060883,2.833615,2.833615,3.9955568,1.846186,3.6741817,0.0,2.9518363,0.0,0.7261573,3.106488,5.1079845,0.7261573,1.846186,2.6250644,2.3612404,2.5446165,3.3584697,2.457126,3.464064,1.142388,2.2551765,0.0,3.2403948,1.846186,2.0018492,0.0,0.0,2.457126,3.559565,2.5446165,0.0,1.142388,1.142388,1.142388,0.0,2.2551765,0.7261573,1.6617434,1.4354097,2.6250644,1.846186,3.559565,1.846186,Myeloid
3.2495508,0.0,2.089348,3.9907851,3.2495508,2.452682,3.59452,2.452682,2.089348,4.53298,3.59452,3.1018448,0.0,0.0,0.0,0.0,0.0,5.0546665,0.0,2.9284763,0.0,2.9284763,1.5128881,3.3782215,2.7186136,3.9231117,2.9284763,2.089348,0.0,0.0,1.5128881,3.1018448,0.0,0.0,2.7186136,2.452682,1.5128881,1.5128881,1.5128881,2.7186136,1.5128881,0.0,3.3782215,2.452682,0.0,2.452682,3.3782215,2.7186136,3.3782215,1.5128881,Myeloid
0.0,0.0,0.0,1.7925932,2.140949,2.603616,0.0,0.0,0.0,2.7735267,0.0,2.140949,3.0454752,0.0,2.7735267,2.603616,0.0,1.2534777,4.796783,1.2534777,1.2534777,0.0,0.0,0.0,0.0,2.140949,0.0,1.2534777,0.0,0.0,0.0,0.0,0.0,0.0,1.2534777,3.0454752,0.0,2.603616,2.603616,0.0,1.2534777,1.7925932,1.7925932,0.0,2.603616,1.2534777,0.0,0.0,2.140949,0.0,Lymphoid
3.1654384,3.7917678,3.3259797,3.6940558,3.1654384,3.3975174,3.4642775,3.7441049,3.2489274,2.4263756,2.2250807,4.0380573,0.0,2.8626842,0.0,0.0,2.4263756,4.7583995,0.0,1.9727846,2.2250807,1.6345432,1.9727846,2.2250807,2.5938616,3.2489274,1.1195768,2.2250807,0.0,1.6345432,3.1654384,1.1195768,0.0,0.0,2.737279,3.9625058,2.2250807,0.0,2.4263756,2.2250807,1.9727846,0.0,2.4263756,1.1195768,0.0,2.4263756,2.4263756,2.5938616,3.2489274,1.1195768,Myeloid
4.1168823,3.8086321,4.3256106,3.2084246,2.8494868,4.498205,2.6786735,2.9608185,3.060988,3.450716,1.9607413,3.762452,0.0,3.6456025,0.8572097,0.5177742,3.450716,5.069163,0.0,2.472548,1.7488548,2.6309872,3.0922656,2.2841914,3.3839867,3.2618072,0.5177742,2.472548,0.0,3.2084246,1.8603996,2.4136183,0.0,0.0,0.8572097,3.3124838,0.0,0.0,1.7488548,1.9607413,3.060988,0.0,2.8094404,1.3118811,2.1354873,0.8572097,1.9607413,1.1101665,3.2618072,2.8494868,Myeloid
0.0,0.0,1.7587854,1.7587854,2.3618689,1.7587854,1.2245666,0.0,0.0,3.2199516,0.0,2.105118,3.9863732,1.2245666,0.0,0.0,1.2245666,1.7587854,5.2512918,0.0,2.3618689,0.0,0.0,1.2245666,1.2245666,1.2245666,0.0,1.2245666,0.0,1.7587854,0.0,0.0,0.0,0.0,0.0,0.0,0.0,0.0,1.2245666,0.0,0.0,1.7587854,2.105118,0.0,2.105118,1.2245666,0.0,0.0,0.0,0.0,Lymphoid
0.0,0.0,0.0,0.0,0.0,1.5264164,0.0,0.0,1.0299152,2.7347977,0.0,2.7347977,1.0299152,0.0,2.1045382,2.9448748,0.0,3.5090022,0.0,0.0,0.0,0.0,0.0,1.5264164,1.0299152,2.1045382,0.0,0.0,0.0,0.0,0.0,0.0,2.3029993,2.9448748,0.0,3.1183896,0.0,1.8566862,2.3029993,0.0,0.0,2.4685206,1.5264164,0.0,3.035391,0.0,0.0,0.0,2.4685206,0.0,Lymphoid
0.0,0.0,0.0,0.0,0.0,0.0,0.0,0.0,0.0,1.3677596,0.0,1.6845112,0.0,0.0,0.0,2.1182246,0.0,2.419737,0.0,0.9014905,0.0,0.0,0.0,0.9014905,0.9014905,2.920969,0.0,0.0,0.0,0.9014905,0.0,0.0,2.749366,1.6845112,0.0,0.0,0.0,1.9246993,0.0,0.0,1.6845112,2.5420883,0.0,0.0,1.6845112,0.9014905,1.6845112,0.0,0.9014905,0.0,Lymphoid
0.0,0.0,0.0,0.6709133,0.0,0.6709133,0.0,0.0,0.6709133,0.0,0.0,1.0688559,0.0,0.0,0.0,2.357095,0.6709133,2.5235083,0.0,0.6709133,0.0,0.0,0.0,0.6709133,1.7544235,1.9074868,0.0,0.0,0.0,1.7544235,0.0,0.0,2.4437592,1.5736225,0.6709133,1.9074868,0.0,1.3527554,0.0,0.0,1.0688559,0.6709133,0.6709133,0.0,1.0688559,1.3527554,1.0688559,1.7544235,2.0402017,0.0,Lymphoid
3.4940283,0.0,2.3585386,3.671274,3.1502886,2.8308072,2.3585386,2.8308072,3.1502886,4.265777,2.8308072,2.8308072,0.0,1.433137,0.0,0.0,1.433137,4.9741945,0.0,1.9992691,1.9992691,2.6222973,1.433137,2.6222973,3.0032525,4.0682216,3.4940283,0.0,0.0,1.9992691,1.9992691,1.433137,0.0,0.0,2.6222973,2.8308072,0.0,0.0,3.0032525,1.9992691,2.6222973,0.0,2.6222973,2.8308072,2.3585386,2.8308072,3.0032525,2.8308072,3.2784507,1.9992691,Myeloid
0.0,0.0,0.9950055,0.9950055,0.0,0.0,0.0,0.0,1.4837564,0.0,0.0,0.0,0.0,0.0,0.0,3.142496,0.0,2.0565512,0.9950055,0.9950055,0.0,0.9950055,0.0,1.4837564,0.0,0.0,0.0,0.0,0.0,0.0,0.0,0.0,0.0,0.0,0.0,0.9950055,0.0,2.0565512,0.9950055,0.0,0.0,0.0,0.0,0.0,1.4837564,0.0,0.0,0.9950055,1.4837564,0.0,Lymphoid
3.2003243,3.5250857,2.5471177,4.009932,3.0994813,3.7140312,2.3433619,2.7163024,3.5250857,3.3758314,2.8609626,3.920686,0.0,2.08718,0.0,1.2101682,1.2101682,4.60387,0.0,3.0994813,2.3433619,0.0,0.0,2.5471177,2.5471177,3.6549292,1.7418859,2.5471177,0.0,1.2101682,3.0994813,2.5471177,0.0,0.0,2.9873166,2.9873166,2.3433619,1.2101682,3.3758314,2.3433619,1.2101682,0.0,3.3758314,1.7418859,1.7418859,1.2101682,2.3433619,2.08718,2.5471177,2.3433619,Myeloid
0.0,0.0,0.0,0.90912116,0.0,0.0,0.0,0.0,0.0,3.4223979,0.0,1.6949587,0.0,0.0,3.145535,2.2918115,0.90912116,2.6630013,0.0,0.90912116,0.0,0.0,0.0,0.0,1.3773243,1.6949587,0.0,0.0,0.0,0.0,0.0,0.0,3.4696329,2.933095,1.3773243,3.145535,0.0,1.9356521,0.90912116,0.0,2.5538979,2.6630013,1.3773243,0.0,2.7613635,0.0,0.90912116,0.0,2.7613635,0.0,Lymphoid
3.5611215,3.0590744,2.8351228,3.5910318,2.9533548,3.2828639,1.6630415,3.7785673,3.43164,3.7024572,0.7269846,4.4846315,1.6630415,3.1992576,0.0,1.1434791,2.5460927,5.389263,0.0,3.2828639,3.360016,2.2566106,0.0,2.770315,3.7284763,3.675743,0.7269846,2.2566106,0.0,0.0,1.8475354,1.8475354,0.0,0.0,0.7269846,3.4984748,0.0,0.0,0.7269846,0.0,0.0,0.0,1.4366306,1.8475354,0.7269846,1.6630415,1.8475354,2.2566106,3.0590744,1.4366306,Myeloid
3.2657769,1.7195295,1.7195295,3.7700582,3.2657769,2.3188326,3.3890197,2.6909518,2.5221024,4.194071,3.0735521,3.7700582,0.0,1.1911765,0.0,0.0,0.76336116,5.125388,0.0,1.7195295,3.1251817,2.7657642,2.6909518,3.3890197,2.6100867,3.9832616,3.4269416,2.9615345,0.0,2.8353672,2.1992588,2.0634203,0.0,0.0,2.1992588,2.1992588,1.7195295,0.0,2.8353672,2.0634203,1.4898491,0.0,2.8353672,2.0634203,2.5221024,2.6100867,2.6100867,2.6100867,2.7657642,1.4898491,Myeloid
3.6287756,3.3202283,3.0445225,4.293499,3.5988333,3.3596034,2.4941235,2.581899,3.397487,4.073764,2.4941235,3.8164907,0.0,2.9901612,0.0,0.74721444,2.036882,4.822966,0.74721444,1.4663371,2.4941235,1.4663371,0.74721444,2.8716798,3.2364974,3.0445225,1.1700712,0.74721444,0.0,3.3202283,2.4941235,1.6945958,0.74721444,0.0,2.3978953,3.6287756,2.9326742,0.0,2.1722233,2.4941235,2.7372494,0.0,3.0960803,2.662588,0.74721444,2.3978953,2.1722233,2.581899,2.9326742,2.1722233,Myeloid
3.3556645,2.6968086,2.927166,3.6546671,3.0435705,2.9674919,1.9667904,3.593174,2.7473211,3.7494326,0.57011044,4.147023,0.0,2.1615539,0.0,1.7246886,2.5278811,5.201744,0.0,3.7849596,3.180296,2.1615539,2.1615539,3.114268,3.2718194,3.407894,0.0,2.0689063,0.0,0.0,1.1955535,1.1955535,0.57011044,0.0,0.0,4.0972004,0.0,0.0,1.4045883,0.0,0.0,0.0,2.5278811,1.1955535,1.7246886,0.57011044,2.4645739,2.324498,2.5874178,1.5773922,Myeloid
3.5493915,3.3960826,3.2475004,3.7426553,3.110362,3.6180475,2.1303468,2.3091817,3.072923,3.5728045,3.110362,3.9210205,0.0,2.8129969,0.6011407,0.0,2.1303468,4.652521,0.0,2.2237566,2.4608343,2.1303468,0.0,2.8129969,2.7622588,3.3096066,1.6333482,3.1464496,0.97395456,3.072923,2.0273042,2.2237566,0.0,0.0,2.0273042,2.592488,2.3091817,0.0,2.9073474,2.528826,2.2237566,0.0,2.9935582,1.6333482,3.0340278,1.9124109,1.9124109,2.3091817,3.1812801,2.3091817,Myeloid
3.8413565,3.7820725,3.7190511,3.2762387,3.2762387,3.5415692,2.2022178,2.914031,3.2242675,3.6517894,0.0,4.2775636,0.0,3.1694467,0.0,1.3033702,2.984256,5.6003065,0.0,3.0498714,2.8384995,1.8505578,0.0,2.914031,3.4607034,3.3256416,0.0,2.041767,0.0,0.0,2.4618714,1.8505578,0.0,0.0,0.0,3.2242675,0.0,0.0,0.8505107,0.8505107,0.8505107,0.0,2.3404486,1.8505578,1.3033702,0.0,2.4618714,1.8505578,2.8384995,1.3033702,Myeloid
0.0,3.845029,3.4349556,0.8878919,0.0,4.1576333,0.0,0.0,0.0,0.0,0.0,0.8878919,0.0,3.3382585,0.0,2.398805,3.7487988,3.1730423,0.0,0.0,0.0,0.0,0.0,0.0,2.398805,0.8878919,0.0,0.0,4.527426,0.8878919,0.0,0.0,0.0,0.0,1.905089,3.4349556,0.0,2.2596784,0.0,0.0,2.2596784,0.0,0.0,0.8878919,0.0,0.0,0.0,0.0,2.098019,0.0,Lymphoid
0.0,4.074638,4.036097,1.1706847,0.0,4.4994535,0.0,0.0,1.1706847,0.0,0.0,0.0,0.0,3.3983464,0.0,1.6953217,3.5369802,2.494939,0.0,1.1706847,0.0,0.0,0.0,0.0,1.6953217,1.1706847,0.0,0.0,5.0683894,1.1706847,0.0,0.0,0.0,0.0,2.0376554,1.1706847,0.0,3.237352,0.0,0.0,2.494939,0.0,0.0,0.0,0.0,0.0,0.0,0.0,0.0,1.1706847,Lymphoid
0.0,0.0,0.0,0.78808665,0.0,0.0,0.0,0.0,0.78808665,3.3098881,0.78808665,0.78808665,0.0,0.0,0.78808665,2.733732,0.0,3.1690345,0.0,0.0,0.0,1.2232957,0.0,2.3602383,0.78808665,2.564322,0.0,0.78808665,0.0,0.0,0.0,0.0,3.3938515,2.3602383,0.78808665,3.1173003,0.0,2.808764,1.9453275,0.0,1.9453275,0.0,1.2232957,0.0,0.78808665,0.0,0.0,1.2232957,2.878557,0.0,Lymphoid
3.0614593,3.8816388,3.633355,3.776348,3.1483514,4.01259,3.3023148,2.8611062,2.8040504,3.4039888,1.7659818,4.351406,0.6777604,3.0614593,0.0,0.0,3.3023148,4.501924,0.6777604,2.6102908,2.1697044,2.4565141,3.435706,2.679134,2.8040504,3.2282934,1.919386,1.919386,0.0,3.2282934,1.919386,2.0523572,0.0,0.0,1.3631245,3.2282934,1.3631245,0.0,2.2747161,1.5847042,2.8611062,0.0,2.3697407,1.919386,2.1697044,2.2747161,1.7659818,1.7659818,3.5533795,1.5847042,Myeloid
0.0,0.0,0.0,0.88806015,0.0,0.0,0.0,0.0,0.0,2.399065,0.0,2.728121,0.88806015,0.0,2.9752917,2.9752917,0.0,3.4802868,0.0,0.0,0.0,0.0,0.0,0.88806015,0.88806015,0.88806015,0.0,0.0,0.0,1.9053324,0.0,0.0,2.728121,3.0457478,1.666051,2.0982697,0.0,1.3508799,1.3508799,0.0,0.88806015,1.3508799,1.3508799,0.0,1.666051,0.0,0.0,0.88806015,2.0982697,0.0,Lymphoid
0.0,1.0466475,0.0,0.0,0.0,0.0,0.0,1.5467482,0.0,0.0,0.0,1.5467482,0.0,0.0,0.0,2.1273205,0.0,3.2911303,0.0,0.0,0.0,0.0,0.0,0.0,1.5467482,0.0,0.0,0.0,0.0,0.0,0.0,0.0,2.4922564,0.0,0.0,2.3263443,0.0,2.634519,0.0,0.0,2.759041,1.5467482,1.8785886,0.0,2.1273205,0.0,0.0,1.0466475,2.4922564,1.0466475,Lymphoid
3.2433114,3.6138058,2.7581758,3.1771028,3.4714484,3.7767053,0.9712438,3.1061978,3.1061978,4.315556,1.4545265,4.399623,0.9712438,3.5211868,0.0,0.0,3.4714484,5.023834,0.0,3.3638716,2.3839223,3.3054073,0.0,2.947251,3.3054073,3.8491764,0.9712438,2.2198703,0.0,2.7581758,2.2198703,3.029879,0.0,0.0,2.5248156,3.419106,1.4545265,0.0,2.0235205,1.7789583,2.3839223,0.0,3.029879,1.7789583,0.0,2.7581758,1.4545265,1.7789583,3.3054073,0.0,Myeloid
3.2208328,4.230831,3.4534035,2.9172387,2.9172387,3.5829723,2.022714,1.6813009,2.2767627,3.8005416,0.0,3.8938172,0.0,3.1295068,0.0,0.0,3.0289946,4.8504953,0.0,2.2767627,2.2767627,2.022714,2.4791696,3.0289946,2.6474237,3.8482666,2.022714,2.7914038,0.0,2.6474237,3.1295068,2.2767627,0.0,0.0,3.520285,1.158851,1.6813009,0.0,0.0,2.2767627,0.0,0.0,3.3045118,2.2767627,2.6474237,0.0,1.158851,2.2767627,2.4791696,1.158851,Myeloid
2.6561844,3.645918,3.4370503,3.4750333,3.120975,3.6768506,2.4709966,3.2219145,3.3975673,3.5116262,2.363721,4.073846,0.0,3.2219145,0.0,0.0,3.120975,5.1815543,0.0,2.8123772,2.363721,2.363721,1.2260106,2.1069138,3.3564613,2.363721,0.0,2.4709966,0.0,2.4709966,2.8123772,2.882186,0.0,0.0,0.790185,3.7068553,1.528534,0.0,1.9486237,1.528534,2.882186,0.0,2.8123772,1.2260106,2.4709966,0.790185,2.1069138,2.1069138,3.3975673,1.7604779,Myeloid
3.489359,3.489359,3.037502,3.288738,3.288738,3.037502,2.1906736,3.288738,3.211799,3.7539995,2.5581455,4.821,1.0937032,2.7011707,0.0,1.0937032,2.1906736,5.086423,0.0,1.9395939,0.0,1.0937032,2.7011707,2.1906736,2.5581455,2.9374557,0.0,2.391195,0.0,3.211799,1.603544,2.1906736,1.0937032,0.0,3.037502,3.037502,2.1906736,1.9395939,2.1906736,1.603544,2.8262758,0.0,3.211799,1.9395939,3.288738,2.1906736,1.603544,1.603544,3.5481868,1.603544,Myeloid
0.0,3.6184106,3.4968178,0.0,0.0,4.3266535,0.0,0.0,1.1423154,0.0,0.0,0.0,0.0,2.6249654,0.0,3.005987,2.255081,2.001757,0.0,0.0,0.0,0.0,0.0,0.0,0.0,0.0,0.0,0.0,5.041159,0.0,0.0,0.0,0.0,0.0,1.661657,1.661657,0.0,2.255081,0.0,0.0,2.001757,0.0,0.0,1.1423154,0.0,0.0,1.1423154,0.0,1.661657,0.0,Lymphoid
0.0,0.0,0.0,0.0,0.0,0.0,0.0,1.0128595,0.0,0.0,0.0,1.0128595,0.0,0.0,0.0,3.1694763,0.0,3.4278028,0.0,0.0,0.0,0.0,0.0,1.0128595,0.0,1.5056154,0.0,0.0,0.0,0.0,0.0,0.0,2.4441524,2.2790418,0.0,2.919641,0.0,0.0,0.0,0.0,1.5056154,1.0128595,1.8342423,0.0,1.0128595,1.0128595,1.0128595,0.0,2.4441524,0.0,Lymphoid
0.0,0.0,0.0,0.0,0.0,0.0,0.0,1.9329935,1.3750015,0.9072667,0.0,1.6924223,0.0,0.0,0.0,2.8479834,0.9072667,3.3698196,0.0,0.0,0.0,0.0,0.0,0.0,0.0,1.6924223,0.0,0.0,0.9072667,0.0,0.0,0.0,1.9329935,1.3750015,0.0,0.9072667,0.0,2.2890182,0.0,0.0,0.0,0.0,2.2890182,0.0,0.9072667,0.9072667,1.9329935,0.9072667,0.0,0.0,Lymphoid
0.0,0.0,0.0,0.7830207,0.0,1.216734,0.0,0.7830207,0.7830207,1.7495975,0.0,1.7495975,0.0,0.0,0.0,2.8000174,0.7830207,2.6439588,0.0,0.0,0.0,0.0,0.0,0.0,0.7830207,1.5182465,0.0,0.0,0.0,0.0,0.0,0.7830207,2.7250292,0.7830207,0.0,2.8697724,0.0,2.3518107,1.216734,0.0,2.45896,0.0,0.7830207,0.0,0.7830207,0.7830207,1.5182465,1.216734,1.7495975,0.0,Lymphoid
0.0,0.0,0.0,1.4671068,0.0,0.98145473,0.0,0.0,0.0,2.037752,0.0,2.5398955,0.0,0.0,0.0,2.2344856,0.0,3.7927148,0.0,0.0,0.0,0.0,0.0,0.0,0.0,1.7925934,0.0,0.0,0.0,0.98145473,0.0,0.0,2.398805,2.037752,0.98145473,0.98145473,0.0,1.4671068,0.0,0.0,2.2344856,0.0,0.98145473,0.0,0.0,0.0,0.98145473,0.0,2.037752,0.0,Lymphoid
3.0982177,2.8254669,3.0982177,3.7685416,2.6549318,3.404287,2.18991,2.18991,3.6383028,3.9367402,2.6549318,4.3863187,0.0,2.18991,1.2933023,0.0,3.0982177,5.121715,0.0,2.4492114,1.8388984,2.6549318,0.0,1.8388984,2.8254669,3.7685416,1.2933023,2.4492114,0.0,0.0,2.4492114,1.8388984,0.0,0.0,1.2933023,2.18991,2.18991,0.0,0.0,2.4492114,0.0,0.0,1.8388984,1.2933023,0.0,3.4885254,2.18991,0.0,1.8388984,2.6549318,Myeloid
2.6598635,3.2160642,2.1946213,3.2160642,2.8304567,3.2160642,2.6598635,3.2160642,2.4540582,3.888951,3.2160642,4.651059,0.0,2.4540582,0.0,0.0,2.4540582,4.6761384,0.0,2.4540582,2.1946213,2.1946213,2.4540582,3.3174052,2.1946213,3.1032827,2.6598635,2.9761453,1.2971536,1.2971536,2.4540582,2.1946213,0.0,0.0,1.2971536,2.4540582,1.8433607,1.2971536,1.8433607,2.1946213,1.8433607,0.0,3.1032827,1.2971536,0.0,2.6598635,1.8433607,1.2971536,2.9761453,1.8433607,Myeloid
0.0,0.0,1.0975467,1.0975467,0.0,1.0975467,0.0,1.0975467,0.0,0.0,0.0,1.6081591,0.0,0.0,0.0,3.3657522,0.0,3.7120123,0.0,0.0,0.0,0.0,0.0,0.0,1.0975467,1.0975467,0.0,0.0,0.0,1.0975467,0.0,0.0,2.5634737,0.0,0.0,1.6081591,0.0,1.0975467,1.6081591,0.0,0.0,0.0,1.0975467,0.0,1.0975467,0.0,1.0975467,1.0975467,2.9429245,0.0,Lymphoid
4.553183,4.553183,4.5419393,0.9524696,2.4054413,4.688889,1.6573912,2.452213,1.753765,2.9184804,0.0,2.3047745,0.0,3.9603941,0.0,0.42572582,4.083909,3.721668,0.0,2.131775,2.452213,2.1928277,3.3345501,2.859439,2.859439,2.250367,0.0,1.2956871,0.0,1.431317,1.2956871,1.8416618,0.0,0.0,0.0,3.0009804,0.0,0.42572582,1.2956871,2.7637768,2.4054413,0.42572582,2.7966917,0.0,2.7637768,0.42572582,1.431317,0.9524696,3.295998,2.0667505,Myeloid
3.6038342,4.0961185,3.921667,3.8940618,3.5260572,3.1351953,2.2243447,3.484776,3.441717,3.9485304,2.7800777,3.7102137,0.0,2.6909518,0.0,0.86481655,2.5930982,5.094972,0.0,1.8715378,2.9375424,2.7800777,0.86481655,3.6405659,2.3629267,3.9485304,1.633879,1.3215266,0.0,1.8715378,2.0634203,0.0,0.0,1.3215266,1.633879,2.8619063,2.0634203,0.0,2.7800777,2.3629267,0.0,0.0,3.1351953,2.2243447,2.0634203,1.633879,2.5930982,2.48462,2.3629267,2.2243447,Myeloid
0.0,0.0,1.7867769,0.0,2.3924584,0.0,0.0,0.0,0.0,3.9259613,0.0,1.2484938,4.4189363,0.0,3.8757055,1.2484938,0.0,2.7669816,4.357193,0.0,0.0,2.597152,0.0,1.2484938,1.2484938,2.7669816,0.0,0.0,0.0,1.2484938,0.0,0.0,0.0,2.3924584,0.0,1.7867769,0.0,2.597152,2.1347897,0.0,0.0,2.597152,1.7867769,0.0,1.7867769,1.7867769,1.7867769,1.2484938,1.7867769,0.0,Lymphoid
4.0388684,2.33153,2.33153,4.0388684,2.33153,2.33153,2.33153,3.3631854,3.6421735,3.6421735,2.33153,0.0,0.0,0.0,0.0,0.0,0.0,5.125666,0.0,0.0,3.3631854,0.0,0.0,2.33153,3.3631854,4.1904993,3.6421735,2.33153,0.0,2.33153,0.0,0.0,0.0,0.0,2.33153,0.0,0.0,0.0,2.33153,3.6421735,0.0,0.0,2.33153,0.0,0.0,2.33153,0.0,3.6421735,0.0,0.0,Myeloid
2.898817,2.5841408,2.122398,3.5640335,3.6311364,3.0254385,1.2384844,2.5841408,3.137814,3.8619335,3.137814,3.9600124,0.0,1.2384844,0.0,1.2384844,0.0,5.3553243,0.0,2.7538059,1.2384844,3.137814,0.0,2.898817,2.7538059,4.207082,2.122398,2.5841408,0.0,2.5841408,1.7750812,1.7750812,1.2384844,0.0,0.0,3.912175,1.7750812,0.0,0.0,0.0,1.2384844,0.0,2.3796868,2.3796868,1.2384844,2.898817,2.122398,2.122398,3.4145925,2.5841408,Myeloid
0.0,0.0,0.0,0.0,0.0,0.8922909,0.0,0.0,0.0,1.3562034,0.0,0.0,0.0,0.8922909,0.0,2.405593,0.0,2.5277839,0.8922909,0.0,0.0,0.0,0.0,0.0,0.8922909,1.6718762,0.0,0.0,0.8922909,0.0,0.0,0.8922909,3.0525854,2.405593,0.0,1.9114456,0.0,1.9114456,0.8922909,0.0,0.0,2.1045697,1.9114456,0.0,0.0,0.8922909,0.0,0.0,1.3562034,0.0,Lymphoid
4.1223,3.0243666,3.1985574,3.534785,3.4759817,3.275455,3.642936,3.1985574,3.0243666,4.241807,3.534785,3.3468592,0.0,2.54542,0.0,0.0,1.5925345,5.349563,0.0,2.3786645,2.1784253,2.1784253,0.0,3.1985574,3.3468592,3.9495213,2.6883016,2.3786645,0.0,1.5925345,2.3786645,0.0,0.0,0.0,2.3786645,1.9277884,3.534785,0.0,2.3786645,2.9243906,1.9277884,0.0,2.9243906,2.1784253,1.5925345,3.0243666,2.54542,2.1784253,2.1784253,2.3786645,Myeloid
3.537316,3.945068,3.8706086,3.9208589,3.5726442,3.8176987,3.1980927,3.3391116,2.7621045,3.7026591,2.2672334,3.9208589,0.0,3.2473419,0.0,0.80473053,2.9071915,5.4258537,0.0,2.5923355,2.837277,2.1302016,0.80473053,3.38202,2.5923355,3.294279,1.9713647,2.1302016,0.80473053,2.5923355,1.9713647,1.7824454,0.80473053,0.0,2.3877301,2.3877301,3.1980927,0.0,2.9725356,1.5493231,2.1302016,0.0,3.1462917,1.9713647,0.80473053,2.2672334,2.3877301,2.7621045,2.837277,1.7824454,Myeloid
0.0,0.0,0.0,1.0135299,0.0,0.0,0.0,1.0135299,0.0,2.4451134,0.0,2.4451134,1.0135299,0.0,0.0,2.082093,0.0,3.011035,0.0,0.0,1.0135299,0.0,0.0,1.0135299,0.0,2.082093,0.0,0.0,0.0,0.0,0.0,0.0,0.0,1.5064346,1.0135299,2.2799866,0.0,2.082093,0.0,0.0,0.0,2.4451134,2.082093,0.0,0.0,1.0135299,0.0,1.0135299,1.5064346,0.0,Lymphoid
0.0,0.7653235,0.7653235,1.1937344,0.0,1.4926949,0.0,0.0,0.0,3.6620157,0.0,2.5254803,0.0,0.0,1.1937344,2.7692058,0.7653235,3.0226042,0.0,0.0,0.0,1.1937344,0.0,2.2025247,0.7653235,2.3221443,0.0,0.7653235,0.0,0.0,0.0,0.0,2.7692058,3.6011508,0.7653235,2.7692058,0.0,2.3221443,2.8388243,0.0,0.0,1.9093125,1.4926949,0.0,0.7653235,1.1937344,0.0,1.4926949,0.7653235,0.0,Lymphoid
3.6703413,3.3296096,3.7400424,3.5954156,3.3791108,3.5557365,2.390654,3.1644506,3.63358,4.2137556,1.6585519,3.2775297,0.0,3.2225878,0.0,0.8826237,2.090155,5.213974,0.0,3.102724,2.9665112,2.8087742,0.0,1.89746,3.5557365,4.0550723,0.0,3.1644506,0.0,0.0,3.1644506,0.0,0.0,0.8826237,1.6585519,2.090155,0.0,0.0,0.8826237,1.6585519,1.89746,0.0,2.8907495,2.090155,0.0,1.6585519,0.8826237,1.6585519,1.3440304,1.6585519,Myeloid
0.0,0.0,1.0166714,1.0166714,2.4496143,1.5102713,0.0,0.0,0.0,3.246324,0.0,2.7154782,4.529659,1.0166714,3.8841882,1.0166714,2.086407,2.8258815,4.386754,0.0,0.0,2.8258815,0.0,2.086407,0.0,2.925299,0.0,0.0,0.0,0.0,1.5102713,0.0,0.0,2.5913558,1.0166714,0.0,0.0,1.0166714,1.0166714,0.0,0.0,2.2844107,2.925299,0.0,2.086407,1.8392692,1.0166714,0.0,0.0,0.0,Lymphoid
0.0,0.0,1.0774682,1.0774682,2.9142566,1.9186418,0.0,0.0,1.9186418,2.9142566,0.0,3.4031456,4.079519,0.0,3.8189507,1.0774682,1.0774682,3.1882849,4.8281775,0.0,1.5840108,2.3689501,0.0,0.0,0.0,2.3689501,0.0,0.0,0.0,0.0,1.0774682,0.0,0.0,1.0774682,0.0,2.168932,0.0,1.0774682,1.9186418,0.0,0.0,2.3689501,2.168932,0.0,1.5840108,1.5840108,0.0,0.0,1.5840108,0.0,Lymphoid
1.1849927,0.0,0.0,1.1849927,0.0,0.0,0.0,0.0,1.1849927,1.1849927,0.0,2.3108163,0.0,0.0,0.0,1.7122338,0.0,2.6826625,1.7122338,0.0,0.0,0.0,0.0,0.0,0.0,1.1849927,0.0,0.0,0.0,1.7122338,0.0,0.0,1.1849927,2.0556595,1.1849927,2.0556595,0.0,0.0,0.0,0.0,0.0,3.1657548,1.1849927,0.0,0.0,0.0,0.0,1.1849927,0.0,0.0,Lymphoid
0.0,0.0,0.0,0.0,2.593709,0.0,0.0,0.0,0.0,3.574087,0.0,1.245842,4.217273,0.0,3.7632823,0.0,0.0,2.9085948,4.35352,0.0,0.0,1.7836803,0.0,1.245842,0.0,2.593709,0.0,0.0,0.0,0.0,1.245842,0.0,0.0,2.9085948,0.0,0.0,0.0,1.245842,2.593709,0.0,0.0,1.245842,0.0,0.0,2.593709,1.245842,1.245842,0.0,1.245842,0.0,Lymphoid
0.0,0.0,0.0,0.0,2.850446,1.312625,0.0,0.0,1.312625,2.6796217,0.0,2.47348,4.271288,0.0,2.2135074,0.0,1.312625,2.6796217,4.835743,0.0,1.312625,1.312625,0.0,1.312625,1.312625,2.2135074,0.0,0.0,0.0,0.0,0.0,0.0,0.0,2.850446,0.0,1.312625,0.0,1.312625,1.8612592,0.0,1.312625,2.2135074,1.8612592,0.0,0.0,1.312625,0.0,0.0,0.0,0.0,Lymphoid
0.0,0.0,0.0,0.0,0.0,0.0,0.0,0.0,0.0,0.0,0.0,1.0569502,0.0,0.0,0.0,1.559231,0.0,3.0751624,0.0,0.0,0.0,0.0,0.0,0.0,0.0,2.3406425,0.0,0.0,0.0,0.0,0.0,0.0,2.3406425,0.0,0.0,1.559231,0.0,1.559231,0.0,0.0,0.0,0.0,0.0,0.0,1.8920188,0.0,1.0569502,0.0,1.0569502,0.0,Lymphoid
1.1471329,0.0,0.0,1.1471329,0.0,0.0,0.0,2.007872,0.0,1.1471329,0.0,1.6673864,0.0,0.0,1.1471329,3.0127053,0.0,3.4368255,0.0,0.0,0.0,0.0,0.0,0.0,1.6673864,1.1471329,0.0,0.0,0.0,0.0,0.0,0.0,0.0,2.6315224,0.0,1.6673864,0.0,2.463492,1.1471329,0.0,2.007872,2.2614093,0.0,0.0,0.0,0.0,0.0,0.0,1.1471329,0.0,Lymphoid
0.0,0.0,0.0,0.0,0.0,1.0049978,0.0,0.0,0.0,0.0,0.0,0.0,0.0,0.0,0.0,2.698351,0.0,2.8086262,0.0,0.0,0.0,0.0,0.0,0.0,0.0,1.8238562,0.0,0.0,0.0,0.0,0.0,0.0,2.0703511,1.8238562,0.0,2.0703511,1.0049978,1.0049978,0.0,0.0,1.0049978,1.0049978,1.0049978,0.0,2.2679427,0.0,1.4960011,0.0,2.0703511,1.0049978,Lymphoid
2.7043662,1.7313511,0.0,3.6822493,3.1220114,2.7043662,2.8927963,2.9751785,3.2500188,3.6822493,3.30836,3.6010535,0.0,0.93586856,0.0,1.4107074,0.93586856,4.9448404,0.0,2.33181,1.9737625,2.8927963,1.9737625,3.0512874,2.4719892,3.1220114,2.7043662,2.168726,0.93586856,3.30836,2.4719892,1.7313511,0.0,0.0,3.0512874,2.33181,2.8030128,0.0,2.4719892,2.168726,3.2500188,0.0,2.5949125,1.9737625,0.0,2.7043662,1.7313511,2.4719892,3.1220114,1.7313511,Myeloid
3.6499627,2.5476704,2.5476704,3.3238337,3.243579,3.3238337,1.8489773,3.8279428,3.5926962,3.6774113,0.7278692,4.357834,0.7278692,1.8489773,0.0,1.1446456,2.0047157,4.8468475,0.0,3.7555068,3.1096535,2.460156,1.8489773,3.3238337,3.6217394,3.7041266,0.0,1.6644288,0.0,1.1446456,1.4379356,1.4379356,0.0,0.0,1.1446456,4.600168,0.0,0.0,0.0,0.0,0.0,0.0,2.460156,2.1394362,2.460156,1.4379356,2.0047157,2.0047157,2.6281383,1.6644288,Myeloid
3.8300302,3.6009207,3.5718944,3.089221,2.8773975,4.106535,2.608302,2.934706,2.7518742,3.2639241,2.8166041,4.3089166,0.0,2.934706,0.0,0.0,2.6826625,4.488994,0.71686286,1.9862278,1.6471177,2.608302,0.0,1.9862278,3.2639241,3.2230256,1.1301099,0.0,0.0,2.6826625,1.6471177,2.2390046,0.0,0.0,1.4216603,3.2230256,0.71686286,0.0,2.120582,2.120582,1.9862278,0.0,3.180383,2.2390046,1.9862278,0.71686286,1.4216603,1.4216603,2.5279646,1.8309789,Myeloid
3.6751926,4.14003,4.0484915,3.8356483,3.0727658,3.1344068,2.0627007,2.861129,3.7424943,4.2824655,1.6332155,3.7094095,0.0,4.0242352,0.0,0.0,3.440919,5.6291823,0.0,2.6901834,2.6901834,2.5923355,0.0,2.6901834,3.440919,3.7745197,0.0,1.6332155,0.0,2.0627007,2.4838645,2.6901834,0.0,0.0,0.8643394,2.861129,1.3209223,0.0,0.8643394,2.2236097,1.8708403,0.0,2.5923355,2.0627007,1.3209223,2.4838645,2.36218,1.6332155,2.861129,2.2236097,Myeloid
3.1863234,2.8013096,2.4888391,3.7607272,2.5765746,3.0905802,2.9272206,3.0390365,3.1863234,3.6522353,3.1863234,4.0097246,0.74418634,1.4619083,0.0,0.0,0.74418634,4.743078,0.0,2.0318742,2.5765746,1.4619083,3.463621,2.5765746,3.0390365,3.1863234,2.2862346,1.4619083,0.0,1.8754327,2.1671202,2.4888391,0.0,0.0,0.74418634,3.8350093,1.8754327,0.0,1.4619083,2.4888391,1.4619083,0.0,2.6572297,1.6898953,1.4619083,2.2862346,2.3926592,2.3926592,2.1671202,2.4888391,Myeloid
0.0,0.0,0.0,0.0,0.0,0.0,0.0,0.0,0.0,2.8624368,0.0,0.0,0.0,0.0,0.0,3.5266032,0.0,2.140287,0.0,0.9164408,0.0,2.772823,0.0,1.3864819,0.9164408,1.7049527,0.0,0.9164408,0.0,0.9164408,0.0,0.0,2.140287,2.944676,0.0,0.9164408,0.0,0.0,1.7049527,0.0,1.3864819,0.9164408,0.0,0.0,0.9164408,0.0,0.0,0.9164408,0.9164408,0.0,Lymphoid
3.458871,2.5291548,2.1627789,4.6155014,3.458871,2.5291548,3.0075703,3.8537922,2.5291548,4.404281,2.796704,3.9322028,0.0,0.0,0.0,1.5784906,0.0,4.4941893,1.5784906,3.3298244,3.3298244,3.3298244,3.3298244,2.5291548,3.0075703,3.458871,2.796704,2.1627789,0.0,0.0,3.458871,3.3298244,0.0,0.0,2.796704,2.796704,2.5291548,0.0,1.5784906,3.0075703,0.0,1.5784906,4.0049095,1.5784906,0.0,1.5784906,3.0075703,2.1627789,2.5291548,0.0,Myeloid
3.3380222,2.1703057,2.1703057,3.4671054,2.5369806,2.9157236,3.3380222,2.8046882,3.1064973,3.4671054,2.6797662,4.76571,1.0784914,1.0784914,1.0784914,0.0,1.0784914,4.9043603,0.0,2.5369806,2.1703057,2.9157236,0.0,2.370356,2.8046882,3.8204675,2.5369806,2.370356,0.0,1.9199653,2.6797662,2.1703057,0.0,0.0,2.6797662,3.015653,2.1703057,0.0,3.1064973,2.5369806,1.5852438,0.0,2.1703057,2.1703057,1.5852438,2.370356,1.0784914,1.9199653,1.9199653,2.1703057,Myeloid
0.0,0.0,0.0,0.0,0.0,0.0,0.0,1.8785886,0.0,1.0466475,0.0,0.0,0.0,0.0,0.0,1.8785886,0.0,2.969433,0.0,0.0,0.0,0.0,0.0,0.0,1.0466475,1.5467482,0.0,1.8785886,1.0466475,2.634519,0.0,0.0,2.1273205,0.0,0.0,1.5467482,0.0,2.1273205,0.0,0.0,1.5467482,2.3263443,1.0466475,0.0,2.1273205,1.5467482,0.0,1.0466475,1.8785886,0.0,Lymphoid
0.0,3.6688292,2.7694693,0.0,0.0,4.0220833,0.0,0.0,0.0,0.0,0.0,0.0,0.0,3.3755105,0.0,3.1886563,3.1177146,3.2548969,0.0,0.0,0.0,0.0,1.4637783,0.9787507,1.4637783,1.4637783,0.0,0.0,4.9215317,0.0,0.0,1.7889872,0.0,0.0,1.4637783,0.0,0.0,1.7889872,0.0,0.0,2.033989,0.0,0.9787507,0.9787507,0.0,1.4637783,0.9787507,0.0,2.8685405,0.0,Lymphoid
0.0,3.5869915,3.294433,2.1559303,0.0,4.152842,0.9271056,0.0,0.0,1.7194668,0.0,2.1559303,0.0,3.3495288,0.0,2.4587584,3.1081934,2.5815396,0.0,0.0,0.0,0.0,0.0,0.0,1.3997948,1.7194668,0.0,0.0,0.9271056,0.0,0.0,0.9271056,0.0,0.0,1.9613243,1.9613243,0.0,2.4587584,0.0,0.0,0.9271056,0.0,0.0,0.9271056,0.0,0.0,0.0,0.9271056,0.0,0.9271056,Lymphoid
0.0,0.0,1.1329558,1.1329558,1.9898531,1.1329558,0.0,1.1329558,0.0,3.90017,0.0,2.4444406,4.255032,1.9898531,3.4834623,0.0,1.9898531,2.9928973,4.741974,0.0,0.0,0.0,0.0,1.6505108,0.0,2.7558074,0.0,1.1329558,0.0,0.0,0.0,0.0,0.0,2.4444406,0.0,0.0,0.0,1.1329558,1.6505108,0.0,0.0,2.7558074,2.8813624,0.0,2.2427588,1.6505108,0.0,1.6505108,0.0,0.0,Lymphoid
0.0,0.0,0.92087513,0.0,0.0,1.9524529,0.0,0.0,0.92087513,3.9871686,0.0,2.7797427,3.533766,0.0,2.3094537,1.7109944,0.0,3.164306,0.0,0.0,0.0,0.0,0.0,2.3094537,1.3920217,2.951668,0.0,0.0,0.0,1.3920217,0.0,0.0,1.3920217,3.5769477,0.0,0.92087513,0.0,1.9524529,1.7109944,0.0,0.0,0.0,1.3920217,0.0,0.92087513,1.3920217,0.0,0.0,2.449315,0.0,Lymphoid
3.608526,4.3006,4.2943373,2.2286472,2.6954482,4.5334706,2.4890418,2.7557583,2.4890418,3.338041,1.9438032,4.1084557,0.3787139,3.7036412,0.0,0.0,3.680697,4.2427697,0.0,1.5439905,2.1242335,1.9438032,3.5171645,2.784602,2.9175217,2.866454,0.65274715,1.8756199,0.0,2.7260578,1.3250654,1.6377623,0.0,0.0,1.6377623,3.0348291,1.802445,0.65274715,2.1242335,2.4890418,2.5626802,0.0,2.597561,1.1945362,2.4890418,0.65274715,1.802445,1.3250654,3.4894512,2.1242335,Myeloid
0.0,0.0,0.0,0.0,0.0,0.97709465,0.0,0.97709465,0.97709465,0.0,0.0,1.7867769,0.0,0.97709465,0.0,0.97709465,0.0,2.9561589,0.0,0.0,0.0,0.0,0.0,0.0,0.0,1.7867769,0.0,0.0,0.0,0.97709465,0.0,0.97709465,1.7867769,0.0,0.97709465,0.0,0.0,2.3924584,0.0,0.0,1.4617386,0.0,2.031682,0.0,1.7867769,0.0,0.0,0.0,0.97709465,0.0,Lymphoid
2.9187355,1.6179183,2.761452,3.2810247,2.8431828,3.1161978,3.2810247,2.2066429,3.2290437,3.1742117,3.2810247,4.319007,1.6179183,2.0460963,0.0,0.0,2.0460963,4.7378836,0.0,1.8547513,0.85336256,2.574728,2.0460963,2.0460963,2.761452,2.9187355,1.6179183,2.9889786,0.85336256,2.4664216,1.6179183,2.8431828,0.85336256,0.0,1.8547513,2.8431828,1.3069953,0.0,2.761452,1.6179183,3.1161978,0.0,2.8431828,2.672442,2.2066429,1.8547513,1.3069953,1.8547513,2.761452,2.0460963,Myeloid
0.0,0.0,0.0,4.378773,4.095263,0.0,3.0294106,3.0294106,0.0,4.7800493,3.0294106,0.0,0.0,0.0,0.0,0.0,0.0,5.46899,0.0,0.0,3.0294106,0.0,0.0,3.0294106,0.0,3.698089,0.0,3.698089,0.0,0.0,3.698089,0.0,0.0,0.0,3.0294106,0.0,0.0,0.0,0.0,0.0,0.0,0.0,0.0,0.0,0.0,0.0,0.0,0.0,3.0294106,0.0,Myeloid
0.0,0.0,0.0,0.0,1.1621618,1.1621618,0.0,0.0,1.1621618,3.0335834,0.0,1.6852267,4.235583,0.0,3.0335834,0.0,1.1621618,3.2254622,4.820466,0.0,2.6519043,0.0,0.0,1.1621618,0.0,2.0268989,0.0,0.0,1.1621618,0.0,1.1621618,0.0,0.0,2.2810905,0.0,2.0268989,0.0,0.0,0.0,0.0,0.0,2.2810905,2.7959301,0.0,1.6852267,2.0268989,0.0,0.0,1.1621618,0.0,Lymphoid
3.2788165,0.79588294,2.2528462,3.2788165,3.0185866,1.9575543,2.957301,2.7470634,2.957301,3.6869953,3.3236227,2.2528462,0.0,1.2333745,0.0,0.79588294,0.79588294,5.0543256,0.0,2.3731532,2.2528462,3.130925,2.665864,2.8920126,2.7470634,3.8019915,3.0185866,2.665864,0.0,2.480528,1.5366932,1.5366932,0.0,0.0,3.0185866,2.480528,2.8920126,0.0,1.5366932,1.7691028,0.0,0.0,2.1160605,2.957301,0.0,2.2528462,2.480528,2.3731532,3.130925,2.2528462,Myeloid
0.0,0.0,0.0,0.0,0.0,0.0,0.0,0.0,1.1434791,0.0,0.0,3.007611,2.2566106,1.1434791,2.8959851,2.4585907,1.6630415,2.8959851,1.1434791,0.0,0.0,0.0,0.0,0.0,2.2566106,1.6630415,0.0,0.0,0.0,1.6630415,1.1434791,0.0,0.0,2.2566106,1.1434791,2.6265504,0.0,3.1080184,1.1434791,0.0,0.0,0.0,1.1434791,0.0,0.0,1.1434791,0.0,0.0,1.1434791,0.0,Lymphoid
3.4388385,3.196654,2.0412421,3.9367402,3.196654,2.0412421,3.7184627,3.7966366,3.196654,4.1690125,1.4701952,3.0492969,0.0,2.0412421,0.0,0.0,2.0412421,4.6200833,0.0,2.6672516,2.0412421,2.4024532,2.0412421,2.4024532,2.6672516,3.7184627,2.0412421,3.4388385,0.0,1.4701952,2.4024532,2.876409,0.0,0.0,3.86914,3.3250601,2.0412421,0.0,0.0,2.4024532,0.0,0.0,2.4024532,2.6672516,1.4701952,1.4701952,1.4701952,0.0,2.876409,1.4701952,Myeloid
3.587397,3.8491292,3.5096576,1.6202991,2.347629,4.6152544,0.0,0.0,2.845979,2.048682,0.0,0.0,0.0,2.9917984,0.0,1.3091617,2.9215443,2.577471,0.0,0.8550679,2.048682,2.048682,0.0,1.3091617,0.0,1.6202991,0.0,0.0,2.2092853,0.0,0.0,0.0,0.0,0.0,2.347629,1.6202991,0.0,0.0,0.0,2.347629,0.8550679,0.8550679,2.9215443,0.0,2.577471,0.0,2.2092853,0.8550679,0.0,2.7642336,Myeloid
4.3992705,4.461697,4.481669,3.0897548,3.0628834,4.4750557,2.2760568,3.0068724,2.8513603,2.781686,1.5030283,3.8870919,0.0,4.071965,0.0,0.0,3.8381324,4.539297,0.0,2.0782611,2.214372,2.5827503,3.7997725,2.0782611,2.947537,2.1486306,0.45903552,1.3642365,0.0,3.303754,2.3341565,1.9206611,0.45903552,0.0,1.0107427,2.3341565,1.5030283,0.0,3.0068724,2.6671295,3.1414237,0.0,2.4905899,1.7334901,3.214242,1.2030287,1.7334901,1.9206611,3.3659933,2.4905899,Myeloid
0.0,0.0,0.0,0.0,0.0,0.0,0.0,0.0,0.0,1.5523481,0.0,1.78564,0.0,0.0,0.0,2.3912177,0.0,2.976179,0.0,0.0,0.0,0.0,0.8068547,0.0,0.8068547,1.5523481,0.0,0.0,0.0,0.0,0.0,0.0,1.78564,1.24752,1.5523481,0.8068547,0.0,0.0,1.24752,0.0,1.24752,1.24752,0.8068547,0.8068547,1.5523481,0.0,0.8068547,0.8068547,0.0,0.0,Lymphoid
3.2550704,4.313223,4.086165,3.633377,2.9089022,4.0490704,2.7831314,2.5586953,3.335361,2.7831314,2.8479927,3.6043246,0.0,3.1210787,0.0,0.0,2.7831314,4.383257,0.0,2.1499918,1.8590606,1.4470656,2.1499918,2.4710958,3.1210787,2.5586953,0.7340689,1.4470656,1.1528107,2.7137694,1.8590606,0.7340689,0.0,0.0,0.0,2.1499918,1.6741322,0.7340689,1.4470656,2.2688553,2.6392353,0.0,2.7137694,2.0150692,1.4470656,1.8590606,1.6741322,2.6392353,2.4710958,1.6741322,Myeloid
0.0,0.9874395,0.0,0.0,0.0,0.0,0.0,1.8005635,0.0,0.9874395,0.0,2.6724105,0.0,0.0,0.0,3.1309876,0.0,3.388922,0.0,0.0,0.0,0.0,0.0,0.0,0.0,1.8005635,0.0,0.0,0.0,0.0,0.0,0.9874395,2.243022,0.9874395,0.9874395,2.4074957,0.0,2.243022,0.0,0.0,0.0,0.0,0.9874395,0.0,0.0,0.0,0.0,0.0,2.5487,0.0,Lymphoid
3.3480182,3.1126132,2.648052,3.7274458,3.1643364,3.305163,2.3557978,1.9411254,3.1643364,3.4285834,2.7291467,4.408493,0.0,0.0,0.0,0.0,1.2198367,4.875744,0.0,2.3557978,2.0992324,2.2357209,1.7532386,2.3557978,2.8739285,3.1126132,2.3557978,2.0992324,0.7854152,2.7291467,2.0992324,2.9391494,0.0,0.0,2.8041556,3.2603889,1.7532386,0.7854152,0.7854152,2.0992324,3.305163,0.0,2.4629896,1.9411254,2.648052,2.8041556,1.7532386,2.4629896,3.5384312,1.9411254,Myeloid
0.0,0.0,0.0,0.0,0.0,1.0179114,0.0,0.0,0.0,3.0175672,0.0,3.77087,0.0,0.0,0.0,1.0179114,0.0,2.8277087,0.0,0.0,0.0,0.0,0.0,1.840903,1.5117849,2.0881083,0.0,1.0179114,0.0,0.0,0.0,0.0,2.717292,3.1004934,0.0,2.717292,0.0,0.0,1.840903,0.0,2.2861552,0.0,1.0179114,0.0,1.0179114,0.0,0.0,0.0,2.451389,0.0,Lymphoid
3.5510283,3.8315105,3.2259686,3.3464482,2.8401675,3.596243,2.3675466,3.0889595,3.2880216,3.6395016,2.8401675,3.3464482,0.0,3.3464482,0.0,1.4407178,3.3464482,4.9273143,0.0,2.6315224,1.4407178,2.3675466,3.3464482,2.3675466,2.8401675,2.6315224,0.0,2.2037938,0.0,1.7639754,2.3675466,3.2259686,0.0,0.0,1.4407178,2.007872,1.4407178,0.0,2.3675466,1.7639754,3.0127053,0.0,2.007872,1.7639754,0.0,1.7639754,2.2037938,1.7639754,3.3464482,0.0,Myeloid
3.3630958,2.8212473,2.7039902,3.2965732,2.9747963,3.4841766,3.8402004,2.8212473,2.8212473,3.7994418,3.3630958,3.9884107,0.0,1.8833796,0.0,1.0503192,1.7310197,4.714782,0.0,2.3314462,2.4178848,2.9747963,2.132301,2.4974427,2.6397674,3.3630958,1.7310197,2.3314462,0.0,2.0155656,2.132301,2.8750927,0.0,0.0,1.8833796,2.9747963,1.7310197,0.0,2.8212473,2.132301,1.5511998,0.0,2.7643363,1.8833796,2.3314462,2.4178848,2.3314462,2.132301,2.6397674,2.132301,Myeloid
0.0,3.85155,3.6337044,1.5444251,0.0,4.514034,0.0,0.0,0.0,0.0,0.0,1.0447328,0.0,3.5312748,0.0,3.5312748,3.7700145,3.3547897,0.0,0.0,0.0,0.0,0.0,0.0,1.5444251,1.0447328,0.0,0.0,5.0123253,0.0,0.0,0.0,0.0,0.0,1.0447328,0.0,0.0,0.0,0.0,0.0,0.0,0.0,0.0,1.5444251,0.0,0.0,0.0,1.0447328,0.0,1.0447328,Lymphoid
0.0,2.401844,1.4696792,0.0,2.7766607,2.2374706,0.0,0.0,0.0,3.795982,0.0,1.4696792,4.142103,2.2374706,4.2669616,0.0,0.98354566,3.3829195,4.4390683,0.0,2.401844,1.4696792,0.0,0.0,0.0,2.2374706,0.98354566,0.98354566,0.98354566,1.4696792,0.0,0.0,0.0,0.0,0.0,0.0,0.0,2.0406592,2.0406592,0.0,0.98354566,1.7953798,3.125047,0.0,2.401844,1.7953798,0.98354566,0.98354566,2.2374706,0.0,Lymphoid
0.0,4.1849823,3.2912688,0.0,0.0,4.3275123,0.0,0.0,0.0,1.9096065,0.0,2.6346526,0.0,3.116361,0.0,2.2644312,2.904236,3.5282698,0.0,0.0,0.0,1.3546014,0.0,0.8910172,1.3546014,1.6701235,0.0,0.0,3.116361,0.0,0.0,0.8910172,0.0,0.0,1.6701235,2.4036293,0.0,1.6701235,0.0,0.0,0.8910172,0.0,0.8910172,0.0,0.0,0.0,0.0,0.8910172,2.904236,0.0,Lymphoid
0.0,0.0,0.0,0.0,0.0,1.0213101,0.0,0.0,0.0,0.0,0.0,1.8453777,0.0,1.0213101,0.0,3.1821618,0.0,2.8327115,0.0,0.0,0.0,0.0,0.0,0.0,0.0,2.4562483,0.0,1.5159314,0.0,0.0,0.0,0.0,1.8453777,2.0927675,0.0,3.6911335,0.0,1.0213101,0.0,0.0,2.4562483,0.0,0.0,0.0,1.0213101,0.0,0.0,1.0213101,1.0213101,0.0,Lymphoid
0.0,1.0172348,0.0,1.0172348,0.0,1.0172348,0.0,1.5109589,0.0,2.2852032,0.0,2.08718,0.0,0.0,0.0,2.5921721,0.0,2.7163024,0.0,0.0,0.0,0.0,0.0,0.0,0.0,1.0172348,0.0,0.0,0.0,0.0,0.0,0.0,1.0172348,2.2852032,0.0,0.0,1.0172348,2.7163024,1.0172348,0.0,0.0,3.2471724,1.8400115,0.0,1.0172348,0.0,0.0,1.0172348,1.0172348,0.0,Lymphoid
0.0,0.0,0.0,1.9455675,0.0,0.0,0.0,0.0,0.0,0.0,0.0,0.0,0.0,0.0,0.0,3.0441415,0.0,2.832837,0.0,0.0,0.0,0.0,1.0983458,0.0,0.0,1.6091181,0.0,0.0,0.0,0.0,0.0,0.0,1.6091181,1.9455675,1.0983458,2.5645802,0.0,0.0,0.0,0.0,0.0,2.5645802,1.6091181,0.0,0.0,0.0,1.0983458,1.0983458,1.6091181,0.0,Lymphoid
3.3701282,3.8350115,3.3701282,3.4875517,3.041152,3.4875517,3.0835245,2.9969046,2.6161036,3.5148728,2.7404573,3.8152494,0.0,2.7404573,0.0,0.6449434,1.7100786,5.049249,0.0,2.1098535,2.3946784,2.6161036,2.9506085,3.1241739,1.5311556,3.7535064,2.7404573,2.4740605,0.0,2.2140722,2.2140722,2.4740605,0.0,0.0,2.3946784,2.7972782,3.041152,0.0,3.400802,2.1098535,2.3946784,0.0,2.7972782,2.2140722,0.6449434,2.2140722,2.4740605,2.547602,3.6876988,1.9934962,Myeloid
2.841028,4.096936,2.841028,4.1406646,3.3282304,3.3282304,2.670312,3.3282304,3.504558,3.582286,2.9868057,4.2986474,0.0,2.670312,0.0,0.0,2.464328,4.2227726,0.0,1.8528216,2.464328,1.3053269,0.0,2.841028,2.841028,2.841028,2.464328,1.8528216,0.0,0.0,2.2046068,2.670312,0.0,0.0,3.7216713,3.1140113,0.0,0.0,1.3053269,2.2046068,2.670312,0.0,3.1140113,1.8528216,1.3053269,2.464328,1.8528216,1.8528216,3.3282304,2.464328,Myeloid
3.666542,4.283149,3.9779992,3.3601398,2.8722038,3.8343477,1.9950724,3.211761,2.8722038,3.211761,1.9950724,3.3873456,0.0,2.958244,0.0,0.584499,2.916149,5.053963,1.2185488,2.0976286,2.558109,2.3541431,1.2185488,1.9950724,2.3541431,1.7517273,0.9509564,2.617795,0.584499,1.9950724,2.4946332,2.2757287,0.584499,0.0,0.9509564,3.0748386,1.4294419,0.0,0.0,2.2757287,2.3541431,0.0,2.2757287,2.4268534,2.727438,1.4294419,1.8807838,1.4294419,3.1456416,1.7517273,Myeloid
3.2248619,2.7639012,2.4970164,3.296126,1.8829856,3.0650113,3.0650113,3.1481273,3.8595185,3.7345552,2.1318917,3.7779682,0.0,2.1318917,0.0,0.0,1.8829856,5.1027746,0.0,2.4970164,2.6393359,2.9743555,0.0,2.1318917,1.5508338,3.5391781,1.5508338,2.4970164,0.0,1.0500172,1.5508338,2.4970164,0.0,0.0,2.8746545,3.0650113,2.7639012,0.0,2.1318917,1.5508338,1.8829856,0.0,2.9743555,1.5508338,2.4970164,1.0500172,2.3310268,1.5508338,2.8746545,1.5508338,Myeloid
0.0,0.0,0.0,0.7404372,0.0,1.4564164,0.0,0.0,0.0,2.1607869,0.0,1.4564164,0.0,0.0,0.0,2.650578,0.0,2.4822798,0.0,0.0,0.0,0.0,0.0,0.7404372,1.1611814,0.7404372,0.0,0.0,0.0,0.0,0.0,0.0,2.1607869,2.3861601,0.7404372,1.4564164,0.0,2.3861601,2.5699654,0.0,0.7404372,0.7404372,1.4564164,0.0,0.0,0.7404372,0.7404372,0.0,2.7251744,0.0,Lymphoid
3.154151,4.211188,3.545289,3.494204,3.154151,3.3834684,3.154151,3.4403682,3.225206,3.6402392,2.0671794,3.787381,0.0,3.154151,0.0,0.6220876,2.6949651,5.432772,0.0,2.350512,2.5710368,2.5027928,2.6949651,2.5710368,3.1166358,2.9506862,1.951564,0.6220876,0.0,2.5027928,2.1708024,2.4295483,0.0,0.0,1.2777171,3.6173334,1.6703568,0.0,2.2646887,1.6703568,1.6703568,0.0,2.805215,1.002698,1.6703568,1.8208127,2.4295483,1.951564,2.8560932,1.951564,Myeloid
3.4296768,3.152736,3.2399848,3.4296768,3.1060803,2.7684133,2.8940687,2.8940687,3.3202283,3.9753108,2.8332133,3.4965076,0.725937,2.1361368,0.0,0.0,1.1420975,5.120386,0.0,2.4567358,2.6246686,2.7684133,0.725937,3.0571408,2.5442233,3.776585,2.00148,2.2547944,0.0,0.0,2.8332133,0.0,0.0,0.0,1.8458267,0.725937,2.5442233,0.0,1.6613977,1.1420975,0.0,0.725937,2.7684133,2.1361368,1.4350846,2.8940687,2.7684133,2.00148,0.725937,2.4567358,Myeloid
0.0,0.0,0.0,0.7528135,0.7528135,0.0,0.0,0.7528135,0.0,0.7528135,0.0,1.4745098,0.0,1.1774017,0.0,2.503863,0.0,2.407547,0.0,0.0,0.0,0.0,0.0,0.7528135,1.1774017,1.7032667,0.0,0.0,0.0,0.0,0.0,0.0,0.7528135,2.1816316,0.7528135,1.1774017,0.0,1.889313,1.4745098,0.7528135,0.0,0.0,0.0,0.0,0.7528135,0.7528135,0.0,0.7528135,1.889313,0.0,Lymphoid
3.2229252,3.040222,3.1357403,3.629026,3.2229252,3.44645,3.040222,2.608205,3.541899,3.089121,3.1802824,4.0890265,0.0,1.6470331,2.4405093,0.0,2.1204898,4.8906045,0.0,1.6470331,1.8308909,2.1204898,3.34092,1.6470331,2.2389112,3.089121,0.7168093,1.8308909,0.0,3.3031144,2.3447819,2.608205,0.0,0.0,1.4215808,3.089121,1.4215808,0.0,2.8165057,1.8308909,3.040222,0.0,2.4405093,1.6470331,1.8308909,1.6470331,2.8165057,2.682565,3.2638233,1.4215808,Myeloid
0.0,0.0,0.0,0.89365375,0.0,0.0,0.0,0.89365375,0.0,1.6737508,0.0,0.0,0.0,0.0,0.0,2.8263946,0.0,2.2684345,0.0,1.6737508,0.0,0.0,0.0,0.89365375,1.3579172,1.6737508,0.0,0.0,0.0,0.89365375,0.0,0.0,2.8263946,1.3579172,0.89365375,1.3579172,0.0,2.407693,0.89365375,0.0,2.6387994,2.6387994,0.89365375,0.0,1.3579172,0.89365375,0.0,1.3579172,2.8263946,0.0,Lymphoid
0.9670818,0.0,0.0,0.0,2.377836,0.0,0.0,0.0,0.0,1.7733872,0.0,3.2368677,4.1160984,0.0,0.0,0.0,1.44939,2.518648,0.9670818,0.9670818,2.017703,1.7733872,0.0,0.9670818,0.0,0.9670818,0.0,0.0,0.0,0.9670818,0.9670818,0.9670818,0.0,0.0,0.0,2.017703,0.0,0.0,1.44939,0.0,0.0,0.0,2.9408977,0.0,2.017703,1.44939,0.0,0.0,0.9670818,0.0,Lymphoid
0.0,0.0,0.0,0.0,0.0,1.0126362,0.0,0.0,0.0,2.2787268,0.0,3.0097008,0.0,1.0126362,0.0,3.0925949,0.0,3.1691403,0.0,0.0,0.0,1.5053426,0.0,1.8339477,1.8339477,2.0808647,0.0,0.0,1.0126362,0.0,0.0,0.0,3.240241,1.5053426,0.0,0.0,0.0,0.0,0.0,0.0,0.0,2.443832,1.5053426,0.0,1.5053426,0.0,0.0,0.0,1.5053426,0.0,Lymphoid
0.0,3.7552507,3.2599013,1.9826195,0.0,3.9737046,0.0,0.0,0.0,0.0,0.0,0.0,0.0,2.6044276,0.0,2.8734503,2.6044276,2.8734503,0.0,0.0,0.0,0.0,0.0,0.0,0.0,0.0,0.0,0.0,0.0,0.0,0.0,0.0,0.0,0.0,1.1272798,1.6437415,0.0,0.0,0.0,0.0,1.6437415,0.0,1.1272798,1.6437415,0.0,0.0,0.0,0.0,2.436787,1.1272798,Lymphoid
0.0,0.0,0.0,1.0189285,0.0,1.0189285,0.0,0.0,1.0189285,2.8292067,0.0,1.0189285,0.0,1.5130261,0.0,2.718779,1.0189285,2.718779,0.0,0.0,0.0,1.5130261,0.0,1.5130261,1.0189285,2.452844,0.0,0.0,0.0,0.0,0.0,0.0,2.0895033,1.5130261,1.0189285,3.812327,0.0,2.0895033,1.8422426,0.0,1.5130261,1.8422426,1.0189285,0.0,1.5130261,1.0189285,0.0,1.0189285,3.019081,0.0,Lymphoid
0.0,2.9333866,2.3589518,1.3183103,0.0,3.3924782,0.0,0.0,0.5213354,1.1160676,0.0,1.3183103,0.0,2.686861,0.0,2.5890381,2.6391454,2.969154,0.0,0.0,0.0,0.0,0.0,0.8622782,1.4864511,1.6303481,0.0,0.8622782,0.0,0.0,0.8622782,0.0,1.1160676,0.5213354,0.5213354,0.8622782,0.0,1.4864511,0.5213354,0.0,1.1160676,2.686861,0.0,0.5213354,0.5213354,0.0,0.5213354,0.5213354,2.2204313,1.1160676,Lymphoid
0.0,0.0,0.0,0.812461,0.0,0.812461,0.812461,0.0,0.0,3.1596372,0.0,2.400399,2.400399,0.0,4.1135826,2.985768,0.0,3.2114682,0.0,0.0,0.812461,1.2547307,0.0,0.812461,1.2547307,2.1424963,0.0,0.0,0.0,0.812461,0.0,0.0,3.2114682,2.279739,0.0,1.5603193,0.0,2.8504066,2.1424963,0.0,2.6052396,0.0,1.9833759,0.0,2.279739,0.0,0.812461,1.2547307,3.3525615,0.812461,Lymphoid
3.2249243,2.1096678,1.5309899,3.5499718,3.0693972,1.5309899,3.5146675,3.0693972,2.7402594,4.076927,2.8851454,3.9221897,0.0,1.9513124,0.0,0.0,0.7918985,4.792071,0.0,1.5309899,2.815324,2.8851454,0.0,2.570766,2.1096678,3.6799061,2.1096678,1.9513124,0.0,0.0,1.9513124,1.7630743,0.0,0.0,1.9513124,2.815324,2.1096678,0.0,2.3665612,2.1096678,0.0,0.0,2.570766,3.1239717,0.0,2.473867,1.9513124,3.0116713,0.7918985,2.1096678,Myeloid
3.5065596,2.6081634,1.5244461,3.5590467,2.7324433,2.6081634,3.1159832,2.8429713,3.1159832,3.26378,3.3302202,4.1568575,0.0,1.5244461,0.0,0.0,1.5244461,4.910612,0.0,2.4662163,1.5244461,2.3007333,1.5244461,2.7324433,2.3007333,3.6089158,2.9424896,1.5244461,0.0,3.0329943,2.7324433,3.3302202,0.0,0.0,3.6564155,3.0329943,1.8545619,0.0,3.1926098,2.1023276,0.0,0.0,3.0329943,1.8545619,0.0,2.7324433,2.9424896,2.6081634,3.6564155,1.8545619,Myeloid
0.8811307,0.8811307,0.0,0.8811307,0.0,0.8811307,0.0,0.8811307,0.8811307,3.100291,0.0,1.3421477,0.0,0.0,0.0,0.8811307,1.3421477,2.2493703,0.0,0.8811307,0.0,0.0,0.0,0.0,1.8952947,1.3421477,0.0,0.0,0.0,0.8811307,0.0,0.0,1.8952947,1.3421477,0.8811307,2.0879226,0.0,0.0,0.0,0.0,0.0,0.0,0.8811307,0.0,0.0,0.0,0.0,1.3421477,0.0,0.0,Lymphoid
0.0,0.9952205,0.9952205,0.9952205,0.0,2.0568485,0.0,0.0,0.9952205,2.9835851,0.0,0.9952205,3.2801518,1.8109021,3.4561832,3.2138426,1.8109021,2.5601103,3.4561832,0.9952205,0.0,0.0,0.0,2.6839328,1.4840201,2.2540882,0.0,0.9952205,0.0,0.0,0.0,0.0,2.2540882,2.7940986,0.0,0.9952205,0.0,1.4840201,1.4840201,0.0,0.0,0.9952205,1.4840201,0.0,2.41876,0.0,0.0,0.9952205,1.4840201,0.0,Lymphoid
0.0,0.0,1.4597057,0.9754447,0.0,1.4597057,0.0,0.0,0.0,3.6636634,0.0,3.2498004,4.016877,0.0,3.7449918,0.0,1.4597057,3.3119123,1.4597057,0.0,0.0,1.4597057,0.0,1.7845736,0.9754447,2.654563,0.0,0.0,0.0,0.0,0.0,0.0,0.0,2.0293825,0.0,0.9754447,0.0,0.0,3.0363057,0.0,0.0,2.225891,1.4597057,0.0,0.0,1.4597057,0.9754447,0.0,1.4597057,0.0,Lymphoid
3.649928,3.1562827,2.6019955,4.3623586,3.4332616,3.4332616,2.7718859,3.510818,3.0438085,4.0246153,1.2522275,2.3972137,0.0,3.0438085,0.0,1.2522275,2.1394048,5.0650096,0.0,3.0438085,3.2573757,1.2522275,2.7718859,3.0438085,2.3972137,3.510818,2.1394048,1.7911348,0.0,1.7911348,2.6019955,2.6019955,0.0,0.0,3.1562827,3.3491807,1.2522275,0.0,2.6019955,1.2522275,0.0,0.0,3.0438085,2.1394048,0.0,2.3972137,2.3972137,2.1394048,2.7718859,2.1394048,Myeloid
0.0,0.0,1.0108538,1.5031642,0.0,1.5031642,0.0,0.0,1.0108538,2.582912,0.0,2.2762134,3.5823772,0.0,3.8383033,1.5031642,1.5031642,2.9166598,0.0,0.0,0.0,0.0,0.0,1.0108538,1.5031642,2.8172941,0.0,1.0108538,1.0108538,0.0,0.0,0.0,2.0784142,3.1664577,0.0,2.582912,0.0,1.5031642,1.8315952,0.0,0.0,1.5031642,2.441275,0.0,2.9166598,0.0,1.5031642,0.0,0.0,0.0,Lymphoid
0.0,4.154271,3.5884032,1.1921343,0.0,4.2125573,0.0,0.0,0.5679815,1.4008887,0.0,0.9279832,0.0,3.5228887,0.5679815,3.2375188,3.2375188,3.1095803,0.0,0.0,0.0,0.0,0.0,0.0,1.4008887,1.1921343,0.0,0.0,4.578337,0.0,0.0,0.5679815,0.0,0.0,1.4008887,1.1921343,0.0,2.0646212,0.0,0.0,1.5735012,0.0,0.0,0.5679815,0.0,0.0,0.0,0.0,2.0646212,1.1921343,Lymphoid
3.5939465,2.1817312,2.382047,3.833075,3.4795938,2.816801,3.4795938,2.382047,2.927918,4.425411,3.5384037,2.6917758,0.0,1.9309742,0.0,0.0,0.0,4.945521,0.0,2.6917758,2.5488553,1.9309742,0.0,3.2021327,2.927918,4.4016056,3.7896066,2.382047,0.0,0.0,1.9309742,1.0870149,0.0,0.0,2.382047,1.5955048,1.5955048,0.0,1.0870149,2.382047,0.0,0.0,3.2790415,1.5955048,0.0,2.5488553,1.5955048,1.9309742,1.0870149,1.5955048,Myeloid
3.5581543,2.3204572,2.441634,3.6974492,3.0287864,3.3043013,3.254939,2.6472206,3.4804833,3.9789155,3.3962672,3.7905035,0.83788604,0.83788604,0.0,0.0,1.8319255,4.8434124,0.0,2.022524,1.5962365,2.441634,2.6472206,2.441634,2.817664,3.6302252,2.7360692,1.8319255,0.0,2.5497012,1.8319255,1.5962365,0.0,0.0,1.2872888,3.1482422,2.7360692,0.0,0.83788604,1.2872888,0.83788604,0.0,3.0287864,1.8319255,2.022524,2.6472206,2.022524,2.3204572,2.7360692,2.817664,Myeloid
4.7957015,4.615919,4.473112,2.317194,2.3688624,4.5327034,2.3688624,2.009129,2.3688624,3.4887817,2.143936,3.1837435,0.0,4.2991776,0.4305273,0.4305273,4.088485,4.1326,0.0,2.3688624,2.143936,2.7766998,2.59343,2.8415346,3.0903451,3.3287492,1.7651784,1.441826,0.7305088,0.4305273,2.2627099,1.5616077,0.0,0.0,1.8532752,2.8415346,1.5616077,0.0,1.9342353,2.3688624,1.1481239,0.0,2.4179919,0.96096003,1.305719,1.8532752,1.6685643,1.305719,2.9024203,1.9342353,Myeloid
3.4850426,1.8717705,1.3217283,3.4419832,3.349868,2.9378028,3.008119,2.7803357,3.008119,4.264402,3.1354585,3.7755938,0.0,1.8717705,0.0,0.0,0.0,5.05222,0.0,3.008119,2.4848723,2.6912081,0.86497575,2.5933526,2.7803357,3.9219365,2.6912081,2.0636604,0.0,0.0,2.0636604,1.6341004,0.0,0.0,1.6341004,3.1354585,1.6341004,0.0,2.9378028,2.0636604,2.5933526,0.0,2.8621655,0.86497575,2.3631759,2.8621655,2.3631759,2.5933526,1.8717705,2.3631759,Myeloid
0.0,1.485208,1.812187,1.485208,2.6853638,2.0581882,0.0,0.0,0.0,1.485208,0.0,3.144292,4.332698,1.485208,4.0787234,0.0,1.485208,2.7955406,5.041583,0.0,2.7955406,0.0,0.0,0.0,0.0,1.485208,0.0,0.0,0.0,1.485208,0.0,0.0,0.0,0.0,0.0,0.9961889,0.0,0.9961889,1.812187,0.0,0.0,0.0,2.6853638,0.0,2.2554631,0.9961889,0.0,0.0,0.9961889,0.0,Lymphoid
2.5843675,0.0,0.0,4.027974,3.4543355,2.5843675,3.6313748,3.6313748,1.9639536,4.390204,2.964363,3.4543355,0.0,0.0,0.0,0.0,0.0,5.0381613,0.0,1.9639536,2.5843675,2.5843675,0.0,3.2390628,3.4543355,4.4634256,3.6313748,2.5843675,0.0,1.9639536,0.0,1.9639536,0.0,1.9639536,1.9639536,2.5843675,2.5843675,0.0,0.0,2.5843675,2.964363,0.0,3.4543355,2.5843675,0.0,2.964363,2.5843675,0.0,2.964363,1.9639536,Myeloid
0.0,0.0,0.0,0.0,2.8347204,2.002865,0.0,0.0,1.4363048,3.6753263,0.0,0.0,4.8859053,0.0,0.0,0.0,1.4363048,0.0,5.000153,0.0,2.3623042,1.4363048,0.0,1.4363048,0.0,2.626154,0.0,0.0,0.0,0.0,0.0,0.0,0.0,0.0,0.0,2.002865,0.0,0.0,3.0072045,0.0,1.4363048,2.3623042,2.626154,0.0,1.4363048,2.3623042,0.0,0.0,0.0,0.0,Lymphoid
4.1076007,3.3170211,2.033989,3.7103257,2.6594925,3.532886,2.033989,3.7103257,2.6594925,3.9918716,3.0413535,3.8609746,0.0,0.0,0.0,0.0,3.0413535,4.991652,0.0,2.033989,2.033989,0.0,0.0,3.3170211,2.033989,3.7103257,2.6594925,2.6594925,2.033989,0.0,0.0,2.6594925,0.0,0.0,0.0,3.3170211,0.0,0.0,3.0413535,0.0,3.3170211,0.0,0.0,2.033989,2.6594925,2.6594925,2.6594925,0.0,3.0413535,0.0,Myeloid
3.594305,2.4898527,2.0328345,3.990568,3.7090302,2.6582575,3.392987,3.315741,2.0328345,4.1420736,2.4898527,3.1406548,0.0,1.1668626,1.1668626,0.0,1.6907967,5.3419447,0.0,2.8023477,3.1406548,3.040089,0.0,3.6533117,2.0328345,3.7090302,4.0691876,2.2872279,0.0,2.0328345,1.1668626,1.6907967,0.0,0.0,2.6582575,2.4898527,3.1406548,0.0,2.4898527,2.6582575,1.1668626,0.0,2.2872279,1.6907967,2.0328345,2.4898527,3.040089,2.6582575,2.2872279,2.2872279,Myeloid
0.0,0.0,0.0,0.0,0.0,0.0,0.0,0.0,0.0,0.0,0.0,0.0,0.0,1.4612298,0.0,1.7862254,0.0,3.2517085,0.0,0.0,0.9766816,0.0,0.0,0.0,0.9766816,1.7862254,0.0,0.9766816,0.0,0.0,0.0,0.0,2.8654125,1.4612298,0.9766816,2.5328555,0.0,2.0311065,0.9766816,0.0,1.4612298,0.9766816,2.2276616,0.0,1.4612298,0.0,0.0,0.0,2.2276616,0.0,Lymphoid
0.0,0.0,0.0,0.9889215,0.0,0.0,0.0,0.0,0.0,1.8025347,0.0,1.4762875,0.0,0.0,0.0,2.5508766,0.0,0.9889215,0.0,0.0,0.0,0.0,0.0,0.9889215,1.8025347,0.0,0.0,0.0,0.0,0.0,0.0,0.0,2.9740832,0.9889215,0.9889215,0.9889215,0.0,0.0,0.9889215,0.0,0.9889215,2.9740832,0.0,0.0,0.0,0.0,0.9889215,0.9889215,1.4762875,0.0,Lymphoid
3.0368092,3.1563108,3.0368092,3.7056699,3.2630439,3.098344,3.0368092,2.8255913,2.901064,3.9871871,2.029842,4.0808096,0.0,1.6029629,0.0,1.2933983,1.6029629,4.7987156,0.0,2.3280613,2.3280613,2.8255913,1.6029629,3.098344,2.901064,3.6384315,2.029842,1.8390096,0.0,2.901064,1.6029629,1.6029629,0.0,0.0,2.029842,2.9712381,2.029842,0.0,2.029842,2.4493322,0.8426771,0.0,3.098344,2.901064,0.0,2.6550548,2.1900275,3.098344,2.6550548,2.1900275,Myeloid
0.0,0.0,0.0,0.0,0.0,0.0,0.0,1.2164832,1.2164832,1.2164832,0.0,1.7493031,0.0,0.0,0.0,3.7227988,0.0,2.995851,0.0,0.0,0.0,0.0,0.0,0.0,0.0,0.0,0.0,0.0,0.0,0.0,0.0,1.2164832,1.2164832,2.0950553,0.0,0.0,0.0,2.5554028,0.0,0.0,2.0950553,0.0,2.3514884,0.0,0.0,0.0,1.2164832,0.0,0.0,0.0,Lymphoid
3.9635458,4.087583,3.8850849,3.5486689,3.128918,4.349921,1.9400191,3.171465,2.4786053,3.6568623,1.9400191,3.128918,0.68971497,3.8219151,0.0,0.68971497,3.6821756,4.9767776,0.0,2.6326737,3.0844798,2.4786053,0.0,2.8838787,3.0379748,2.1911147,0.68971497,2.2963986,0.0,1.7860326,2.3916461,2.0734274,0.0,0.0,0.0,1.0940334,2.1911147,0.0,0.0,1.3811415,0.0,1.0940334,2.0734274,2.1911147,1.6039407,1.3811415,2.1911147,1.9400191,1.0940334,2.3916461,Myeloid
2.8043237,2.4286833,1.8200177,4.0128756,3.6164103,1.2770329,2.9497871,3.3825521,2.8043237,4.0128756,3.8617337,3.2906322,0.0,0.0,0.0,0.0,1.2770329,5.349318,0.0,2.9497871,0.0,3.0767531,2.4286833,2.4286833,3.1894,3.8058116,3.6164103,2.634039,0.0,1.2770329,2.4286833,1.2770329,0.0,0.0,3.3825521,1.8200177,2.1699622,1.2770329,2.1699622,2.1699622,3.6836097,0.0,3.1894,1.8200177,1.2770329,3.2906322,2.4286833,2.1699622,2.8043237,2.4286833,Myeloid
0.0,0.92278963,1.7135998,0.0,0.0,2.684215,0.0,0.0,0.0,0.0,0.0,1.7135998,3.9325686,1.7135998,3.8392158,0.92278963,1.9551815,2.1496089,0.0,0.0,0.0,0.92278963,0.0,0.92278963,2.1496089,2.3123176,0.0,0.92278963,0.0,0.0,0.0,0.0,0.0,2.684215,0.0,1.3944114,0.0,3.101362,2.1496089,0.0,2.7827249,2.45222,0.92278963,0.0,1.9551815,0.92278963,0.0,0.92278963,2.3123176,0.0,Lymphoid
2.5799725,2.4716167,2.2116952,3.590029,3.1216226,2.4716167,3.2864876,2.2116952,2.8485286,3.7614584,2.6777265,3.0600188,0.0,1.3111382,0.0,0.0,1.3111382,5.478615,0.0,2.3500772,2.9241054,2.6777265,1.8595409,3.2864876,2.3500772,4.2692814,3.6963692,2.0510402,0.0,1.3111382,2.5799725,2.8485286,0.0,0.0,2.9241054,2.6777265,2.3500772,0.8566245,2.9241054,2.4716167,1.6224709,0.0,2.5799725,2.0510402,0.0,2.2116952,2.6777265,2.4716167,2.76677,2.3500772,Myeloid
0.0,0.77649826,0.0,1.2082716,0.0,1.5088527,0.0,0.0,0.77649826,1.7396566,0.0,1.7396566,0.77649826,0.0,0.0,3.4506228,0.0,2.3409183,0.0,0.0,0.0,0.0,0.0,1.9270525,1.5088527,1.2082716,0.0,0.0,0.0,0.0,0.0,0.0,1.7396566,1.9270525,0.0,2.0848122,0.0,1.5088527,1.5088527,0.0,0.0,3.244574,0.0,0.0,0.0,0.0,0.0,0.0,0.0,0.0,Lymphoid
2.8276181,1.3588834,0.0,3.4456725,2.9096878,2.5311046,2.640007,3.1218731,2.8276181,3.3984754,0.0,4.2945075,0.0,1.3588834,0.0,0.0,0.89442235,4.8980255,0.0,1.9145212,2.2696004,1.9145212,2.107739,2.2696004,3.0560234,3.6530964,2.98553,2.107739,0.0,2.2696004,2.107739,2.640007,0.0,0.0,2.2696004,3.4907422,1.9145212,0.0,2.4088764,1.3588834,2.98553,0.0,1.6748074,2.2696004,1.3588834,2.738206,1.6748074,1.6748074,3.3489397,2.107739,Myeloid
3.5630853,3.8914242,3.7653947,1.7483879,2.688442,4.3079634,2.5336733,2.1870496,1.9915814,3.5630853,2.4462686,3.8360982,0.7200416,3.1642992,0.0,0.0,2.7905834,3.4854023,0.0,1.6521285,1.7483879,2.8224366,2.4462686,1.6521285,2.688442,3.1863282,0.42347482,0.9484783,0.0,0.7200416,1.8361899,2.1260424,0.0,0.0,0.0,2.651937,0.0,0.0,2.4462686,0.0,1.4263694,0.42347482,2.350486,0.7200416,1.2909657,1.4263694,1.5456064,2.0610702,2.350486,1.4263694,Myeloid
0.0,0.0,1.054872,0.0,2.9814343,1.054872,0.0,0.0,1.054872,3.072123,0.0,1.5567153,4.54945,1.889313,3.7852566,0.0,0.0,3.3698483,3.7852566,0.0,0.0,1.5567153,0.0,0.0,0.0,2.3377628,0.0,0.0,0.0,0.0,1.054872,0.0,0.0,3.072123,0.0,1.054872,0.0,1.5567153,3.072123,0.0,0.0,2.503863,1.054872,0.0,2.1384685,1.889313,1.054872,1.054872,0.0,0.0,Lymphoid
3.3014917,2.870333,3.1089718,3.5347307,3.3854294,2.3523483,3.6646097,2.3523483,3.2098577,4.1773677,3.1089718,2.5562794,0.0,1.2171524,0.0,0.0,1.7500885,5.5883203,0.0,1.2171524,2.5562794,1.7500885,0.0,2.7255845,3.1089718,4.101633,3.6646097,0.0,0.0,1.2171524,2.3523483,2.3523483,0.0,0.0,3.462864,2.7255845,3.3014917,0.0,2.3523483,3.1089718,1.2171524,0.0,2.095889,0.0,2.5562794,1.7500885,2.3523483,3.1089718,2.5562794,2.095889,Myeloid
0.0,0.0,0.0,1.7556105,0.0,2.3583941,0.0,0.0,0.0,0.0,0.0,1.7556105,3.8389425,1.7556105,3.9369748,2.1017494,0.0,2.5624423,0.0,0.0,0.0,0.0,0.0,0.0,1.7556105,2.5624423,0.0,0.0,0.0,0.0,0.0,0.0,0.0,3.8891594,1.7556105,0.0,0.0,0.0,1.2218587,0.0,2.1017494,0.0,1.7556105,0.0,3.0031009,1.2218587,1.2218587,1.2218587,3.4693346,0.0,Lymphoid
0.0,0.0,0.0,0.0,0.0,2.2090447,0.0,0.0,1.6200824,2.5772214,0.0,1.6200824,2.5772214,1.6200824,3.623849,0.0,0.0,2.8457246,0.0,0.0,0.0,2.5772214,0.0,1.6200824,0.0,3.0571816,0.0,0.0,0.0,0.0,0.0,0.0,3.0571816,2.5772214,0.0,2.2090447,0.0,0.0,1.6200824,0.0,0.0,1.6200824,0.0,0.0,2.2090447,0.0,0.0,1.6200824,1.6200824,0.0,Lymphoid
0.88881856,0.0,0.0,0.0,0.0,0.0,0.0,0.0,0.0,2.2610886,0.0,1.9064292,0.0,0.88881856,0.0,2.5223658,0.0,3.287677,0.0,0.0,0.0,0.88881856,0.88881856,0.0,0.0,0.88881856,0.0,0.0,0.0,0.88881856,0.0,0.0,2.2610886,2.2610886,0.88881856,1.3518347,0.0,1.9064292,1.9064292,0.0,1.3518347,2.2610886,0.0,0.0,0.88881856,0.88881856,0.0,0.88881856,2.976514,0.0,Lymphoid
2.6866379,2.7968245,2.2566872,3.511405,2.421405,2.896066,2.6866379,2.059381,3.1456006,3.6972547,3.282946,3.9239137,0.0,2.059381,0.0,0.0,2.2566872,5.06478,0.0,2.7968245,0.0,2.421405,2.421405,2.2566872,2.7968245,3.2166295,1.8133312,2.059381,0.0,2.7968245,2.059381,0.0,0.0,0.0,2.059381,2.2566872,0.99705154,0.0,3.282946,2.7968245,3.282946,0.0,1.4862659,2.2566872,2.2566872,2.5627894,1.8133312,1.8133312,3.511405,1.8133312,Myeloid
2.9493787,2.9493787,2.569763,3.0253847,2.9493787,2.8671172,2.7774773,2.9493787,3.439033,4.3554244,3.9563572,4.9287996,0.91942215,1.7090157,0.0,0.91942215,2.3072786,4.8493595,0.0,1.7090157,1.7090157,1.9503806,3.0253847,2.8671172,2.7774773,3.800586,2.569763,2.4471083,0.0,2.1446679,0.91942215,2.4471083,0.0,0.0,2.6790035,1.390207,2.7774773,0.0,2.9493787,1.390207,2.9493787,0.0,3.0253847,1.9503806,0.91942215,2.7774773,1.7090157,1.390207,3.3894274,1.390207,Myeloid
3.1881418,2.2965415,2.9380763,3.8220706,2.2965415,2.2965415,3.1115308,2.9380763,3.1881418,3.8220706,3.2592993,4.2838345,0.0,1.0253062,0.0,0.0,1.0253062,4.932112,0.0,2.0982385,2.4619532,3.1881418,0.0,2.7280877,2.6038477,3.6972165,2.6038477,1.8506331,0.0,2.0982385,2.0982385,2.0982385,0.0,0.0,2.7280877,1.8506331,1.5208031,0.0,3.446653,2.2965415,2.8385837,0.0,2.6038477,1.5208031,2.0982385,2.8385837,1.5208031,2.4619532,3.0285594,1.5208031,Myeloid
3.2937634,3.3954058,2.4059863,3.4876633,3.2387857,3.052997,2.637058,3.2937634,3.180609,3.9950671,2.637058,4.4547997,0.89254606,2.2667532,0.0,0.0,0.89254606,5.0355344,0.0,2.1049495,1.9118141,2.4059863,0.89254606,2.1049495,3.442598,3.4876633,2.2667532,2.1049495,0.0,2.9066854,2.1049495,2.5281818,0.0,0.0,0.0,2.637058,1.3565243,0.0,0.89254606,1.6722273,2.1049495,0.0,2.1049495,2.5281818,2.637058,1.9118141,2.7352357,2.1049495,2.9825146,0.89254606,Myeloid
2.7449033,3.6000128,3.9661312,4.054118,3.229691,3.7245622,2.5117807,3.350188,3.4577143,3.1635206,2.3710601,4.279404,0.0,3.0926592,0.96245766,1.4436775,2.3710601,4.833066,0.96245766,2.3710601,2.5117807,0.96245766,2.3710601,3.229691,3.0926592,2.63512,0.96245766,2.0112286,0.0,3.0926592,2.2072425,2.0112286,0.0,0.0,0.0,2.3710601,1.4436775,0.0,2.7449033,1.4436775,2.5117807,0.0,3.5547931,2.3710601,2.3710601,2.0112286,2.0112286,2.2072425,3.2917533,2.5117807,Myeloid
0.0,3.6120667,3.036077,0.0,0.0,4.071895,0.0,0.0,0.0,0.0,0.0,1.5269804,0.0,3.333343,0.0,2.8460214,3.333343,3.1957154,0.0,0.0,0.0,1.5269804,0.0,1.0303786,1.5269804,1.5269804,0.0,1.0303786,4.9269757,0.0,1.5269804,0.0,0.0,0.0,1.8572943,2.105171,0.0,2.9455576,1.0303786,0.0,1.0303786,0.0,0.0,0.0,0.0,1.0303786,0.0,0.0,1.8572943,1.0303786,Lymphoid
3.1082106,3.6236312,2.9235835,3.985711,3.2640047,2.853601,2.5111697,3.2640047,3.398767,4.075066,2.6969717,3.861467,0.8143481,1.9863001,0.0,0.0,0.8143481,4.95486,0.0,1.9863001,2.853601,2.6969717,3.0503745,3.0503745,2.9889872,3.9378495,2.5111697,1.9863001,0.0,3.1082106,2.4034822,1.7968819,0.0,0.0,2.2827828,3.214722,1.7968819,0.0,2.9235835,2.6083798,1.9863001,0.8143481,2.5111697,1.7968819,0.0,2.1454892,2.1454892,1.9863001,1.5629982,1.2571553,Myeloid
0.0,0.9424148,0.0,0.0,0.0,1.4188442,0.0,0.9424148,0.0,0.0,0.0,1.7402052,0.0,0.0,0.0,2.3415198,0.0,2.8131132,0.0,0.0,0.0,0.0,0.0,0.9424148,1.7402052,1.7402052,0.0,0.0,0.0,0.0,0.0,0.0,2.714399,1.4188442,0.0,0.0,0.0,1.9830247,0.9424148,0.0,0.0,2.3415198,0.0,0.0,0.0,0.0,0.0,0.9424148,2.3415198,0.0,Lymphoid
3.0609558,3.0121248,3.2746866,3.1519983,3.194589,3.194589,3.3839538,3.1075127,2.9066691,3.4824493,2.9607863,4.042294,0.0,2.3181214,0.0,0.70180833,1.3992581,5.027769,0.0,2.3181214,2.2125707,1.1101439,0.0,2.8494549,3.0121248,3.5431054,2.0945497,2.3181214,0.0,1.8061533,2.0945497,2.4135873,0.70180833,0.0,3.0609558,2.655083,2.9066691,0.0,2.5808809,2.5007284,1.1101439,0.0,2.7241573,1.1101439,0.0,1.9607122,2.7887673,2.9066691,2.7887673,1.8061533,Myeloid
3.3699918,3.8377469,3.5513146,3.477591,2.764114,3.3699918,2.0290236,3.5976076,3.477591,3.1483445,1.9140987,3.7828994,0.6020358,2.995439,0.0,0.0,3.0748115,5.429801,0.0,3.0748115,2.995439,2.310965,0.9751874,3.0748115,3.641852,2.4626455,0.0,2.2255228,0.0,1.2463125,1.9140987,2.59432,0.0,0.0,0.0,3.7828994,0.6020358,0.0,0.9751874,0.0,1.4593887,0.0,2.310965,2.310965,1.7842299,1.6349419,2.4626455,2.310965,2.8631513,0.6020358,Myeloid
3.1658998,2.7813034,2.9919782,3.4429817,3.1658998,2.5140636,2.7813034,2.1482704,2.9919782,3.4429817,2.5140636,4.056559,0.0,2.1482704,1.5654883,0.0,2.5140636,4.9755635,0.0,2.5140636,2.1482704,1.5654883,3.314007,3.1658998,2.7813034,3.5572064,3.1658998,2.5140636,0.0,2.7813034,2.5140636,2.9919782,0.0,0.0,2.5140636,2.5140636,3.314007,0.0,2.7813034,1.5654883,1.5654883,0.0,2.5140636,1.5654883,0.0,1.5654883,2.5140636,0.0,3.314007,2.1482704,Myeloid
0.0,0.0,1.3439257,1.3439257,2.0900307,1.8973396,0.0,0.0,1.3439257,3.329473,0.0,2.512543,3.2773933,1.3439257,2.966377,1.8973396,0.0,2.7193415,0.0,0.0,0.0,0.0,0.0,1.3439257,1.3439257,1.6584373,0.0,0.0,0.0,0.0,0.0,0.0,2.512543,2.6212785,0.0,2.3905253,0.0,3.164315,1.8973396,0.0,1.6584373,0.0,1.3439257,0.0,2.3905253,0.0,0.88254064,0.88254064,2.8906157,0.0,Lymphoid
0.0,0.0,0.0,0.85081804,0.0,1.303761,0.0,1.303761,0.85081804,1.85101,0.0,0.85081804,0.0,0.0,0.85081804,2.3409333,0.0,1.6143627,0.0,0.0,0.0,0.85081804,0.0,0.0,0.0,1.6143627,0.0,0.85081804,0.0,0.0,0.0,0.0,2.2026951,1.303761,0.85081804,1.303761,0.85081804,1.85101,0.85081804,0.0,0.85081804,1.6143627,0.85081804,0.0,0.0,0.0,0.85081804,0.85081804,1.6143627,0.0,Lymphoid
3.1611266,2.9082386,2.6781614,3.3363602,2.987245,2.9082386,3.060464,2.6781614,3.2812917,3.7298992,3.4381578,4.0384736,0.5614649,1.1816403,0.0,0.5614649,1.1816403,4.6534553,0.0,2.5689278,2.8662643,2.3064642,2.228468,2.4462824,2.987245,3.573721,2.7766292,1.8362025,0.0,1.389528,2.6250353,2.6781614,0.0,0.0,1.949605,3.1286855,2.987245,0.5614649,2.228468,2.0514472,2.0514472,0.0,2.9082386,1.8362025,1.949605,1.949605,1.949605,2.5689278,3.2525768,1.949605,Myeloid
0.0,0.0,0.0,0.9367168,0.0,0.9367168,0.0,0.9367168,0.0,0.0,0.0,0.0,0.0,0.0,0.0,3.3097045,0.0,2.4732668,0.0,0.0,0.0,0.0,0.0,1.4117625,0.9367168,1.4117625,0.0,0.0,0.0,1.4117625,0.0,0.0,2.8941145,0.9367168,0.9367168,0.9367168,0.0,1.9749641,0.9367168,0.0,1.4117625,2.3330698,1.4117625,0.0,0.0,0.9367168,1.4117625,0.9367168,1.4117625,0.0,Lymphoid
0.0,0.0,0.0,0.9274749,0.0,0.0,0.0,0.0,0.0,1.9618496,0.9274749,2.3193147,0.0,0.0,0.0,1.4002552,0.0,2.6914504,0.0,0.0,0.0,0.0,0.0,0.0,0.0,0.0,0.0,0.0,0.9274749,0.0,0.0,0.0,2.4593172,1.9618496,0.9274749,0.9274749,0.0,2.5821044,0.0,0.0,0.0,0.0,0.9274749,0.0,0.0,0.9274749,0.0,0.0,1.7199684,0.0,Lymphoid
3.6491609,3.9673312,4.020402,3.8519108,3.5712836,3.292931,1.9110774,3.1797805,3.1797805,3.9673312,1.3558826,3.3945704,0.0,3.4868252,0.0,0.0,2.905868,5.58341,0.0,3.0521736,2.905868,1.3558826,1.3558826,3.721409,1.9110774,3.721409,1.3558826,2.5273862,0.0,1.3558826,2.5273862,0.0,0.0,0.0,1.3558826,3.5712836,1.9110774,0.0,0.0,1.9110774,0.0,0.0,1.9110774,2.2659783,0.0,1.3558826,2.5273862,0.0,2.2659783,1.9110774,Myeloid
2.7090776,3.0920932,2.0804048,3.5175762,2.0804048,3.2844737,3.0920932,2.8536687,3.0920932,3.7064824,2.336369,4.5479236,0.0,1.2047434,0.0,0.0,1.2047434,5.0293503,0.0,2.7090776,1.7355076,2.7090776,2.8536687,1.7355076,3.0920932,2.5399876,2.0804048,1.7355076,1.2047434,2.336369,2.0804048,2.7090776,0.0,0.0,1.2047434,1.2047434,1.2047434,0.0,0.0,2.336369,2.5399876,1.2047434,2.8536687,2.5399876,1.2047434,2.7090776,1.2047434,2.97997,2.7090776,2.7090776,Myeloid
0.0,0.0,0.88063425,1.6558038,2.38757,0.88063425,0.0,0.0,0.0,3.7698345,0.0,0.88063425,3.8018801,0.88063425,3.920686,0.0,1.8945744,2.248612,4.8306613,0.0,1.8945744,1.3415215,0.0,1.8945744,0.0,2.6182616,0.0,0.0,0.0,0.88063425,0.88063425,0.0,0.0,0.0,0.0,1.6558038,0.0,0.88063425,2.7163024,0.0,0.0,1.3415215,2.38757,0.0,2.248612,2.38757,0.88063425,0.88063425,2.08718,2.248612,Lymphoid
2.8784313,3.29998,3.5157194,3.5430644,2.7072916,3.5696812,2.5744026,2.8784313,3.2287052,2.7072916,2.4211078,3.6930742,0.0,2.6430528,0.0,1.0526206,2.13542,4.974086,0.0,2.13542,1.7339315,1.3344021,2.2399833,2.4211078,2.3346407,2.7676513,1.7339315,2.5744026,0.0,2.3346407,3.111256,1.7339315,0.65885323,0.0,1.88638,2.6430528,2.2399833,0.0,1.88638,1.5539885,3.2287052,0.0,2.8784313,2.0186327,0.0,1.3344021,2.5006897,1.7339315,2.8784313,2.2399833,Myeloid
4.064068,4.249514,4.1665077,3.2076726,2.4984026,4.4311166,2.376548,2.8760798,3.262581,3.2076726,2.3095586,4.4227786,0.0,3.4340098,0.0,0.0,3.4340098,5.182982,0.0,2.4393303,1.9850231,2.4984026,3.262581,2.750567,2.750567,3.2355037,0.87354237,2.7941785,0.0,2.4984026,2.5541794,2.3095586,0.0,0.52926886,1.3325672,2.750567,0.52926886,0.0,2.0765507,1.5015081,2.750567,0.0,2.7049663,1.6459904,2.0765507,0.87354237,1.8842665,1.9850231,2.7941785,1.9850231,Myeloid
0.0,0.0,0.0,1.0815738,0.0,1.0815738,0.0,0.0,0.0,0.0,0.0,0.0,0.0,1.0815738,0.0,1.9239498,1.0815738,3.020092,0.0,0.0,0.0,0.0,0.0,0.0,1.0815738,1.9239498,0.0,0.0,0.0,0.0,0.0,0.0,2.6841142,1.5889567,1.0815738,0.0,0.0,1.5889567,1.5889567,0.0,0.0,2.6841142,0.0,0.0,1.9239498,0.0,1.5889567,1.0815738,2.5412796,0.0,Lymphoid
2.5324898,1.7288055,2.0732827,3.3604977,3.3604977,2.0732827,3.6394622,3.4378662,2.0732827,4.114816,3.0843217,2.7014794,1.1990488,1.1990488,0.0,0.0,0.0,4.837201,0.0,2.0732827,1.7288055,2.3290167,0.0,2.7014794,2.8459973,3.9943416,1.7288055,2.5324898,0.0,2.5324898,2.0732827,0.0,0.0,0.0,2.7014794,3.2766376,1.7288055,0.0,1.7288055,2.0732827,1.1990488,0.0,3.4378662,2.0732827,1.7288055,1.1990488,2.0732827,2.0732827,1.1990488,0.0,Myeloid
2.2009468,3.2916028,2.8881326,1.0243326,1.9807705,4.2945886,0.0,0.0,1.5196165,1.0243326,0.0,0.0,0.63796103,2.837154,0.0,2.9828992,2.6664827,3.416296,0.0,0.0,2.0969062,0.0,0.0,1.0243326,0.0,2.2009468,0.0,0.0,2.4605641,0.0,0.0,0.0,0.0,0.0,1.6980145,1.5196165,0.0,0.0,0.0,1.0243326,0.63796103,0.0,1.9807705,1.8493533,0.0,0.0,2.2951758,1.0243326,1.3023294,1.9807705,Myeloid
3.2967522,2.63994,0.0,3.4104152,2.63994,2.375768,3.5124676,2.375768,2.63994,3.168493,2.8487077,3.7679257,0.0,1.4476459,0.0,0.0,2.0157268,4.8761406,0.0,2.0157268,0.0,2.375768,1.4476459,2.375768,2.8487077,3.5124676,2.8487077,3.5124676,0.0,0.0,2.0157268,2.0157268,0.0,0.0,3.9079418,2.0157268,3.5124676,0.0,1.4476459,2.375768,0.0,0.0,2.63994,1.4476459,0.0,2.63994,0.0,1.4476459,1.4476459,2.63994,Myeloid
0.0,0.9098298,1.9366674,0.0,0.0,2.762475,0.0,0.0,1.3782116,1.6959273,0.0,1.3782116,3.4707823,2.292878,3.6004195,1.9366674,1.6959273,2.1305501,0.0,0.0,0.0,0.0,0.0,1.3782116,2.1305501,1.6959273,0.0,0.9098298,0.0,0.0,0.0,0.0,1.6959273,2.762475,0.0,2.292878,0.0,1.3782116,2.292878,0.9098298,2.762475,1.3782116,1.6959273,0.0,2.4324985,0.0,0.0,0.0,2.292878,0.0,Lymphoid
3.5703044,3.6849551,3.291961,4.249278,3.881052,3.7377005,3.0165963,3.208324,2.9049156,3.7878025,2.7791758,3.9246063,0.0,3.208324,0.0,0.0,2.7791758,5.205483,0.0,2.6353202,2.2650754,2.2650754,0.0,2.2650754,3.291961,3.117048,0.0,2.2650754,0.0,0.0,2.0114155,2.0114155,0.0,0.0,0.0,2.467236,2.2650754,0.0,1.6707071,2.2650754,1.1499271,0.0,2.6353202,2.2650754,2.0114155,2.2650754,2.467236,2.7791758,2.6353202,1.6707071,Myeloid
0.0,0.93835527,2.7081816,1.1230987,0.0,3.3310165,0.0,0.0,1.4137998,0.711568,0.0,2.2840192,0.0,0.4177833,0.0,0.0,0.93835527,2.5986962,0.0,0.0,0.0,1.2789757,0.4177833,1.4137998,1.2789757,0.4177833,0.0,0.4177833,7.4328218,0.0,0.0,0.0,0.0,0.0,2.04662,0.4177833,0.0,0.0,0.4177833,0.0,0.0,0.0,2.2297418,0.4177833,0.0,0.711568,0.4177833,0.0,0.4177833,0.0,Lymphoid
3.802735,3.2795484,3.3133407,4.084824,3.408363,3.3460283,1.3188117,3.170727,3.0909886,3.7177498,0.0,4.2669015,0.0,3.5224621,0.0,1.3188117,2.687499,5.1459208,0.0,3.3776813,2.9094577,2.3154933,0.0,3.244574,3.408363,2.858414,0.0,2.6233552,0.0,0.0,2.4017887,1.5372902,0.0,0.0,2.1167295,3.4381313,0.0,0.0,1.0388565,0.0,0.0,0.0,1.0388565,1.3188117,1.5372902,1.3188117,2.6233552,2.5548131,2.0002553,1.3188117,Myeloid
0.0,0.0,0.0,0.0,0.0,1.7251941,0.0,0.0,0.0,2.8418603,0.0,1.7251941,0.0,0.0,0.0,3.433615,0.0,3.433615,1.1959825,0.0,0.0,1.7251941,0.0,1.1959825,1.1959825,1.1959825,0.0,0.0,0.0,0.0,0.0,0.0,3.0801306,1.7251941,0.0,1.1959825,0.0,0.0,1.1959825,0.0,1.1959825,2.528447,1.7251941,1.1959825,1.1959825,0.0,0.0,0.0,2.3250527,0.0,Lymphoid
0.0,0.0,0.0,1.5883365,0.0,0.0,0.0,0.0,1.5883365,2.1737506,0.0,1.5883365,1.0810587,0.0,0.0,1.5883365,0.0,2.8083415,0.0,0.0,0.0,0.0,0.0,0.0,1.9232842,1.0810587,0.0,1.0810587,0.0,1.5883365,0.0,0.0,2.1737506,1.5883365,1.5883365,1.0810587,0.0,1.0810587,0.0,0.0,0.0,0.0,1.0810587,0.0,1.0810587,1.0810587,1.0810587,0.0,3.0193505,1.0810587,Lymphoid
3.2069082,3.4320538,2.396079,3.509607,2.6893806,3.6157076,2.396079,1.9792793,3.2561755,3.8266869,3.3479762,3.3908985,0.0,2.5036912,0.0,0.0,2.5036912,5.006983,0.0,2.2754745,0.8098208,2.915881,0.0,2.915881,1.7900949,3.770809,2.6008399,2.5036912,0.0,0.0,1.5565675,2.2754745,0.0,0.0,2.396079,2.6893806,1.7900949,0.0,2.84593,2.2754745,2.84593,0.0,2.6893806,1.2513362,1.5565675,2.6008399,2.5036912,2.7707157,1.9792793,2.5036912,Myeloid
4.187092,3.0723875,3.3748732,3.2045443,2.7403011,3.8286498,2.5209794,3.6473594,3.1731062,4.175438,1.3989325,4.163647,0.0,3.3484244,0.0,0.92641395,2.9991245,5.5648537,0.0,3.1731062,3.1406474,2.7403011,2.0623546,3.5426855,3.3484244,3.4257605,0.92641395,2.8780632,0.0,0.92641395,2.0623546,2.3177319,0.0,0.0,2.2396348,3.1070998,0.0,0.5668571,1.7185273,0.5668571,1.3989325,0.0,3.2350242,1.8467255,1.7185273,0.5668571,1.9603407,1.7185273,2.9603765,1.5714436,Myeloid
0.0,3.516302,3.3870058,1.6257966,0.0,4.097602,0.0,0.0,1.6257966,0.0,0.0,1.112263,0.0,2.2153845,0.0,2.583801,2.2153845,3.4537423,0.0,0.0,0.0,0.0,0.0,0.0,1.112263,0.0,0.0,0.0,0.0,0.0,0.0,1.112263,0.0,0.0,2.2153845,2.2153845,0.0,3.6307786,0.0,0.0,1.9634271,0.0,0.0,0.0,0.0,0.0,0.0,0.0,1.112263,0.0,Lymphoid
3.5279372,3.1731791,2.788433,3.6990802,3.2250404,3.3213305,3.1184807,2.7069986,3.0606165,3.9962604,0.8203498,4.0193634,0.0,2.5210495,0.8203498,1.571504,1.9955803,4.7149444,0.8203498,2.2924397,2.1549854,2.4132633,3.274344,2.5210495,2.788433,3.5279372,1.8058558,1.2648576,0.0,3.0606165,1.9955803,2.5210495,0.0,0.0,1.9955803,2.4132633,2.4132633,0.0,2.788433,1.8058558,3.1184807,0.0,2.7069986,2.5210495,1.571504,1.2648576,1.8058558,2.1549854,2.9991968,2.2924397,Myeloid
0.0,0.0,0.0,0.92692107,0.0,0.0,0.0,0.0,0.0,0.0,0.0,1.961062,0.0,0.0,0.0,2.690596,0.0,2.5812573,0.0,0.0,0.0,0.0,0.0,0.0,0.0,1.961062,0.0,0.0,0.0,0.0,0.0,0.0,0.92692107,1.961062,0.0,2.3184886,0.0,3.3492343,1.3995647,0.0,1.3995647,1.961062,0.92692107,0.0,1.961062,0.0,0.0,0.0,2.4584792,0.0,Lymphoid
3.5704443,3.3937356,1.9103416,3.910439,3.3937356,3.3937356,2.5265915,2.9050517,3.0513508,3.6483197,2.9050517,2.73362,0.0,1.9103416,0.0,1.3552417,1.3552417,4.9145045,0.0,1.9103416,1.3552417,2.5265915,0.0,2.5265915,3.0513508,3.3937356,2.9050517,2.2652044,0.0,2.2652044,1.3552417,1.3552417,0.0,0.0,1.9103416,2.2652044,2.5265915,0.0,1.9103416,2.2652044,2.2652044,0.0,1.9103416,1.9103416,2.5265915,2.2652044,2.73362,2.2652044,3.1789527,1.9103416,Myeloid
2.7309332,2.1009095,2.1009095,3.1144395,2.7309332,2.7309332,3.6073442,2.1009095,3.1144395,4.1830025,2.1009095,4.1830025,0.0,2.1009095,0.0,0.0,0.0,4.8117876,0.0,0.0,2.7309332,3.6073442,0.0,2.1009095,2.1009095,3.9360366,0.0,2.1009095,0.0,3.1144395,2.1009095,0.0,0.0,0.0,2.7309332,2.1009095,2.1009095,0.0,3.1144395,0.0,2.1009095,0.0,2.1009095,3.1144395,0.0,2.1009095,0.0,2.7309332,2.1009095,0.0,Myeloid
0.0,3.9544835,3.4036326,0.7714619,0.0,3.9544835,0.0,0.0,1.2017258,0.0,0.0,1.2017258,0.0,3.2803235,0.0,3.0879772,3.033497,3.235593,0.0,0.7714619,0.0,0.0,0.0,0.0,2.076632,1.2017258,0.0,0.0,0.0,0.0,0.0,0.0,0.0,0.0,1.2017258,1.5015805,0.0,2.624102,0.0,0.0,2.212713,0.0,0.0,0.0,0.0,0.0,0.0,0.0,0.7714619,0.0,Lymphoid
0.0,0.0,0.0,0.74418634,0.0,0.74418634,0.0,0.0,0.0,0.74418634,0.0,0.74418634,0.0,0.0,0.0,2.0318742,0.0,2.8662455,0.0,0.74418634,0.0,0.0,0.0,0.0,1.1661016,1.1661016,0.0,0.74418634,0.0,0.74418634,0.0,0.0,1.6898953,1.4619083,0.74418634,1.4619083,0.0,2.5765746,0.0,0.0,1.6898953,2.1671202,0.0,0.0,1.1661016,0.0,0.0,0.74418634,1.6898953,0.0,Lymphoid
0.0,0.0,0.0,0.0,0.0,1.1131543,0.0,0.0,0.7040735,2.8536823,0.0,1.9645685,0.0,0.0,0.0,3.23975,0.0,2.3221674,0.0,0.7040735,0.0,0.0,0.0,1.1131543,1.6268631,2.5850286,0.0,0.0,0.0,0.0,0.0,0.0,2.3221674,2.5048478,1.1131543,2.2165673,0.0,3.6587546,2.5850286,0.0,0.0,0.7040735,1.9645685,0.0,1.6268631,0.0,0.0,1.4026394,3.0652325,0.0,Lymphoid
3.2704651,2.6146028,2.0837233,3.888415,3.2704651,3.029946,3.029946,2.5059278,3.2155387,3.9444351,3.0957127,4.6140056,0.0,2.2450824,0.0,0.0,1.6526117,4.8921924,0.0,1.8912219,1.3386079,2.6146028,2.0837233,2.7126167,2.0837233,3.8290694,2.2450824,2.0837233,0.0,2.3839862,1.6526117,2.5059278,0.0,0.0,2.0837233,3.5882754,2.3839862,0.0,3.0957127,2.0837233,2.3839862,0.8783253,3.029946,2.3839862,2.6146028,2.3839862,2.5059278,2.0837233,2.8018756,1.6526117,Myeloid
0.0,0.0,0.0,1.1467663,0.0,0.72947836,0.0,0.0,0.72947836,3.8765187,0.0,3.0121946,0.72947836,0.0,0.0,4.095509,0.0,3.4363058,0.0,1.8515983,0.0,2.2609282,0.0,1.4403079,0.72947836,3.2465675,0.0,0.0,0.0,1.6669507,0.0,0.0,3.4363058,2.2609282,0.0,2.2609282,0.0,1.6669507,2.3670597,0.0,1.1467663,0.72947836,1.6669507,0.0,2.7748349,0.72947836,1.1467663,1.4403079,3.2038827,0.0,Lymphoid
3.2170622,2.4755716,1.6781055,3.2170622,2.913524,2.643775,3.3779323,2.643775,3.4496002,3.9335322,2.273239,3.9752758,0.0,2.019307,0.0,0.0,1.6781055,4.9596963,0.0,1.1561577,2.019307,2.643775,2.019307,1.1561577,2.7877176,3.0252573,1.1561577,2.273239,1.1561577,2.4755716,2.273239,1.1561577,0.0,0.0,2.019307,2.7877176,2.019307,0.0,2.019307,2.273239,1.6781055,0.0,2.4755716,2.273239,3.9752758,1.6781055,2.019307,2.643775,3.1257515,1.1561577,Myeloid
3.3894196,3.2758436,2.8282578,3.6686337,2.9181793,3.3894196,1.9969271,3.076886,3.3894196,3.6271827,2.9181793,4.144281,0.0,2.192545,0.0,0.0,1.9969271,4.678764,1.4310747,2.8282578,1.4310747,1.7535017,2.192545,2.192545,2.4966025,3.44171,1.4310747,2.4966025,0.0,2.4966025,2.7294443,3.0006778,0.0,0.0,2.192545,3.44171,0.0,0.0,2.3560858,2.7294443,1.4310747,0.0,2.3560858,1.9969271,1.7535017,1.4310747,2.619785,2.9181793,3.334243,1.7535017,Myeloid
0.0,4.2160544,3.8179405,1.6958061,0.0,4.300007,0.0,0.0,0.0,1.9365404,0.0,0.9097411,0.0,2.762336,0.0,3.0100212,2.432363,2.9340777,0.0,0.9097411,0.0,0.0,0.0,0.9097411,0.9097411,1.6958061,0.0,0.0,0.0,0.0,0.0,0.0,0.0,0.0,1.9365404,0.9097411,0.0,2.1304195,0.0,0.0,0.0,0.0,0.0,0.0,0.0,0.0,0.0,0.9097411,1.6958061,0.0,Lymphoid
0.0,0.0,0.0,0.0,0.0,0.0,0.0,0.0,0.0,2.8841882,0.0,0.0,0.0,0.0,0.0,2.4099517,0.0,3.0571494,0.0,0.0,0.0,0.0,0.0,0.0,0.9891336,2.048417,0.0,0.0,0.0,0.0,0.0,0.0,0.9891336,2.4099517,0.0,2.048417,0.0,2.551188,1.8028166,0.0,1.4765481,1.8028166,2.048417,0.0,1.8028166,0.0,0.0,0.0,1.4765481,0.0,Lymphoid
0.0,0.0,0.0,0.0,0.0,2.1050127,0.0,0.0,0.0,1.5268394,0.0,1.0302627,2.1050127,0.0,3.454126,2.8458517,0.0,3.1955426,0.0,0.0,1.0302627,0.0,0.0,0.0,0.0,2.1050127,0.0,0.0,0.0,0.0,0.0,0.0,2.3034856,2.6109967,0.0,1.0302627,0.0,1.0302627,1.0302627,0.0,1.0302627,1.5268394,1.5268394,0.0,1.5268394,0.0,1.0302627,0.0,3.3331692,0.0,Lymphoid
2.9983115,3.5516155,3.2734473,4.4505496,2.9983115,3.7690067,2.7611454,2.4496465,3.1898732,3.1898732,3.3505723,4.1333833,0.0,2.6174762,0.0,1.6551186,1.9947752,4.7476234,0.0,2.2478545,2.6174762,0.0,0.0,3.2734473,2.6174762,2.886743,1.1368229,3.3505723,0.0,0.0,2.886743,0.0,0.0,0.0,2.2478545,2.4496465,1.6551186,0.0,0.0,1.6551186,0.0,0.0,2.6174762,2.6174762,1.1368229,2.4496465,1.9947752,2.6174762,0.0,2.6174762,Myeloid
0.0,4.059581,3.4186978,1.6522137,0.0,4.059581,0.0,0.0,0.0,0.0,0.0,0.0,0.0,2.8833513,1.1343846,2.9948988,2.4463649,3.4186978,0.0,0.0,0.0,0.0,0.0,0.0,1.1343846,0.0,0.0,0.0,4.471406,0.0,0.0,1.6522137,0.0,0.0,1.6522137,0.0,0.0,1.6522137,0.0,0.0,0.0,0.0,0.0,1.1343846,1.1343846,0.0,0.0,0.0,1.6522137,0.0,Lymphoid
0.0,0.9224243,0.0,0.0,0.0,0.0,0.0,1.9546609,0.9224243,0.0,0.0,2.4516659,0.0,0.0,0.0,1.3939555,0.9224243,2.3117714,0.0,0.0,0.0,0.0,0.0,0.0,0.9224243,1.7131027,0.0,0.0,0.0,0.0,0.0,0.9224243,1.7131027,1.9546609,0.0,2.6836503,0.0,0.0,0.0,0.0,2.5743701,3.1667702,0.9224243,0.0,2.6836503,0.0,0.0,0.0,2.1490731,0.0,Lymphoid
3.0392714,1.7369521,1.9242495,3.409497,3.093767,2.629729,3.3700516,2.7856293,2.9204707,4.2149396,3.093767,4.025174,0.0,1.506298,0.7747277,0.0,0.7747277,5.0759244,0.0,2.2181168,2.2181168,1.9242495,2.5416028,2.7856293,2.629729,4.0458555,2.9204707,1.506298,0.0,1.2059715,1.2059715,1.2059715,0.0,0.0,2.0819392,2.0819392,1.7369521,0.0,2.5416028,1.9242495,0.0,0.0,3.2861614,1.9242495,0.0,1.506298,1.7369521,2.710714,2.4449532,1.2059715,Myeloid
3.3198001,0.0,0.0,4.073327,3.598401,2.6621745,2.9322534,3.4687717,2.9322534,3.816056,0.0,3.7131386,0.0,1.6942331,0.0,0.0,0.0,5.5382032,0.0,1.6942331,0.0,2.6621745,0.0,2.2910123,2.2910123,3.816056,2.2910123,3.1446846,0.0,0.0,0.0,0.0,0.0,0.0,1.6942331,1.6942331,0.0,0.0,0.0,0.0,2.9322534,0.0,3.1446846,1.6942331,0.0,2.2910123,1.6942331,2.9322534,3.4687717,0.0,Myeloid
3.223341,3.9596443,2.738717,3.2853875,3.1571887,3.5010178,0.0,3.2853875,3.5483704,3.5483704,1.7617084,3.9596443,0.0,3.223341,0.0,0.95837605,3.0863478,5.0245457,0.0,3.0101037,1.43863,2.2013597,0.0,0.95837605,2.8375912,2.5057063,0.95837605,2.0055037,0.0,1.43863,2.365067,1.7617084,0.0,0.0,0.95837605,3.0863478,0.95837605,0.0,0.95837605,2.0055037,2.738717,0.0,2.0055037,2.0055037,0.0,2.5057063,1.7617084,0.95837605,3.0863478,2.0055037,Myeloid
2.4932177,3.6046045,3.336968,3.6695397,3.195961,3.379873,2.6787481,3.5351582,2.8351848,4.0976853,2.3857121,4.17645,0.0,2.6787481,0.0,0.8035026,1.7805973,4.9084926,0.0,2.6787481,3.144165,1.9694521,2.3857121,2.970427,3.195961,3.730514,1.9694521,1.7805973,0.0,3.144165,1.7805973,2.3857121,0.0,0.0,2.970427,2.7600224,2.2652414,0.0,2.9050906,1.9694521,0.0,0.0,2.970427,2.1282434,0.0,2.4932177,2.2652414,2.6787481,1.243203,1.9694521,Myeloid
2.7735267,1.0567052,0.0,3.3725631,3.2347255,1.5589346,3.4349554,2.5064447,2.648876,3.3060174,3.3060174,3.2347255,1.5589346,0.0,0.0,1.0567052,1.0567052,4.9408484,0.0,1.8916999,1.0567052,2.8843477,1.0567052,2.9841034,2.9841034,3.4349554,3.6516328,2.140949,0.0,2.140949,1.8916999,2.140949,0.0,0.0,2.648876,2.7735267,1.5589346,1.0567052,3.2347255,1.8916999,1.5589346,0.0,2.7735267,2.5064447,1.0567052,3.2347255,2.648876,1.8916999,2.9841034,2.3403032,Myeloid
2.8530085,2.8530085,1.6262885,3.912415,3.0645509,2.2159302,3.6313748,3.0645509,3.0645509,4.0637054,3.2390628,3.9909189,0.0,1.6262885,0.0,0.0,0.0,5.2836018,0.0,3.0645509,2.2159302,2.2159302,0.0,2.2159302,1.6262885,3.912415,2.2159302,3.2390628,0.0,3.3875976,3.0645509,3.3875976,0.0,0.0,3.2390628,0.0,3.0645509,0.0,0.0,2.2159302,1.6262885,0.0,2.2159302,1.6262885,0.0,2.5843675,0.0,2.5843675,3.6313748,1.6262885,Myeloid
0.0,0.0,0.0,1.3198158,0.0,0.0,0.0,0.0,0.0,3.7410207,0.0,3.4394577,0.0,0.0,0.0,4.4222317,0.0,0.0,0.0,0.0,0.0,0.0,0.0,2.2222636,1.3198158,2.482481,0.0,0.0,0.0,0.0,0.0,0.0,3.804075,2.2222636,0.0,2.8597057,0.0,2.2222636,1.3198158,0.0,0.0,1.3198158,1.3198158,0.0,3.132963,0.0,0.0,1.8695633,2.2222636,0.0,Lymphoid
0.0,0.0,0.0,1.0987456,0.0,1.0987456,0.0,0.0,0.6932472,2.8334017,0.0,1.3864443,1.0987456,0.0,0.0,3.6111126,0.0,2.565134,0.0,0.6932472,0.0,0.0,0.0,1.7919261,1.0987456,2.0796165,0.0,0.0,0.0,0.0,0.0,0.0,2.9446285,2.398077,0.0,2.565134,0.0,3.0447128,2.8334017,0.0,1.6095979,2.639243,1.0987456,0.0,2.565134,0.0,0.6932472,1.0987456,2.9446285,0.0,Lymphoid
3.7678652,2.4041002,2.4041002,3.6702106,4.014033,2.4041002,3.2254272,3.6702106,3.440591,4.660719,3.561977,3.1420217,0.0,1.9517615,0.0,0.0,2.4041002,5.2162724,0.0,2.203292,3.2254272,2.5712495,0.0,2.9509041,2.8396366,3.7202294,3.0510218,2.8396366,0.0,1.6149002,1.9517615,2.4041002,0.0,0.0,2.203292,3.440591,2.5712495,0.0,1.6149002,1.6149002,1.6149002,0.0,3.8985047,2.4041002,0.0,2.71442,2.203292,2.203292,2.8396366,1.9517615,Myeloid
2.7359772,2.3041346,2.105646,3.9056776,2.94607,2.4696753,3.1195953,2.846531,3.1962342,3.9413261,3.1195953,4.6422424,0.0,1.0307264,0.0,0.0,1.0307264,4.9404902,0.0,1.0307264,1.5274038,3.1195953,1.5274038,2.94607,3.1195953,3.4548242,2.7359772,2.4696753,0.0,3.1962342,2.6116648,1.8577507,0.0,0.0,3.1962342,2.105646,2.4696753,0.0,2.105646,2.3041346,2.6116648,0.0,2.7359772,1.0307264,1.8577507,3.1195953,2.3041346,2.7359772,3.4548242,1.0307264,Myeloid
2.6602874,3.613646,2.9957607,1.3480953,1.0647304,4.0604725,0.0,1.7492247,2.6602874,0.667844,0.0,0.667844,0.0,2.5915442,0.0,1.5686396,3.0421672,2.517724,0.0,0.0,2.3514025,2.0347316,0.0,1.3480953,0.667844,1.0647304,0.0,0.667844,2.5915442,0.0,0.0,1.0647304,0.0,0.0,1.5686396,0.0,0.0,0.0,0.0,1.3480953,0.0,0.0,2.4380171,1.3480953,2.256568,0.0,1.7492247,1.5686396,2.0347316,2.517724,Myeloid
4.212575,2.7944188,3.0666952,4.133765,3.2804801,2.7944188,3.2804801,3.4565136,1.8111874,4.971865,1.8111874,4.4174337,0.0,0.0,0.0,0.0,2.7944188,5.040396,0.0,2.7944188,1.8111874,0.0,0.0,3.2804801,2.4190707,5.040396,2.4190707,1.8111874,0.0,2.4190707,2.4190707,2.7944188,0.0,1.8111874,3.7362795,2.4190707,2.4190707,0.0,1.8111874,2.4190707,0.0,0.0,1.8111874,2.4190707,0.0,0.0,0.0,1.8111874,2.4190707,0.0,Myeloid
3.395525,3.5248573,3.206076,3.7173822,3.206076,3.3603983,2.4244964,2.4244964,3.206076,3.5248573,1.6328841,3.4294598,0.0,2.5919545,0.0,0.0,2.7353513,4.6923904,0.0,2.2232423,1.6328841,3.206076,2.9179933,2.4244964,2.666221,3.163464,0.70786536,2.2232423,0.0,0.0,1.9710102,2.328924,0.0,0.0,0.70786536,2.9721448,1.6328841,0.0,2.666221,2.2232423,2.105058,0.0,2.2232423,1.9710102,2.105058,1.6328841,2.5919545,2.8607407,3.206076,1.4082912,Myeloid
3.6670005,1.9267015,1.3695072,3.8698373,3.6670005,0.0,3.0696275,3.1973372,3.0696275,3.8698373,3.0696275,2.7515602,0.0,1.3695072,0.0,0.0,0.0,5.192613,0.0,2.5442479,3.3105686,2.5442479,1.3695072,3.1973372,1.9267015,4.0888,1.3695072,2.5442479,1.3695072,1.9267015,2.9231868,3.3105686,0.0,0.0,3.1973372,3.9852996,2.7515602,0.0,2.2824063,1.3695072,2.2824063,0.0,2.7515602,1.3695072,0.0,1.9267015,2.2824063,1.9267015,2.7515602,2.2824063,Myeloid
0.0,0.0,0.0,0.0,0.0,1.4246892,0.0,0.0,0.9471236,2.185086,0.0,0.0,1.9896716,1.4246892,3.3261437,1.4246892,0.9471236,2.611999,0.0,0.0,0.0,0.0,0.0,0.9471236,0.9471236,0.9471236,0.0,0.9471236,0.0,0.0,0.0,0.0,0.9471236,2.488897,1.4246892,0.0,0.0,3.4832582,1.9896716,0.0,1.4246892,2.9926975,0.9471236,0.9471236,1.7465613,0.0,0.0,0.0,2.185086,0.0,Lymphoid
0.0,0.0,0.0,1.3559896,0.0,1.6716423,0.0,0.0,0.89212084,3.3451803,0.0,2.5275187,0.0,0.89212084,0.0,2.5275187,0.0,2.405331,0.0,0.0,0.0,1.6716423,0.0,2.405331,0.0,1.9112002,0.0,0.0,0.0,1.3559896,0.0,0.0,2.9818308,2.2661076,0.0,1.6716423,0.0,1.3559896,1.9112002,0.0,1.9112002,2.405331,1.3559896,0.0,0.0,0.89212084,0.0,0.0,2.5275187,0.0,Lymphoid
0.0,0.0,1.3060133,0.85258985,2.4651895,1.3060133,0.85258985,0.0,0.0,4.004211,0.0,3.0533268,4.467352,0.85258985,3.4211864,0.85258985,1.3060133,1.8536156,4.2237005,0.85258985,0.85258985,2.573484,0.0,0.0,0.0,2.7601905,0.0,0.0,0.0,0.0,0.0,0.0,0.0,2.573484,0.0,1.3060133,0.0,0.85258985,2.4651895,0.0,0.0,2.2054443,2.6711884,0.0,1.8536156,2.3437269,0.0,0.0,0.0,0.0,Lymphoid
