CCL5,NKG7,S100A4,LTB,GZMA,GZMH,TRBC1,IL7R,CST7,GZMK,DUSP2,KLRB1,CD69,BTG2,IL32,GNLY,NEAT1,ANXA1,EGR1,SAT1,FOS,DUSP1,ID2,CTSW,NFKBIA,TRBC2,KLRD1,CXCR4,FGFBP2,PPP1R15A,NR4A2,KLF6,SRGN,GADD45B,AHNAK,ZFP36,SLC2A3,FOSB,CD74,HIST1H4C,PMAIP1,LGALS1,H1FX,INTS6,NOSIP,GZMM,GZMB,AC007952.4,S100A11,ITGB1,label
0.0,0.9943613,1.8097618,0.9943613,0.9943613,0.0,2.2528682,0.0,0.0,0.0,0.9943613,0.0,1.8097618,2.2528682,1.8097618,0.0,1.4829661,0.0,2.0556595,0.0,4.2601824,2.7928188,2.0556595,1.8097618,0.9943613,0.0,0.0,2.0556595,0.0,0.9943613,1.4829661,0.0,0.9943613,0.0,0.0,0.0,0.9943613,2.0556595,0.0,0.9943613,0.0,0.0,1.4829661,0.9943613,1.4829661,0.9943613,0.0,0.0,1.8097618,0.0,CD4_T
0.0,0.0,0.0,2.7190766,0.0,0.0,2.6210155,3.0365305,0.0,0.0,2.0897825,0.0,2.2512693,3.0365305,0.8823745,0.0,0.0,0.0,1.8970987,1.3437163,3.7396274,3.1640437,1.8970987,0.0,2.390268,2.7190766,0.0,0.0,0.0,1.8970987,0.8823745,0.8823745,1.3437163,2.5122826,0.0,0.8823745,1.6582078,2.7190766,1.6582078,0.8823745,0.0,0.0,1.3437163,0.8823745,2.390268,0.0,0.0,0.0,0.0,0.0,CD4_T
1.6247588,2.5826068,3.0627353,3.6649406,2.352656,0.0,0.0,2.6803808,1.6247588,1.8619475,1.8619475,1.8619475,0.85826534,2.5826068,2.851214,2.9970767,1.6247588,1.6247588,0.85826534,1.3132209,2.352656,3.182382,0.85826534,1.3132209,2.851214,2.2142334,0.0,0.0,0.0,1.6247588,1.3132209,1.6247588,2.053524,2.769441,1.8619475,2.9268024,1.6247588,3.124347,0.85826534,2.053524,0.85826534,0.0,0.0,0.85826534,0.0,0.85826534,0.0,1.8619475,2.352656,2.4742265,CD4_T
0.0,0.0,0.0,2.6056526,0.0,0.0,1.3314896,2.7036002,0.0,0.0,0.87268984,0.0,0.87268984,1.883025,1.6448088,0.0,0.87268984,0.87268984,1.6448088,0.87268984,4.0135007,2.9503906,1.6448088,0.87268984,1.883025,1.883025,0.0,2.37522,0.0,0.0,1.6448088,0.87268984,0.87268984,0.87268984,0.0,0.87268984,0.87268984,1.6448088,0.0,1.3314896,0.0,0.0,0.87268984,1.6448088,1.6448088,0.0,0.0,1.3314896,0.0,0.0,CD8_T
4.0198836,1.8260018,3.022072,2.3140957,0.0,0.0,1.8260018,2.8864355,0.8338882,0.0,1.2821847,1.5906136,3.4736443,3.3894475,2.3140957,0.0,1.2821847,1.2821847,0.0,2.016404,3.2975044,3.0835621,3.022072,0.8338882,2.7294712,1.2821847,1.2821847,0.8338882,0.0,2.016404,1.8260018,3.1962438,1.5906136,2.5431972,0.8338882,0.8338882,2.016404,2.9565518,0.0,2.1762867,0.0,2.016404,2.7294712,1.5906136,1.2821847,1.5906136,0.0,1.2821847,0.0,0.0,CD8_T
0.0,0.0,3.2107084,4.5202646,0.0,0.0,2.1484616,1.4457412,0.0,0.0,0.0,0.0,2.5570974,1.8575985,2.1484616,0.0,1.672725,1.4457412,2.0135682,3.0189595,4.0844617,1.4457412,1.1516258,0.0,1.672725,1.4457412,0.0,0.7331684,0.0,0.7331684,0.7331684,2.4695103,1.4457412,2.1484616,0.0,2.637627,1.4457412,3.0704525,1.1516258,1.1516258,0.0,1.4457412,0.0,1.8575985,0.7331684,0.0,0.0,0.0,1.1516258,1.1516258,CD4_T
3.0306036,2.8406062,2.100123,1.5224819,2.605837,0.0,2.463918,2.463918,2.2984734,3.0306036,3.113583,0.0,2.463918,3.113583,3.0306036,0.0,0.0,1.8524438,1.8524438,1.5224819,3.4487326,3.7842588,2.605837,1.8524438,2.9401104,0.0,0.0,1.5224819,0.0,1.5224819,1.0266843,1.8524438,2.8406062,3.5566068,0.0,2.605837,1.0266843,2.463918,0.0,1.0266843,0.0,0.0,0.0,1.8524438,0.0,1.0266843,0.0,0.0,0.0,1.5224819,CD8_T
0.0,0.0,0.87578386,2.380036,0.0,0.0,3.5443783,2.501932,0.0,0.0,0.0,0.0,1.6490949,3.153253,1.6490949,0.0,0.87578386,0.87578386,1.6490949,0.87578386,3.5443783,0.87578386,1.335399,0.0,0.87578386,0.87578386,0.0,1.6490949,0.0,0.0,0.0,1.335399,0.0,1.335399,0.0,1.6490949,2.079914,2.6105702,0.87578386,0.0,0.0,0.0,2.501932,1.6490949,1.887528,0.87578386,0.0,0.87578386,0.87578386,0.0,CD4_T
0.0,0.0,1.6296881,2.2196999,0.0,0.0,2.4798458,2.4798458,0.0,0.0,2.058874,0.86180407,2.4798458,2.3582084,0.0,0.0,1.8671315,1.3177092,0.0,2.2196999,3.8889585,2.856995,1.6296881,0.0,2.058874,2.6860962,0.0,1.6296881,0.0,2.058874,2.4798458,2.3582084,1.8671315,1.8671315,0.0,1.6296881,1.6296881,2.856995,0.0,1.3177092,0.0,0.0,0.0,0.0,1.6296881,0.86180407,0.0,1.8671315,0.0,0.0,CD4_T
0.0,0.0,0.0,1.9499668,0.0,0.0,2.3651397,2.4724305,0.0,0.0,2.2449386,0.0,2.3651397,2.4724305,0.0,0.0,2.1082895,1.5297608,1.761775,2.4724305,3.9899168,2.1082895,1.9499668,0.0,1.9499668,1.2271174,0.0,0.7910408,0.0,0.0,0.7910408,1.5297608,0.0,2.2449386,1.2271174,1.9499668,2.1082895,2.3651397,1.2271174,0.7910408,1.2271174,0.0,0.0,2.8138494,1.5297608,0.0,0.0,0.7910408,0.7910408,0.0,CD4_T
4.405041,3.6986952,1.976882,0.0,2.8671706,1.1227839,2.2293253,1.1227839,2.741729,1.6383746,1.6383746,0.0,1.1227839,2.9786158,2.4307137,0.0,2.4307137,1.976882,1.1227839,1.976882,4.405041,2.4307137,0.0,2.5982642,1.976882,2.5982642,0.0,0.0,1.6383746,0.0,0.0,2.2293253,2.4307137,2.741729,1.1227839,1.1227839,2.8671706,2.2293253,2.741729,0.0,1.1227839,0.0,1.6383746,1.1227839,0.0,2.2293253,0.0,1.1227839,1.1227839,0.0,CD8_T
3.1287754,2.74496,3.2766533,2.114084,1.5349294,0.0,0.0,3.8397205,1.5349294,3.2766533,1.0369138,0.0,0.0,1.0369138,2.4784687,0.0,2.74496,1.0369138,0.0,1.0369138,1.8658609,1.5349294,0.0,2.114084,1.5349294,2.9551702,0.0,0.0,0.0,0.0,0.0,1.5349294,2.114084,1.0369138,1.5349294,0.0,0.0,0.0,0.0,1.0369138,0.0,1.0369138,2.8555784,1.0369138,0.0,1.0369138,0.0,0.0,1.0369138,0.0,CD8_T
4.134458,3.6240566,2.361086,1.5771179,2.5275629,1.071752,2.1612482,0.0,1.5771179,3.4571953,1.071752,0.0,2.1612482,1.911241,2.361086,0.0,1.911241,1.911241,0.0,1.5771179,2.1612482,0.0,2.5275629,1.071752,1.5771179,2.7950797,0.0,0.0,1.911241,1.5771179,2.5275629,1.5771179,1.911241,1.5771179,1.071752,2.7950797,0.0,2.1612482,2.1612482,1.5771179,1.5771179,0.0,0.0,0.0,0.0,2.361086,0.0,1.071752,1.5771179,0.0,CD8_T
0.0,0.0,2.1602292,0.0,0.0,0.0,0.0,0.0,0.0,0.0,0.0,0.0,1.5762042,3.095627,1.5762042,0.0,0.0,0.0,1.0709949,2.3600428,3.0048313,2.5265033,0.0,0.0,1.9102597,1.0709949,0.0,2.3600428,0.0,1.0709949,1.0709949,1.0709949,0.0,2.3600428,1.0709949,1.5762042,2.1602292,3.3270462,0.0,2.3600428,1.9102597,0.0,2.1602292,2.5265033,1.5762042,1.0709949,0.0,0.0,0.0,0.0,CD4_T
0.0,0.0,0.0,3.9543505,0.0,0.0,0.0,2.2541263,0.0,0.0,3.1053674,0.0,2.0008345,3.6730385,1.1415893,0.0,1.1415893,1.1415893,2.0008345,2.0008345,4.4067945,3.2801929,1.1415893,0.0,2.4560535,2.4560535,0.0,0.0,0.0,2.2541263,2.0008345,2.4560535,0.0,2.4560535,0.0,2.6239762,2.6239762,3.6730385,1.660793,1.1415893,0.0,0.0,0.0,2.0008345,2.7677138,0.0,0.0,0.0,0.0,0.0,CD4_T
3.9631958,3.7627108,3.452927,1.5736225,2.5235083,0.0,1.9074868,2.1573493,2.1573493,0.0,2.1573493,2.666139,1.0688559,1.9074868,3.001737,0.0,2.9018836,1.9074868,0.0,0.0,2.1573493,2.1573493,2.5235083,1.5736225,1.0688559,1.0688559,2.9018836,2.357095,1.9074868,1.0688559,0.0,1.9074868,2.1573493,2.357095,1.5736225,1.5736225,0.0,1.0688559,0.0,1.0688559,1.0688559,1.0688559,0.0,1.0688559,0.0,1.0688559,1.0688559,1.0688559,0.0,0.0,CD8_T
3.6306295,2.9636369,2.9636369,0.9284921,1.7213497,0.0,0.0,1.401523,0.9284921,2.3208318,1.401523,0.0,0.9284921,1.7213497,2.9636369,0.0,2.4608557,2.3208318,1.401523,2.3208318,3.351742,3.403964,2.1579583,0.0,2.5836596,2.3208318,2.1579583,1.7213497,0.0,1.9632955,2.7915885,0.9284921,0.9284921,1.401523,1.401523,1.9632955,0.9284921,3.0397,1.7213497,0.0,1.9632955,0.9284921,1.401523,2.1579583,0.9284921,0.0,0.0,2.1579583,0.9284921,0.0,CD8_T
1.5156541,0.0,2.0924559,3.1569374,0.0,0.0,2.5526686,2.9930346,0.0,0.0,0.0,0.0,0.0,1.5156541,1.2143978,0.0,0.0,2.4559233,0.78121877,0.78121877,3.495646,1.2143978,0.0,0.0,3.1052315,1.2143978,0.0,1.2143978,0.0,0.0,0.0,1.9345115,0.0,3.1052315,1.2143978,1.5156541,1.9345115,1.9345115,0.0,1.5156541,0.0,0.0,1.5156541,0.0,2.0924559,1.2143978,0.0,0.0,1.5156541,0.0,CD4_T
0.0,0.0,0.9055958,1.6901355,0.0,0.0,3.003416,0.0,0.0,0.9055958,1.3729078,0.0,0.0,0.9055958,1.6901355,0.0,1.3729078,0.0,1.3729078,1.3729078,3.96213,3.1398792,1.3729078,0.0,2.4260263,2.1242983,0.0,0.9055958,0.0,1.6901355,0.9055958,1.3729078,0.0,2.7558272,1.3729078,2.1242983,0.9055958,2.5484478,0.9055958,1.6901355,0.9055958,0.0,1.9305965,0.9055958,1.9305965,0.0,0.0,0.0,0.0,0.0,CD4_T
1.6907065,0.0,3.5314894,2.928162,1.1667866,0.0,1.8762751,3.2746525,1.4626726,2.802244,2.802244,0.7447086,1.6907065,2.7327924,2.802244,0.0,1.1667866,2.4897513,1.8762751,1.6907065,3.187277,2.928162,1.1667866,0.7447086,3.355003,0.0,0.0,0.7447086,0.0,2.168001,0.0,1.4626726,1.4626726,2.802244,0.7447086,3.0915298,0.0,2.2871284,0.7447086,1.1667866,1.1667866,2.168001,1.1667866,1.6907065,0.0,1.1667866,0.0,2.6581547,2.577494,0.7447086,CD4_T
0.0,0.0,0.85717064,2.849423,0.0,0.0,1.8603423,0.0,0.0,0.0,0.0,0.0,2.6786103,1.8603423,0.0,0.0,0.85717064,0.0,0.0,0.0,3.697295,3.18056,0.85717064,0.0,2.0518672,1.3118315,0.0,1.6232327,0.0,0.0,0.0,0.85717064,0.0,0.85717064,0.0,1.3118315,1.6232327,1.3118315,0.85717064,1.3118315,0.0,0.0,0.0,1.6232327,0.85717064,1.3118315,0.0,0.0,0.0,0.0,CD4_T
0.0,0.0,0.0,2.4153492,0.0,0.0,0.0,0.0,0.0,0.0,0.0,0.0,0.0,2.4153492,0.82163274,0.0,1.8077706,2.1570113,2.4153492,2.620464,3.950636,2.4153492,0.82163274,0.0,2.2944994,2.620464,0.0,0.0,0.0,1.8077706,0.0,1.8077706,0.0,2.5231564,0.82163274,2.2944994,0.0,3.3235388,1.2665024,0.0,0.0,0.0,1.2665024,1.2665024,1.5733194,0.0,0.0,2.2944994,0.0,0.0,CD4_T
0.0,0.0,0.73684084,2.913936,0.0,0.0,0.0,2.8530085,0.0,0.0,2.718741,0.73684084,1.8635565,3.3011484,2.1546965,0.0,1.8635565,2.0196846,2.0196846,0.73684084,3.8212733,0.73684084,3.2174804,0.0,2.1546965,2.718741,0.0,0.0,0.0,2.0196846,2.0196846,1.4511392,0.73684084,1.1564564,2.4759707,2.2736297,2.0196846,3.2174804,0.0,1.4511392,0.0,0.0,0.73684084,1.8635565,1.8635565,0.0,0.0,1.1564564,2.0196846,1.6784598,CD4_T
2.5800977,2.766897,2.0511584,1.3112372,1.6225797,0.0,0.0,2.2118158,2.3502,2.9242337,3.2346253,0.0,3.060148,3.3360405,2.6778526,0.0,3.5520432,1.6225797,2.9242337,1.8596554,4.604598,3.383135,2.2118158,2.0511584,1.3112372,2.5800977,0.0,2.2118158,0.0,1.8596554,2.2118158,2.3502,2.5800977,2.994498,1.6225797,2.5800977,0.85670245,3.471151,1.8596554,0.85670245,0.85670245,0.0,1.8596554,2.0511584,1.3112372,1.3112372,0.0,1.6225797,0.85670245,0.0,CD8_T
2.6235414,2.1599464,2.0004292,1.2688868,2.1599464,0.0,0.0,1.8105456,2.1599464,2.9390686,0.8234934,0.0,2.0004292,2.7122347,3.4145823,0.0,3.6395557,1.2688868,2.0004292,0.8234934,3.4145823,2.9390686,2.6235414,0.0,1.8105456,2.0004292,0.0,0.0,0.0,0.8234934,0.0,0.8234934,1.2688868,1.5759507,1.2688868,0.8234934,0.8234934,2.0004292,0.0,2.0004292,2.0004292,0.0,1.5759507,1.5759507,1.2688868,1.2688868,0.0,1.5759507,1.8105456,0.0,CD8_T
1.8202345,0.0,1.2772194,2.428919,0.0,0.0,1.2772194,3.2908812,1.8202345,0.0,0.0,0.0,2.1701913,1.8202345,2.1701913,0.0,3.077,1.8202345,2.428919,1.8202345,2.634279,1.8202345,0.0,0.0,1.8202345,1.2772194,0.0,1.2772194,0.0,2.634279,1.2772194,1.2772194,0.0,2.8045669,0.0,1.2772194,1.2772194,3.9149468,1.2772194,0.0,1.2772194,0.0,1.8202345,2.428919,0.0,0.0,0.0,0.0,1.8202345,0.0,CD4_T
0.0,0.0,0.8212759,1.8072381,0.0,0.0,0.8212759,2.7899854,0.0,0.0,2.5225708,0.0,2.4147694,3.2759354,2.2939267,0.8212759,1.266045,1.266045,1.9970096,1.266045,3.7617152,2.6198735,1.266045,0.0,2.156448,2.2939267,0.0,1.266045,0.0,1.5728146,1.5728146,1.9970096,1.8072381,2.7085423,0.8212759,1.8072381,2.2939267,3.491494,0.0,3.062193,1.8072381,0.0,1.5728146,1.266045,0.8212759,0.8212759,0.0,1.9970096,0.0,1.266045,CD4_T
0.0,0.0,1.9533613,2.9526713,0.0,0.0,2.450282,0.92151237,0.0,0.0,2.450282,0.0,2.5729713,1.9533613,1.3928171,0.0,2.1477356,0.0,2.1477356,2.7807355,3.837141,1.9533613,1.3928171,0.0,2.3104074,0.0,0.0,2.450282,0.0,1.3928171,0.0,2.3104074,0.92151237,2.1477356,0.0,2.1477356,2.3104074,3.16532,0.0,2.450282,0.0,0.0,1.3928171,1.7118617,0.92151237,0.92151237,0.0,1.7118617,0.0,0.0,CD8_T
2.5379558,0.0,2.9449854,3.4570608,0.0,0.0,2.4505174,3.5824442,0.7224313,2.6183596,1.9955987,2.4505174,1.4299052,1.6558895,2.8268113,0.0,1.9955987,2.8876429,0.0,1.6558895,3.190787,3.1462243,0.7224313,0.7224313,2.8876429,1.1374702,0.0,1.6558895,0.0,1.6558895,0.0,1.1374702,1.4299052,1.6558895,1.8401005,1.4299052,1.4299052,1.1374702,0.7224313,0.7224313,2.4505174,0.0,0.7224313,0.7224313,1.8401005,0.0,0.0,1.1374702,1.9955987,1.8401005,CD4_T
0.0,0.0,0.0,2.1465337,0.9206932,0.0,2.5717144,2.1465337,0.0,0.0,1.3917944,0.0,1.7107468,0.0,2.1465337,0.0,0.0,0.0,0.9206932,0.0,1.7107468,3.0273955,0.9206932,0.0,0.9206932,1.7107468,0.0,1.3917944,0.0,2.3091817,0.0,1.3917944,1.7107468,1.3917944,0.0,1.7107468,1.3917944,2.3091817,0.9206932,0.9206932,0.0,0.0,0.0,1.7107468,1.3917944,1.3917944,0.0,0.9206932,0.0,0.0,CD8_T
0.0,0.0,0.0,2.861388,0.0,0.0,0.8644984,1.8710728,0.0,0.0,0.0,0.0,1.6334367,2.937022,1.8710728,0.0,2.3624287,0.0,0.8644984,0.8644984,3.3490722,0.8644984,1.3211237,0.0,1.6334367,0.8644984,0.0,1.3211237,0.0,0.0,0.0,0.8644984,0.8644984,3.247606,0.0,0.0,1.8710728,2.6904395,0.8644984,1.6334367,1.3211237,0.0,1.3211237,0.8644984,2.2238545,0.0,0.0,1.8710728,0.0,0.0,CD4_T
3.4071808,3.3054953,3.3054953,0.0,0.0,2.2776787,2.539396,0.0,2.539396,0.0,0.0,0.0,0.0,0.0,2.539396,0.0,2.9182043,0.0,0.0,0.0,0.0,0.0,0.0,0.0,1.3655823,0.0,0.0,0.0,1.9222039,1.3655823,0.0,1.9222039,0.0,1.3655823,1.3655823,0.0,0.0,0.0,1.3655823,0.0,0.0,1.3655823,0.0,1.3655823,0.0,1.3655823,0.0,1.3655823,1.3655823,2.539396,CD8_T
0.0,0.0,0.0,2.7486968,0.0,0.0,3.2335844,1.4467757,0.0,0.0,2.3747358,0.0,2.210851,2.210851,1.4467757,0.0,0.96496487,0.0,0.0,0.0,3.6886966,1.4467757,0.96496487,0.0,2.6388834,1.4467757,0.0,0.0,0.0,0.96496487,0.0,1.4467757,0.96496487,0.96496487,0.0,1.7705505,0.0,3.0202465,0.0,2.210851,0.0,0.96496487,1.4467757,1.4467757,2.210851,2.0147405,0.0,1.4467757,0.96496487,0.0,CD4_T
3.5217407,3.5669167,2.984044,0.0,2.1770027,0.9415553,0.9415553,0.0,0.9415553,0.0,0.9415553,2.713084,0.9415553,3.5669167,2.603558,0.0,1.9818101,1.9818101,0.0,0.0,3.4247627,3.1970184,2.1770027,1.4177766,2.1770027,0.9415553,1.4177766,2.1770027,0.9415553,1.739044,1.4177766,1.4177766,1.4177766,2.811789,1.4177766,1.739044,2.9016209,2.713084,0.9415553,0.9415553,2.603558,0.0,0.0,0.0,1.4177766,1.4177766,0.0,1.4177766,0.0,0.9415553,CD8_T
3.1100628,1.1449375,2.8371372,2.9553833,0.0,0.0,0.0,2.2585266,0.72809076,0.0,1.4382622,2.898007,2.460548,2.8371372,1.1449375,0.0,3.0096452,0.72809076,2.5480652,2.460548,3.3985374,2.460548,2.460548,0.0,2.0050864,2.6285357,2.0050864,1.4382622,0.0,1.6647761,0.72809076,1.4382622,0.72809076,2.8371372,2.2585266,1.6647761,0.0,3.1567268,1.1449375,2.3646302,0.0,0.0,1.4382622,1.8493383,0.72809076,0.72809076,0.0,0.72809076,0.72809076,0.72809076,CD8_T
2.007872,2.7412767,3.5036716,2.7412767,1.4407178,0.0,0.0,3.3464482,2.007872,2.007872,1.4407178,3.4539607,1.4407178,2.6315224,1.4407178,0.0,2.7412767,2.2037938,0.0,0.0,3.0889595,2.3675466,1.7639754,0.9600639,0.9600639,1.7639754,0.9600639,2.007872,0.0,2.3675466,0.0,1.7639754,0.9600639,0.0,0.9600639,2.007872,0.9600639,3.1598086,0.9600639,0.0,0.0,0.0,1.4407178,0.0,2.007872,1.4407178,0.0,2.007872,0.0,0.0,CD4_T
0.0,0.0,1.1312463,2.7534454,0.0,0.0,2.6098566,1.1312463,0.0,0.0,1.9876759,0.0,1.9876759,2.442137,2.6098566,0.0,1.9876759,0.0,1.6484729,1.1312463,3.481017,2.2405043,0.0,0.0,1.9876759,0.0,0.0,0.0,0.0,2.2405043,2.6098566,1.1312463,1.9876759,1.6484729,1.1312463,0.0,1.1312463,2.442137,0.0,2.442137,0.0,0.0,1.1312463,1.6484729,1.9876759,1.1312463,0.0,0.0,0.0,1.6484729,CD4_T
0.0,0.0,0.9959736,2.5612125,0.0,0.0,2.79522,1.8119013,0.0,0.0,0.9959736,0.0,1.8119013,0.9959736,1.4849439,0.0,0.0,0.0,0.0,0.0,3.2813015,2.4198482,0.9959736,0.0,1.8119013,0.0,0.0,1.4849439,0.0,0.0,0.9959736,1.8119013,1.4849439,2.4198482,0.0,0.0,0.0,1.8119013,0.9959736,0.9959736,0.0,0.0,0.9959736,0.0,0.9959736,0.9959736,0.0,0.0,0.9959736,0.0,CD4_T
0.0,0.0,0.90436876,2.5465484,0.0,0.0,3.4619102,2.4241478,0.0,0.0,0.90436876,0.90436876,0.0,3.3651233,1.6884553,0.0,2.2846484,0.90436876,1.3713695,1.9288349,3.7759922,2.5465484,1.3713695,0.90436876,0.90436876,0.90436876,0.0,0.0,0.0,1.3713695,0.0,1.3713695,0.0,1.3713695,0.0,0.90436876,1.3713695,2.1224842,0.0,1.9288349,0.0,0.0,1.9288349,1.3713695,1.6884553,0.0,0.0,0.0,0.0,0.0,CD4_T
3.5936599,4.321089,2.4518735,0.0,3.1775746,3.8112888,2.2866318,0.0,3.3151019,0.0,0.0,0.0,1.0182502,1.5121983,2.7177875,3.1775746,1.8413492,2.088573,0.0,1.0182502,1.0182502,2.4518735,1.5121983,2.2866318,1.0182502,3.0180714,2.7177875,1.0182502,2.088573,1.0182502,1.5121983,1.0182502,1.5121983,2.7177875,1.5121983,1.5121983,1.5121983,1.8413492,1.0182502,0.0,1.5121983,0.0,1.5121983,0.0,1.5121983,1.8413492,2.088573,0.0,1.5121983,0.0,CD8_T
1.5233229,1.0273747,3.0316274,2.9411292,0.0,0.0,1.0273747,3.2623992,0.0,1.0273747,2.101067,1.5233229,1.5233229,3.114611,2.841619,0.0,1.8533509,1.0273747,2.101067,2.101067,3.9362123,3.3911319,1.8533509,0.0,1.0273747,2.299441,0.0,1.0273747,0.0,1.8533509,0.0,0.0,0.0,1.5233229,1.0273747,1.5233229,1.5233229,3.114611,0.0,1.0273747,1.0273747,1.8533509,0.0,1.0273747,2.4649022,1.0273747,0.0,1.0273747,1.8533509,1.5233229,CD4_T
0.0,0.0,1.1000811,2.8352864,0.0,0.0,1.6112003,2.710106,0.0,0.0,1.6112003,0.0,1.1000811,2.5669825,1.9477983,0.0,0.0,0.0,2.9465256,0.0,4.1453023,1.1000811,1.9477983,0.0,2.1991825,1.1000811,0.0,2.3998978,0.0,2.3998978,0.0,0.0,0.0,2.8352864,1.1000811,1.9477983,1.1000811,3.2979577,1.1000811,1.1000811,1.1000811,0.0,1.9477983,3.2209902,1.9477983,0.0,0.0,0.0,1.6112003,0.0,CD4_T
0.0,0.49156964,1.0663098,3.0292294,0.0,0.0,2.0774,1.5705478,0.0,0.0,2.3535829,0.0,1.694544,1.694544,1.5705478,0.0,2.0774,0.49156964,0.81967443,1.8048472,3.7135103,2.2249959,2.0774,0.49156964,1.9041834,2.1539185,0.0,1.0663098,0.0,2.0774,1.9945375,1.5705478,1.0663098,2.2913547,0.0,2.0774,1.694544,2.4121644,0.49156964,1.5705478,1.0663098,0.0,0.0,1.2639916,1.9945375,0.0,0.0,0.0,0.0,0.0,CD8_T
0.0,0.0,0.8858771,2.3956904,0.0,0.0,0.8858771,0.0,0.0,0.0,2.0950139,0.0,1.6630415,3.1080184,0.8858771,0.0,1.3481306,0.0,2.5177677,2.724652,3.43164,2.2566106,0.0,0.8858771,2.2566106,1.6630415,0.0,0.0,0.0,2.0950139,0.8858771,0.8858771,0.8858771,0.8858771,0.0,0.0,1.6630415,2.8139834,0.0,1.9021735,0.8858771,0.0,1.9021735,2.0950139,2.0950139,0.8858771,0.0,0.0,0.0,0.8858771,CD4_T
0.0,0.0,1.8112944,3.5342515,0.0,0.0,2.7130706,2.8698673,0.0,0.8239959,1.5766609,0.0,0.8239959,1.2695305,2.1607385,0.0,1.2695305,2.1607385,0.8239959,1.2695305,3.1246989,2.4191873,1.2695305,0.0,2.1607385,1.2695305,0.0,0.8239959,0.0,1.5766609,2.2982893,2.0012033,1.5766609,1.5766609,1.2695305,0.0,2.527033,2.624372,1.2695305,1.5766609,0.8239959,0.0,2.1607385,0.8239959,2.4191873,0.0,0.0,1.5766609,0.0,2.0012033,CD4_T
4.050092,4.5316916,2.9857283,0.0,1.9833398,2.7487402,1.1278445,0.0,2.437549,0.0,0.0,0.0,1.1278445,1.1278445,2.9857283,2.9857283,1.9833398,2.9857283,0.0,2.437549,3.1771743,2.236014,2.605201,2.236014,1.9833398,2.8742383,2.437549,0.0,2.7487402,1.6444154,1.1278445,1.6444154,1.1278445,2.236014,2.605201,1.6444154,0.0,0.0,1.1278445,2.605201,0.0,3.4093597,1.9833398,0.0,0.0,2.605201,2.437549,1.9833398,1.1278445,0.0,CD8_T
0.0,0.0,0.8580305,2.2138703,0.0,0.0,2.5822299,1.3129228,0.0,0.0,0.0,0.0,2.5822299,1.3129228,2.0531688,0.0,0.0,0.8580305,0.0,0.8580305,4.192809,2.3522868,1.8616034,0.8580305,1.6244315,1.3129228,0.0,0.0,0.0,1.3129228,1.3129228,0.0,2.2138703,2.3522868,0.8580305,1.6244315,2.6800013,2.0531688,0.8580305,0.8580305,0.0,0.0,1.6244315,0.0,0.8580305,0.8580305,0.0,1.3129228,0.0,0.0,CD4_T
0.0,0.0,0.8762745,2.08065,0.0,0.0,0.0,0.0,0.0,0.0,0.0,0.0,0.0,2.8805017,1.3360188,0.0,0.0,0.0,1.6497741,1.3360188,3.9940364,2.2419438,0.0,0.0,2.502704,2.9562194,0.0,0.0,0.0,0.0,1.3360188,1.3360188,1.3360188,3.026605,0.8762745,2.6113493,0.8762745,2.7985783,0.8762745,0.8762745,0.8762745,0.8762745,0.0,2.08065,2.2419438,0.8762745,0.0,2.08065,0.8762745,0.0,CD4_T
3.8655386,3.2550964,3.3685842,0.0,1.4147031,2.33658,1.4147031,0.0,0.0,0.0,0.93908197,1.7356999,1.7356999,2.8977861,1.4147031,1.7356999,2.33658,2.7092955,0.0,2.1734056,3.0563202,1.9783123,2.33658,1.9783123,2.4768262,1.9783123,1.7356999,2.1734056,0.0,1.4147031,2.7092955,0.93908197,1.7356999,1.4147031,2.599801,0.93908197,0.0,1.9783123,2.33658,0.93908197,1.9783123,2.599801,0.93908197,1.4147031,0.0,0.0,1.9783123,0.93908197,2.8977861,1.4147031,CD8_T
0.0,0.0,1.994044,2.7603526,0.0,0.0,2.6166916,1.654434,0.0,0.0,1.1362482,0.0,1.1362482,2.2470975,0.0,0.0,0.0,0.0,1.654434,1.1362482,2.9975073,1.994044,0.0,0.0,1.654434,0.0,0.0,0.0,0.0,0.0,0.0,1.654434,0.0,0.0,0.0,1.654434,0.0,2.7603526,0.0,0.0,0.0,0.0,1.654434,2.2470975,1.994044,0.0,0.0,0.0,0.0,1.1362482,CD4_T
0.0,0.8926311,3.4427376,3.5722637,0.0,0.0,0.8926311,2.824766,0.0,0.0,0.8926311,2.105076,0.0,1.3566314,1.6723443,0.0,2.9068215,1.6723443,0.8926311,1.6723443,2.9826515,1.6723443,0.0,0.0,1.3566314,1.9119369,0.0,0.0,0.0,0.0,0.8926311,0.8926311,1.9119369,2.105076,1.3566314,0.8926311,0.0,2.6371918,0.0,0.0,2.105076,0.8926311,2.105076,2.2668824,1.3566314,0.8926311,0.0,0.8926311,0.8926311,1.3566314,CD4_T
3.6202154,2.3899035,2.2257435,0.97534174,0.0,0.0,0.0,1.4595789,1.4595789,0.0,2.3899035,0.0,2.3899035,3.1834154,1.4595789,0.0,0.97534174,0.97534174,3.1834154,3.0361485,4.5897756,2.6544094,1.7844361,2.2257435,3.1124904,2.7643461,2.029239,0.0,0.0,1.7844361,2.9534929,2.3899035,1.4595789,2.7643461,0.97534174,2.3899035,0.97534174,3.1124904,0.0,0.97534174,0.97534174,0.97534174,1.4595789,0.0,0.97534174,0.0,0.0,1.7844361,0.97534174,0.97534174,CD8_T
3.0750828,3.84786,2.0648217,1.192294,3.5672615,0.0,2.836878,0.0,2.5235786,1.192294,1.192294,3.1758142,0.0,0.0,2.0648217,0.0,1.7208471,2.0648217,2.3202798,1.7208471,3.0750828,1.192294,1.192294,1.192294,0.0,1.192294,1.192294,1.192294,2.0648217,2.0648217,1.192294,1.7208471,0.0,2.9630563,1.192294,1.192294,0.0,3.1758142,2.0648217,1.192294,0.0,0.0,2.836878,2.3202798,1.192294,2.0648217,0.0,1.7208471,0.0,0.0,CD8_T
0.9859623,0.0,0.0,2.5465293,0.0,0.0,0.9859623,2.6702182,0.0,0.0,2.6702182,0.0,0.9859623,3.0523336,1.7985977,0.0,2.8794174,1.7985977,2.5465293,3.3866463,3.9066346,2.8794174,1.4726509,0.0,2.8794174,2.5465293,0.0,1.4726509,0.0,1.7985977,1.7985977,0.9859623,0.0,2.4053528,0.0,2.0440164,1.7985977,3.544079,0.0,0.9859623,0.0,0.0,1.4726509,1.7985977,1.4726509,0.0,0.0,2.2409172,0.0,0.0,CD4_T
0.0,0.0,1.4989647,3.5771239,0.0,0.0,4.066825,1.0074197,1.4989647,0.0,0.0,0.0,1.0074197,2.0736878,0.0,0.0,1.8270586,0.0,0.0,1.4989647,3.5771239,2.2713656,1.0074197,0.0,2.0736878,1.0074197,0.0,1.4989647,0.0,0.0,1.0074197,3.084764,2.0736878,1.4989647,1.8270586,1.8270586,0.0,2.4363425,1.4989647,0.0,0.0,0.0,2.2713656,1.0074197,1.4989647,0.0,0.0,0.0,0.0,1.0074197,CD4_T
0.0,0.0,2.4211247,3.5212667,1.6299082,0.0,0.0,1.6299082,0.0,0.0,1.9678266,2.2199435,0.0,3.73848,2.7318916,0.0,2.4211247,1.9678266,2.2199435,1.6299082,3.5212667,2.9686348,1.1156998,0.0,3.320426,0.0,0.0,1.1156998,0.0,2.8572528,1.1156998,1.9678266,1.6299082,3.3919494,2.4211247,2.4211247,1.6299082,3.2433903,1.6299082,0.0,0.0,1.9678266,2.4211247,2.588532,1.1156998,0.0,0.0,1.6299082,1.9678266,0.0,CD4_T
3.5721452,3.8337767,2.4547875,0.0,2.4547875,1.8440324,1.2977335,0.0,2.1953304,0.0,0.0,0.0,1.2977335,0.0,2.1953304,0.0,2.4547875,1.2977335,0.0,0.0,0.0,0.0,1.8440324,2.1953304,0.0,3.3181744,2.6606054,0.0,1.2977335,0.0,0.0,1.8440324,1.8440324,0.0,1.2977335,0.0,0.0,0.0,1.8440324,1.8440324,0.0,0.0,0.0,1.2977335,1.2977335,2.1953304,1.2977335,0.0,0.0,0.0,CD8_T
3.2208748,3.282915,3.0838966,0.95679325,2.6266,0.0,1.7595813,3.0076618,1.7595813,1.7595813,2.6266,2.3627398,0.0,1.7595813,2.6266,3.282915,3.0076618,2.003281,0.0,1.7595813,2.3627398,3.0838966,3.0838966,2.003281,2.6266,2.1990755,2.5033476,0.95679325,0.0,2.1990755,2.1990755,0.0,2.1990755,2.003281,2.003281,2.003281,1.7595813,2.8351731,2.1990755,0.95679325,0.95679325,0.0,0.0,1.4366713,0.0,0.95679325,0.0,0.0,2.3627398,0.0,CD8_T
3.4794414,0.0,2.344924,3.1358907,0.0,0.0,2.9065118,3.0651202,0.94471484,2.1815917,3.2019818,0.0,3.0651202,3.5719454,2.717916,0.0,0.0,0.94471484,0.0,2.1815917,4.0534334,3.5719454,1.986273,0.0,0.94471484,0.0,0.0,2.717916,0.0,1.986273,0.94471484,2.1815917,2.4852865,0.94471484,1.7433112,2.344924,1.4217001,2.8166533,0.0,2.344924,0.0,0.0,1.986273,2.1815917,0.94471484,0.94471484,0.0,1.986273,1.4217001,1.4217001,CD4_T
2.5568123,0.9929685,3.1394022,3.9829714,0.0,0.0,0.9929685,3.505121,0.0,0.0,0.0,2.7907429,0.0,1.8079126,2.5568123,0.0,1.8079126,1.8079126,0.0,0.9929685,2.2508893,1.4812568,1.8079126,0.0,2.2508893,2.415504,0.0,0.0,0.0,0.0,0.9929685,2.0537314,0.0,2.415504,1.4812568,2.0537314,0.0,2.7907429,2.2508893,0.0,0.0,0.0,2.0537314,0.0,1.8079126,0.0,0.0,1.4812568,1.4812568,0.0,CD4_T
0.0,0.0,0.0,2.6860538,0.0,0.0,0.0,2.6052186,0.0,0.0,0.0,0.0,2.5172698,2.6860538,1.4857808,0.0,0.0,0.0,2.058834,1.4857808,3.8411465,0.0,2.3140957,0.0,1.7152177,2.058834,0.0,1.187521,0.0,0.0,0.0,0.0,0.7605587,0.7605587,0.0,0.0,1.7152177,2.6860538,1.9017129,1.4857808,0.0,0.0,0.0,1.7152177,1.7152177,0.0,0.0,0.7605587,0.0,0.0,CD4_T
0.0,0.0,1.1857815,2.8931086,0.0,0.0,0.0,1.4838443,0.0,0.0,1.4838443,0.0,1.1857815,2.1923633,0.0,0.0,3.258315,2.0566502,0.7592261,2.8931086,3.8864615,3.0661533,1.7131649,0.0,1.1857815,2.3118396,0.0,1.7131649,0.0,1.8995835,0.7592261,1.8995835,0.0,2.6837208,0.7592261,1.1857815,0.7592261,2.5149686,0.0,2.758495,0.0,0.7592261,1.7131649,1.4838443,1.8995835,0.7592261,0.0,0.0,1.1857815,0.7592261,CD4_T
3.5064273,4.0361123,3.7157145,0.0,2.634159,3.5064273,0.0,0.0,2.3077831,0.0,0.8299304,2.8044453,2.1700766,1.5850382,2.9499097,0.0,1.8201262,2.4288013,0.0,1.2771262,2.010332,2.3077831,2.3077831,0.0,2.4288013,1.8201262,0.0,0.8299304,1.5850382,0.8299304,0.0,2.010332,2.010332,2.010332,1.5850382,1.8201262,1.2771262,1.5850382,0.8299304,0.0,0.8299304,0.0,0.0,0.8299304,0.8299304,1.5850382,0.8299304,0.0,0.8299304,1.8201262,CD8_T
3.4897542,3.9985797,3.2614682,0.0,2.2367234,2.775876,2.5422037,0.98302203,2.0399315,0.0,0.0,0.0,1.4690351,0.98302203,2.4010832,0.0,2.6658497,1.4690351,0.0,1.4690351,3.4897542,2.5422037,2.2367234,1.4690351,2.5422037,1.4690351,2.0399315,1.4690351,2.5422037,1.7946821,1.4690351,2.5422037,2.0399315,2.5422037,2.2367234,0.0,0.0,2.775876,1.4690351,1.4690351,1.7946821,2.6658497,0.0,0.98302203,0.0,0.98302203,0.98302203,0.0,1.7946821,2.0399315,CD8_T
2.8568661,0.0,2.219578,2.219578,0.0,0.0,2.5881526,3.391553,0.0,0.0,0.0,2.219578,1.6295782,3.0684536,3.242996,0.0,3.5208685,2.219578,0.0,2.8568661,4.368596,0.0,2.5881526,0.0,0.0,0.0,0.0,2.5881526,0.0,1.6295782,0.0,2.5881526,0.0,1.6295782,0.0,1.6295782,0.0,3.0684536,0.0,1.6295782,0.0,1.6295782,1.6295782,0.0,2.219578,0.0,0.0,0.0,2.219578,0.0,CD4_T
0.0,0.0,0.0,1.9697706,0.0,0.0,0.0,1.4072031,0.0,0.0,2.3276236,0.0,0.0,1.9697706,0.0,0.0,0.9330526,0.0,0.0,1.9697706,3.7528152,2.7000396,2.16462,0.0,1.9697706,1.7275362,0.0,0.9330526,0.0,0.0,0.0,0.9330526,0.0,1.7275362,0.0,1.9697706,0.0,2.16462,0.9330526,0.0,0.0,0.0,0.0,0.0,1.4072031,1.4072031,0.0,0.0,0.9330526,0.0,CD4_T
3.915763,3.8266869,3.2832754,1.1437705,2.458982,2.003605,1.1437705,0.0,3.0080175,1.1437705,1.1437705,0.0,1.6633881,3.6204898,2.003605,0.0,1.1437705,1.1437705,1.6633881,2.2569935,1.6633881,3.1996677,2.003605,2.2569935,0.0,2.003605,1.6633881,0.0,2.003605,1.1437705,2.2569935,1.1437705,2.003605,2.003605,1.6633881,2.003605,1.1437705,2.458982,0.0,1.6633881,2.2569935,0.0,0.0,0.0,0.0,2.2569935,0.0,0.0,1.6633881,0.0,CD8_T
0.0,0.0,1.8146205,3.183222,0.0,0.0,2.1642559,1.8146205,1.8146205,3.0706072,1.8146205,0.0,1.8146205,2.628059,2.798271,0.0,1.27239,0.0,0.0,1.27239,4.2166166,2.628059,2.628059,1.27239,2.1642559,1.8146205,2.1642559,1.8146205,0.0,1.27239,2.422809,1.27239,1.27239,2.1642559,1.27239,1.27239,0.0,3.5381105,1.27239,1.27239,0.0,0.0,1.8146205,1.8146205,1.27239,0.0,0.0,0.0,1.27239,0.0,CD8_T
3.7258675,3.4874148,3.097124,1.5090356,2.7139971,3.3111908,3.0142114,2.2829862,2.2829862,0.0,0.0,1.5090356,1.5090356,1.0156595,3.2447996,2.9237976,1.8379352,1.8379352,1.0156595,1.5090356,2.448165,3.2447996,2.2829862,0.0,2.0850177,2.2829862,0.0,2.448165,2.5898886,1.5090356,2.0850177,1.5090356,1.8379352,1.8379352,2.0850177,1.8379352,0.0,2.0850177,1.8379352,0.0,1.0156595,0.0,0.0,1.8379352,1.0156595,1.0156595,1.5090356,0.0,1.8379352,2.0850177,CD8_T
2.639407,2.9228852,2.9632015,1.7209728,2.320418,1.9629009,0.56814724,1.7209728,1.9629009,1.4011769,1.5738044,0.0,1.8492352,2.3928754,2.5832353,0.0,1.1924006,2.2422972,1.5738044,1.1924006,4.142571,2.837022,1.8492352,0.0,2.8808749,2.7911577,0.0,0.56814724,0.0,1.1924006,1.1924006,1.7209728,1.7209728,2.7911577,1.5738044,1.8492352,1.1924006,2.639407,1.7209728,0.0,1.1924006,0.9282145,0.9282145,1.4011769,0.56814724,1.5738044,0.0,1.8492352,1.1924006,0.56814724,CD4_T
4.222805,3.7414224,3.2462864,1.3201172,2.2226305,2.8600936,0.0,0.0,2.2226305,2.6891599,2.7782745,0.0,0.8637041,2.2226305,1.8699113,0.8637041,2.2226305,1.632332,2.0617423,1.8699113,3.7734466,2.3611853,2.7782745,2.0617423,2.482858,1.8699113,2.2226305,0.0,0.8637041,2.2226305,2.2226305,3.1914148,2.3611853,2.5913196,1.3201172,0.8637041,0.0,3.3477476,1.8699113,0.0,0.0,2.2226305,1.632332,0.8637041,0.0,1.632332,0.8637041,2.0617423,1.8699113,0.0,CD8_T
4.242047,3.7982442,4.080308,0.0,3.3323677,3.171785,3.470696,0.0,3.171785,0.0,2.2309923,0.0,2.2309923,2.5999932,2.8689322,2.2309923,3.6478214,2.5999932,1.1240443,0.0,4.9576187,4.007499,3.2552962,1.9784912,3.2552962,2.4324172,2.7434766,1.1240443,3.080659,1.6398797,2.2309923,2.5999932,2.4324172,1.9784912,1.1240443,2.9803886,0.0,3.4039218,1.9784912,1.1240443,0.0,2.2309923,1.6398797,1.1240443,0.0,1.1240443,2.5999932,1.1240443,1.6398797,1.9784912,CD8_T
0.0,0.0,0.0,1.6304582,0.0,0.0,0.0,1.6304582,0.0,0.0,1.3184105,0.0,1.3184105,1.3184105,0.0,1.3184105,1.6304582,0.0,0.0,0.0,3.3926105,2.77609,2.0597093,0.0,1.6304582,2.77609,0.0,1.8679413,0.0,1.3184105,2.2205534,0.8623573,0.8623573,1.6304582,1.8679413,1.3184105,0.0,2.2205534,0.8623573,1.6304582,0.0,0.0,0.8623573,0.0,1.3184105,2.2205534,0.0,0.0,0.0,0.0,CD8_T
3.1573424,3.0865014,3.399159,0.0,1.4387525,2.3652127,0.0,2.2015028,2.3652127,0.0,0.0,2.7388673,0.9584751,2.3652127,2.0056427,0.0,1.4387525,1.7618415,0.0,2.2015028,3.7934277,1.7618415,0.0,0.0,2.2015028,2.2015028,0.0,0.0,1.7618415,0.9584751,1.7618415,1.4387525,2.3652127,2.2015028,0.0,2.0056427,0.0,2.2015028,0.0,0.0,0.9584751,1.7618415,1.4387525,1.4387525,0.0,1.7618415,0.0,1.4387525,2.3652127,1.7618415,CD8_T
3.6461465,3.734847,3.1825023,1.0215374,2.9325058,2.833046,0.0,0.0,1.5162088,0.0,2.093079,2.093079,1.0215374,2.2912521,2.4565732,0.0,3.253643,2.093079,0.0,1.5162088,3.440958,1.5162088,1.0215374,2.093079,1.0215374,1.8456769,2.4565732,0.0,1.0215374,0.0,0.0,0.0,1.5162088,1.5162088,0.0,1.0215374,1.0215374,2.2912521,0.0,1.0215374,0.0,0.0,2.093079,1.0215374,0.0,1.8456769,1.5162088,0.0,1.0215374,0.0,CD8_T
0.0,0.0,1.6430123,2.0733232,0.0,0.0,2.0733232,2.4950159,0.0,0.0,1.3298513,0.87139404,2.4950159,1.3298513,1.3298513,0.0,1.8811373,0.0,0.87139404,0.0,3.537061,1.8811373,1.3298513,0.0,1.6430123,2.6035905,0.0,0.0,0.0,0.87139404,0.0,0.87139404,1.6430123,0.0,0.0,0.0,2.6035905,2.2344608,0.0,0.0,0.0,0.0,0.0,1.6430123,1.3298513,0.0,0.0,1.3298513,1.3298513,0.0,CD4_T
0.0,0.0,0.0,1.7822399,0.0,0.0,0.0,2.2233894,0.0,0.0,0.97369814,0.0,2.0269465,1.7822399,0.97369814,0.0,2.3875058,0.97369814,0.97369814,0.0,2.5284472,1.7822399,1.457553,0.0,2.2233894,2.3875058,0.0,0.0,0.0,2.2233894,1.7822399,0.0,0.0,2.0269465,0.0,1.457553,0.97369814,1.7822399,0.0,2.0269465,0.97369814,0.0,1.7822399,2.0269465,2.2233894,0.97369814,0.0,0.97369814,0.0,0.0,CD4_T
0.0,0.0,0.0,2.819392,0.0,0.0,2.5513957,0.0,0.0,0.0,2.1841762,0.0,2.5513957,2.819392,0.0,0.0,1.597702,0.0,1.597702,0.0,4.1599236,1.597702,3.204776,0.0,3.4822645,0.0,0.0,0.0,0.0,0.0,1.597702,0.0,0.0,2.5513957,0.0,0.0,2.5513957,4.096425,0.0,0.0,0.0,0.0,0.0,3.0305355,1.597702,0.0,0.0,2.1841762,0.0,0.0,CD4_T
0.0,0.0,3.5080352,3.7400718,0.0,0.0,0.0,1.7887449,0.0,0.0,0.0,1.2501796,0.0,0.8089216,0.0,0.0,1.555289,2.3946064,0.0,0.8089216,2.136874,0.0,0.8089216,0.0,0.8089216,1.9778829,0.0,0.0,0.0,1.2501796,0.0,1.555289,1.555289,1.555289,1.9778829,1.9778829,0.0,1.9778829,1.555289,1.7887449,0.0,0.8089216,1.2501796,0.0,1.7887449,0.0,0.0,0.8089216,2.136874,1.555289,CD4_T
0.0,0.0,0.94644785,2.720563,0.0,0.0,1.4238508,0.94644785,0.0,0.0,2.184106,0.0,1.4238508,0.0,2.184106,0.0,1.9887184,0.0,1.9887184,1.4238508,4.1841574,2.720563,0.0,0.94644785,1.7456498,3.2047005,0.0,1.7456498,0.0,1.7456498,0.94644785,1.9887184,0.0,2.720563,0.94644785,1.7456498,2.4878845,2.720563,0.0,2.3474865,0.0,0.0,1.7456498,1.4238508,2.3474865,0.0,0.0,0.0,1.7456498,0.0,CD4_T
0.7490319,0.0,2.175281,3.1484118,0.0,0.0,2.039883,1.8832377,1.1724521,0.0,0.0,2.665798,2.2945137,2.4010324,0.0,0.0,1.6974132,1.1724521,1.8832377,1.8832377,4.0187697,1.4689922,1.4689922,0.0,2.039883,0.7490319,0.0,0.7490319,0.0,0.7490319,0.7490319,2.039883,1.4689922,1.6974132,1.6974132,2.175281,0.7490319,2.175281,0.0,1.8832377,1.1724521,0.0,0.7490319,1.1724521,1.6974132,0.0,0.0,1.4689922,1.8832377,0.0,CD4_T
0.0,0.0,3.1265466,1.6019601,0.0,0.0,1.937896,0.0,1.0923847,0.0,1.6019601,0.0,2.3893933,2.3893933,3.2098956,0.0,1.0923847,1.0923847,1.937896,2.82441,3.8409915,2.6993206,1.6019601,0.0,2.3893933,2.82441,0.0,0.0,0.0,1.6019601,1.6019601,2.3893933,0.0,2.5563161,0.0,2.5563161,1.0923847,1.6019601,1.937896,2.1889124,1.0923847,0.0,1.0923847,1.0923847,0.0,0.0,0.0,1.6019601,1.937896,1.937896,CD4_T
0.0,0.0,1.4627576,2.3936636,0.0,0.0,0.0,0.74476665,0.0,0.0,0.0,0.0,0.74476665,1.1668626,1.6907967,0.0,1.1668626,0.0,0.0,1.1668626,3.531597,1.6907967,0.74476665,1.1668626,2.0328345,3.040089,0.0,0.74476665,0.0,0.0,1.4627576,0.0,0.74476665,2.168099,0.0,0.74476665,1.1668626,1.6907967,0.74476665,1.6907967,0.0,0.74476665,0.74476665,0.74476665,2.0328345,0.74476665,0.0,1.1668626,0.74476665,0.0,CD8_T
3.8477104,3.1096535,1.7207215,0.9280294,1.7207215,0.0,1.4009464,2.460156,2.6923053,3.2375922,2.460156,0.0,2.7908704,2.460156,1.9626379,0.0,2.1572816,1.7207215,0.9280294,1.4009464,4.130046,2.7908704,2.1572816,1.7207215,2.9629114,0.9280294,1.4009464,1.9626379,0.0,0.9280294,1.4009464,2.3201418,2.460156,3.1756675,1.9626379,2.6923053,0.0,2.5829523,1.4009464,0.9280294,0.0,0.0,2.1572816,2.1572816,0.0,2.1572816,0.0,1.4009464,0.9280294,0.0,CD8_T
3.9022064,3.9457798,4.3303704,1.1647345,1.6882756,2.6553826,0.0,0.0,2.7994437,0.0,2.0301483,0.0,0.0,2.4870176,3.5912983,1.6882756,1.6882756,1.1647345,0.0,2.2844503,2.7994437,1.1647345,2.6553826,2.2844503,2.0301483,2.0301483,0.0,0.0,2.7994437,1.1647345,2.0301483,1.6882756,1.6882756,1.6882756,1.6882756,0.0,1.6882756,2.4870176,0.0,1.1647345,0.0,3.706014,2.7994437,1.1647345,0.0,1.1647345,1.1647345,0.0,2.0301483,1.1647345,CD8_T
0.0,0.0,1.1898227,1.9045293,0.0,0.0,0.76232296,1.7179329,0.0,0.0,1.4883425,0.0,0.76232296,2.6082845,1.4883425,0.0,1.1898227,0.0,0.76232296,1.7179329,3.49684,2.4238503,0.76232296,1.1898227,1.1898227,1.4883425,0.0,1.7179329,0.0,1.4883425,0.0,0.0,1.4883425,2.1975293,0.0,1.1898227,1.7179329,0.0,0.0,2.0617223,0.0,0.0,1.1898227,0.0,2.0617223,0.76232296,0.0,0.0,0.0,0.0,CD8_T
3.4477377,4.1248484,3.633244,0.0,3.924893,2.5023177,0.0,0.0,2.5023177,1.7586528,0.0,0.0,0.9561026,2.361724,3.0065954,0.0,2.1980784,2.5023177,0.0,0.0,3.3402483,3.0065954,0.9561026,2.0023108,2.5023177,3.0065954,1.7586528,2.5023177,0.9561026,0.9561026,0.0,2.0023108,1.4358164,1.7586528,1.4358164,1.4358164,1.4358164,1.7586528,2.5023177,1.4358164,1.4358164,2.1980784,0.0,0.9561026,0.9561026,1.7586528,0.9561026,1.4358164,1.7586528,0.0,CD8_T
0.0,0.0,1.7763712,3.0269165,0.0,0.0,0.0,2.9443011,0.0,0.0,2.521952,0.0,2.2170956,2.6453948,2.6453948,0.0,2.2170956,0.0,0.9693103,1.4521409,3.9458425,2.6453948,1.4521409,0.0,0.9693103,2.6453948,0.0,0.0,0.0,1.4521409,0.9693103,0.9693103,0.0,2.2170956,0.0,0.9693103,1.4521409,3.0269165,0.0,1.4521409,0.0,0.0,0.9693103,0.0,1.7763712,0.0,0.0,1.4521409,0.0,0.0,CD4_T
0.0,0.0,0.0,1.7449994,0.0,0.0,2.8185768,2.1834068,0.0,0.0,0.0,0.0,0.0,0.94596577,2.3467739,0.0,1.4232526,0.94596577,0.0,1.4232526,4.15907,1.4232526,1.7449994,0.0,1.7449994,1.4232526,0.0,2.3467739,0.0,0.94596577,0.0,0.94596577,0.94596577,3.1378474,0.0,0.0,0.0,2.8185768,0.0,0.0,0.0,0.94596577,1.7449994,0.94596577,0.94596577,0.94596577,0.0,1.4232526,0.94596577,0.0,CD4_T
0.0,0.0,1.0023704,1.4927839,0.0,0.0,1.4927839,0.0,0.0,0.0,1.820379,0.0,1.4927839,2.5705588,1.820379,0.0,0.0,1.0023704,1.4927839,1.4927839,3.746997,1.820379,0.0,0.0,2.0667274,1.820379,0.0,1.0023704,0.0,1.0023704,1.4927839,1.0023704,0.0,2.9040186,0.0,1.4927839,2.0667274,2.9040186,1.4927839,0.0,0.0,0.0,1.0023704,2.0667274,1.0023704,1.4927839,0.0,1.0023704,0.0,0.0,CD4_T
4.7175865,2.6243718,1.6611384,0.0,2.254508,0.0,0.0,1.6611384,2.254508,3.0053785,0.0,0.0,0.0,1.1418796,3.1057746,0.0,2.0012033,0.0,0.0,2.254508,1.1418796,1.1418796,0.0,1.6611384,0.0,2.8937664,0.0,0.0,0.0,0.0,0.0,1.1418796,0.0,0.0,0.0,1.1418796,0.0,2.4564433,1.1418796,1.6611384,1.1418796,0.0,1.6611384,0.0,0.0,2.0012033,0.0,1.6611384,0.0,0.0,CD8_T
0.0,1.9409552,1.0947605,2.938961,0.0,0.0,0.69025975,2.074383,1.38196,1.0947605,1.38196,0.0,1.0947605,1.0947605,0.69025975,0.0,1.9409552,0.0,0.0,0.69025975,0.69025975,0.0,1.0947605,2.7671678,1.0947605,2.5596123,0.0,0.0,0.0,0.69025975,0.0,1.38196,2.2973816,0.69025975,0.69025975,0.0,0.0,0.69025975,1.9409552,0.0,0.0,0.0,2.3926392,0.69025975,1.38196,1.0947605,0.0,1.0947605,0.69025975,0.0,CD8_T
2.2269235,4.0473375,3.4791129,0.0,1.4605943,3.746122,0.9761658,0.9761658,2.391105,0.0,0.0,1.4605943,1.7855366,1.4605943,2.8646321,0.0,2.7655854,3.1846833,0.9761658,0.9761658,3.0374074,2.0303876,1.4605943,0.9761658,2.391105,2.2269235,0.0,0.0,2.391105,0.9761658,0.9761658,2.5320938,0.9761658,2.0303876,1.4605943,1.7855366,0.0,1.4605943,0.9761658,1.7855366,0.9761658,3.0374074,1.7855366,1.7855366,0.0,0.9761658,0.9761658,0.9761658,1.7855366,2.655639,CD8_T
0.0,0.7224313,1.4299052,3.5217164,0.0,0.0,1.6558895,2.5379558,0.0,0.0,2.6927772,0.0,0.0,3.3136716,1.9955987,0.0,2.1301394,0.0,2.9449854,1.1374702,3.794068,2.2487068,0.7224313,0.7224313,2.1301394,1.1374702,0.0,1.1374702,0.0,2.2487068,1.1374702,0.7224313,0.7224313,2.999217,1.4299052,1.6558895,2.1301394,3.5525413,1.1374702,1.4299052,0.0,0.0,1.4299052,2.4505174,0.7224313,0.0,0.0,1.4299052,1.1374702,0.0,CD8_T
0.0,0.0,0.0,3.4754324,0.0,0.0,2.0270894,2.3876555,0.0,0.0,0.0,0.0,2.3876555,1.782377,1.782377,0.0,1.4576794,1.4576794,1.782377,2.3876555,3.3093681,1.4576794,1.4576794,0.0,0.97380066,1.4576794,0.0,0.97380066,0.0,0.0,0.0,2.3876555,0.97380066,1.4576794,0.0,0.97380066,0.97380066,3.1101258,1.4576794,1.782377,0.97380066,0.97380066,0.0,1.4576794,2.5285985,0.97380066,0.0,0.0,0.0,0.0,CD4_T
3.2956443,4.1741905,3.1353028,0.0,2.5647647,3.4963136,2.8330252,2.3977134,2.5647647,0.0,1.609278,2.7078636,1.609278,1.609278,3.6633668,2.3977134,1.609278,1.609278,0.0,1.609278,2.1970468,2.3977134,0.0,1.0984789,1.9457388,0.0,0.0,0.0,2.5647647,0.0,0.0,1.0984789,1.9457388,1.0984789,1.609278,1.609278,0.0,0.0,1.609278,1.0984789,0.0,1.0984789,0.0,0.0,0.0,1.9457388,3.218684,1.0984789,0.0,1.0984789,CD8_T
0.0,0.0,3.100831,2.7925727,0.7787235,0.0,0.7787235,3.1525264,0.0,0.0,1.5120605,0.0,1.9305712,1.2111605,1.5120605,0.0,2.088418,2.3446398,1.2111605,2.3446398,2.4517121,1.7430519,1.5120605,0.0,2.088418,1.2111605,0.0,1.5120605,0.0,2.2247126,1.7430519,1.7430519,2.088418,2.7925727,1.9305712,0.0,2.088418,3.4166517,0.0,0.7787235,0.7787235,0.0,1.5120605,2.636596,1.7430519,0.0,0.0,1.2111605,1.7430519,1.7430519,CD4_T
3.735355,2.683368,3.16648,0.9222418,2.451389,0.9222418,1.7128544,2.1488056,2.1488056,2.7818718,2.9538193,2.451389,2.451389,2.1488056,2.7818718,0.0,1.3937277,2.5740902,1.7128544,1.7128544,4.144908,3.3939552,2.451389,0.9222418,1.9544009,2.451389,1.7128544,2.1488056,0.0,1.3937277,1.7128544,2.1488056,1.7128544,2.1488056,0.9222418,2.451389,1.3937277,2.3114984,2.451389,0.0,0.9222418,0.9222418,0.9222418,1.7128544,0.0,2.3114984,0.0,0.9222418,0.9222418,0.0,CD8_T
0.0,0.0,0.0,3.3225567,0.0,0.0,3.0004058,3.3225567,0.82106197,0.0,1.5725119,0.0,2.864932,3.3674362,1.5725119,0.0,0.0,1.2657708,1.5725119,1.5725119,3.3674362,2.4144216,1.8069189,0.0,3.8732357,0.0,0.0,1.2657708,0.0,1.9966795,1.2657708,0.0,0.0,3.3674362,0.82106197,0.82106197,1.5725119,3.4103878,1.2657708,1.2657708,0.0,0.0,0.82106197,1.2657708,2.5222194,0.0,0.0,0.82106197,0.0,0.0,CD4_T
3.9944837,4.71883,3.7657037,0.0,3.2358572,3.8635798,2.9320433,0.0,3.3968427,0.0,0.0,0.0,0.0,1.6940517,2.661968,4.0731087,2.493512,2.8060956,0.0,3.144472,3.6571982,2.9320433,1.6940517,1.6940517,2.493512,2.0363023,2.493512,1.6940517,2.493512,2.0363023,1.6940517,1.1696117,2.493512,0.0,1.1696117,2.0363023,0.0,2.0363023,1.1696117,0.0,0.0,1.1696117,0.0,0.0,0.0,1.1696117,3.3968427,1.1696117,2.0363023,1.6940517,CD8_T
0.0,0.0,1.2863401,2.8918624,0.0,0.0,1.2863401,2.8918624,0.0,0.0,2.4404376,0.0,1.5951916,2.8918624,0.83714265,0.0,0.0,1.2863401,2.021387,2.5484931,4.1970196,3.3030388,0.83714265,0.0,1.8308249,2.7348437,0.0,0.0,0.0,1.8308249,1.8308249,0.83714265,0.0,2.1813827,0.0,2.021387,0.0,2.8164318,0.83714265,2.021387,0.0,0.0,1.8308249,2.9620001,2.3192754,0.0,0.0,1.2863401,0.0,0.0,CD4_T
3.4310317,3.1726735,2.0840929,1.5082129,2.2820375,1.5082129,2.823396,1.0149858,2.2820375,2.823396,2.823396,0.0,2.9227982,2.9227982,1.5082129,0.0,1.8370472,2.2820375,0.0,1.0149858,4.1363873,3.310173,3.0132072,1.8370472,1.8370472,1.5082129,1.5082129,0.0,0.0,0.0,1.5082129,2.4472,2.7130108,2.5889115,0.0,3.0961156,0.0,1.8370472,1.8370472,0.0,1.8370472,0.0,3.4310317,1.5082129,1.8370472,0.0,0.0,1.0149858,1.0149858,0.0,CD8_T
4.131251,3.9521368,3.0642588,0.0,1.2676016,1.80905,2.1583645,0.0,0.0,0.0,2.6218832,2.1583645,2.416743,2.6218832,2.1583645,2.416743,2.1583645,1.2676016,1.2676016,0.0,2.416743,2.7920198,2.1583645,2.416743,2.937375,1.80905,2.937375,1.80905,0.0,0.0,1.2676016,0.0,1.2676016,3.0642588,0.0,2.416743,0.0,2.7920198,1.2676016,0.0,1.2676016,0.0,1.2676016,0.0,0.0,2.1583645,1.2676016,1.2676016,0.0,0.0,CD8_T
3.5027342,3.0292404,2.8392575,1.8512362,2.8392575,1.0257652,0.0,0.0,1.5213622,2.098866,3.5027342,2.4626076,2.7287564,2.098866,2.297185,0.0,2.098866,0.0,2.9387538,1.0257652,4.355899,2.9387538,2.7287564,1.8512362,1.5213622,2.098866,1.5213622,0.0,0.0,0.0,1.0257652,0.0,1.5213622,1.8512362,2.297185,1.8512362,1.5213622,3.1122143,0.0,0.0,1.8512362,0.0,1.0257652,1.5213622,1.5213622,2.297185,0.0,1.5213622,1.5213622,0.0,CD8_T
0.0,0.0,1.6285896,3.343258,0.0,0.0,2.684823,1.6285896,0.0,0.0,2.5870154,0.0,2.684823,2.2184818,1.8659765,0.0,2.0576818,0.8610151,2.3569713,2.684823,3.634163,2.7739108,0.8610151,0.0,2.9313157,2.4785938,0.0,1.6285896,0.0,2.4785938,0.0,1.8659765,0.0,2.684823,0.0,2.0576818,0.8610151,2.3569713,0.8610151,2.0576818,0.8610151,0.0,2.2184818,1.6285896,1.8659765,0.8610151,0.0,0.0,0.8610151,1.6285896,CD4_T
0.0,0.0,0.0,2.9435265,0.0,0.0,3.3600767,2.7544944,0.0,0.0,0.0,0.0,1.4515146,2.02011,0.0,0.0,1.4515146,0.9688028,0.0,1.4515146,3.7345626,1.7756919,2.216367,0.0,1.4515146,0.9688028,0.0,2.02011,0.0,1.7756919,0.0,0.0,0.0,2.02011,0.0,0.9688028,2.216367,1.4515146,0.0,0.0,2.216367,0.0,0.9688028,0.9688028,2.216367,0.9688028,0.0,0.0,0.0,0.0,CD4_T
0.0,0.0,1.8229854,3.227695,0.0,0.0,1.4951953,1.4951953,0.0,0.0,1.0043396,0.0,2.2670116,1.8229854,1.0043396,0.0,1.0043396,0.0,1.0043396,2.0694437,3.789914,2.0694437,1.4951953,0.0,1.4951953,1.0043396,0.0,2.2670116,0.0,0.0,1.0043396,0.0,1.0043396,1.0043396,0.0,1.0043396,1.4951953,1.8229854,1.0043396,1.8229854,0.0,0.0,2.5734308,1.0043396,1.4951953,1.0043396,0.0,0.0,0.0,1.4951953,CD4_T
0.0,1.9435567,1.7025018,1.7025018,0.0,0.0,0.0,1.3842354,1.3842354,2.300114,3.088421,0.0,2.300114,3.0178127,2.300114,0.0,2.300114,0.0,3.0178127,1.9435567,4.0832763,3.2162397,1.7025018,0.9146439,3.088421,1.3842354,2.671592,1.9435567,0.0,0.9146439,0.0,0.9146439,2.1376433,3.1543713,0.0,0.9146439,0.9146439,2.671592,1.3842354,0.9146439,2.1376433,0.0,0.0,2.300114,0.0,1.7025018,0.0,0.9146439,0.0,0.0,CD8_T
3.627357,2.4577813,2.1549854,2.3178005,2.5805519,0.0,1.7185899,2.5805519,2.1549854,2.3178005,2.3178005,2.1549854,3.4007142,1.3989899,2.1549854,0.0,2.8781352,2.3178005,2.5805519,1.7185899,3.877269,2.788433,1.9604063,0.0,3.4007142,2.4577813,0.0,2.1549854,0.0,1.9604063,0.92646,1.7185899,1.7185899,3.0364993,0.0,1.3989899,0.0,3.2350974,1.3989899,1.9604063,1.7185899,0.0,0.0,3.1071727,0.0,0.0,0.0,0.0,0.0,1.3989899,CD8_T
3.282116,1.9206611,1.9206611,2.8513603,0.0,0.0,2.9776447,2.781686,0.0,0.0,2.214372,0.0,0.0,3.1414237,2.5377314,0.0,1.5030283,0.0,2.0782611,0.0,3.704093,3.2373824,2.0782611,1.2030287,3.282116,1.2030287,0.7724637,0.0,0.0,1.7334901,1.2030287,2.4411154,0.0,1.5030283,0.0,1.2030287,0.0,3.8870919,0.0,0.7724637,2.3341565,0.7724637,0.7724637,2.5377314,0.0,1.2030287,0.0,2.214372,0.7724637,0.0,CD8_T
2.211471,0.0,2.8482916,3.2789814,0.0,0.0,0.0,2.4381423,0.0,0.0,1.5004967,1.9178818,1.2007508,2.778631,1.7308093,0.0,1.2007508,1.9178818,1.2007508,2.778631,3.1874309,2.9745538,0.7707124,0.0,2.778631,2.3312156,0.0,1.5004967,0.0,1.2007508,0.7707124,1.2007508,0.7707124,2.9134142,1.7308093,2.3312156,0.7707124,2.211471,1.2007508,1.7308093,0.0,0.7707124,1.9178818,1.5004967,1.5004967,0.0,0.0,1.2007508,2.4381423,0.0,CD4_T
0.0,0.0,0.0,2.575849,0.0,0.0,0.0,1.3078805,0.0,0.0,1.6188912,0.0,1.8557751,2.7625887,1.3078805,0.0,0.0,1.3078805,0.0,0.85405934,3.930237,1.3078805,0.0,0.0,2.7625887,2.6735716,0.0,2.047153,0.0,1.6188912,0.0,2.3460414,1.3078805,1.6188912,1.6188912,1.8557751,1.6188912,2.047153,0.0,1.8557751,0.0,0.85405934,1.6188912,0.85405934,0.85405934,0.0,0.0,0.0,0.85405934,0.0,CD4_T
2.3237357,2.794611,0.9304408,0.9304408,1.7239944,0.0,2.9666905,2.3237357,1.9660637,3.2414207,2.1608064,0.0,1.4039508,2.3237357,2.9666905,0.0,1.9660637,0.9304408,3.0427659,2.5866365,4.465852,2.1608064,0.9304408,1.9660637,2.6960206,1.7239944,0.0,0.0,0.0,2.3237357,0.0,1.9660637,2.3237357,3.1134608,2.1608064,1.4039508,0.9304408,3.2997422,2.1608064,2.3237357,0.0,2.463801,0.0,1.7239944,0.9304408,1.4039508,0.0,0.9304408,0.9304408,0.0,CD8_T
0.0,0.0,0.0,2.8944075,0.0,0.0,1.9752315,1.7327552,0.0,0.0,0.9369056,0.0,1.4119972,0.9369056,1.7327552,0.0,0.0,0.0,0.9369056,2.170237,3.1896975,2.705958,2.596491,0.0,1.4119972,2.705958,0.0,0.9369056,0.0,2.170237,0.0,0.9369056,0.9369056,1.4119972,0.0,1.7327552,1.4119972,2.3333502,0.0,1.4119972,0.9369056,0.0,1.9752315,1.4119972,0.9369056,0.9369056,0.0,0.0,0.0,0.0,CD4_T
0.0,0.0,1.0826702,1.9253662,0.0,0.0,0.0,2.2810028,0.0,0.0,1.0826702,0.0,0.0,2.5428073,1.3683416,0.0,2.058465,0.6812145,1.7717918,1.3683416,3.8476977,2.1759114,2.4629202,1.3683416,1.3683416,2.3760924,0.0,1.5902767,0.0,0.6812145,0.6812145,0.6812145,1.0826702,2.6167822,0.0,2.2810028,0.6812145,3.3779976,0.0,1.7717918,0.0,0.0,1.0826702,1.7717918,1.5902767,0.0,0.0,0.0,0.0,0.0,CD8_T
3.7320201,4.0992026,3.222368,0.0,3.222368,2.4946332,1.5487878,0.0,2.7614677,0.0,1.0483295,0.0,2.129603,1.0483295,2.129603,2.971891,1.8807838,2.129603,0.0,2.129603,2.129603,2.3286822,2.3286822,3.0625353,1.0483295,1.5487878,2.3286822,1.5487878,1.0483295,1.0483295,1.0483295,2.129603,2.971891,2.4946332,0.0,1.5487878,1.5487878,2.129603,1.8807838,1.0483295,0.0,2.3286822,1.0483295,1.8807838,0.0,2.3286822,1.5487878,0.0,1.5487878,1.0483295,CD8_T
3.0572114,3.9296834,3.0572114,0.0,1.7364702,2.4776828,2.6006665,0.0,1.4154111,0.0,2.4776828,0.0,1.4154111,3.64853,1.7364702,3.369487,4.0722065,2.981079,2.3374248,2.1742344,4.565436,2.981079,1.9791181,1.9791181,2.6006665,0.0,1.9791181,2.3374248,2.808854,1.9791181,3.1279552,1.4154111,1.9791181,3.8332741,2.6006665,3.0572114,0.0,3.6883101,0.93965155,1.4154111,2.3374248,2.3374248,0.93965155,1.7364702,0.0,0.0,2.8986697,2.4776828,1.9791181,1.7364702,CD8_T
2.0744483,0.0,3.1621149,2.5787208,1.0079719,0.0,3.4757075,3.4203675,0.0,0.0,1.0079719,2.8130312,1.0079719,3.2995548,2.437136,0.0,1.0079719,1.0079719,1.0079719,1.0079719,3.4757075,2.2721455,1.8277884,0.0,2.437136,1.0079719,0.0,1.8277884,0.0,1.4996401,1.8277884,1.0079719,0.0,3.0027287,1.8277884,1.0079719,0.0,3.1621149,1.0079719,0.0,0.0,1.4996401,0.0,1.8277884,1.0079719,0.0,0.0,1.4996401,0.0,1.4996401,CD4_T
0.0,0.9881799,2.2440767,3.2031028,0.0,0.0,1.8015484,1.4753764,0.9881799,0.0,0.0,0.0,2.2440767,2.0470943,3.547512,0.0,0.9881799,0.0,1.4753764,2.0470943,3.9100988,3.1321158,1.4753764,2.0470943,1.8015484,2.2440767,0.0,0.0,0.0,2.5497875,0.0,2.2440767,0.0,2.2440767,0.0,0.9881799,0.0,2.4085693,0.9881799,1.4753764,0.9881799,0.0,2.2440767,1.4753764,1.8015484,0.9881799,0.0,0.9881799,0.0,1.4753764,CD8_T
0.0,0.0,0.8973387,2.4133625,0.0,0.0,0.8973387,1.3625476,0.0,0.0,0.0,0.0,0.0,0.8973387,1.6788144,0.0,1.3625476,0.8973387,0.0,0.8973387,3.2465734,2.6445844,0.8973387,0.0,0.0,2.2740207,0.0,2.4133625,0.0,1.6788144,0.8973387,0.8973387,0.0,1.9187245,0.0,0.8973387,0.0,2.1120696,0.0,1.9187245,0.0,0.0,0.8973387,0.8973387,1.9187245,0.8973387,0.0,0.0,0.0,0.0,CD8_T
0.7836017,0.7836017,3.1611419,4.102101,2.5567183,0.0,0.0,2.5567183,1.5190822,2.5567183,3.0548894,2.8010223,1.7504815,1.5190822,2.5567183,0.0,0.7836017,2.352779,1.2174871,2.9359903,4.020156,3.4633245,2.2327423,0.7836017,3.4253561,1.9382693,0.0,2.4599385,0.0,2.352779,0.0,2.6449528,2.096306,1.7504815,1.5190822,2.8707817,1.5190822,2.7260292,0.7836017,0.7836017,2.352779,0.7836017,2.096306,2.5567183,1.2174871,0.0,0.0,2.096306,2.096306,0.0,CD4_T
0.0,0.0,1.1717597,2.0390105,0.0,0.0,2.6648645,0.74850327,0.0,0.0,2.0390105,0.0,1.8823874,2.8090215,0.0,0.0,0.74850327,0.74850327,1.696594,1.4682202,3.570345,2.5841615,2.4001205,0.0,2.293612,1.1717597,0.0,1.1717597,0.0,2.293612,1.4682202,1.1717597,0.74850327,2.496369,0.74850327,2.0390105,2.1743922,2.7395384,1.1717597,1.1717597,0.0,0.0,1.1717597,0.74850327,2.496369,0.0,0.0,0.0,0.0,0.0,CD4_T
0.0,0.0,2.1743922,2.9924858,0.0,0.0,2.1743922,2.1743922,0.0,0.0,0.0,1.8823874,0.0,1.4682202,1.8823874,0.0,0.0,2.496369,1.4682202,1.696594,2.496369,1.8823874,0.0,0.0,1.4682202,1.8823874,0.0,0.0,0.0,0.0,0.0,2.293612,0.74850327,2.0390105,1.4682202,0.74850327,0.0,3.098417,0.74850327,1.1717597,0.74850327,0.0,2.0390105,1.4682202,2.1743922,0.74850327,0.0,1.1717597,2.1743922,0.0,CD4_T
3.5280604,0.0,2.3903537,3.1838908,2.0296695,0.0,2.2261858,3.1129642,1.4599595,2.5313327,2.8638523,2.2261858,2.0296695,3.3122306,4.230747,0.0,0.97565055,1.4599595,1.4599595,2.0296695,3.7453144,2.2261858,1.7848486,0.0,3.0366204,0.0,0.0,1.4599595,0.0,0.0,1.7848486,2.2261858,0.0,2.3903537,0.97565055,2.5313327,0.0,3.3122306,2.2261858,0.97565055,2.6548703,2.0296695,1.7848486,0.97565055,0.0,0.0,0.0,2.0296695,1.4599595,1.4599595,CD4_T
0.0,0.0,0.90612274,2.5492632,0.0,0.0,0.0,1.3735682,0.0,0.0,0.0,0.0,2.7566555,1.9313526,1.3735682,0.0,0.0,0.0,0.0,0.90612274,2.6583261,2.4268327,0.90612274,0.0,1.6908568,1.3735682,0.0,2.5492632,0.0,1.3735682,1.3735682,2.287294,0.0,1.3735682,0.0,0.0,1.9313526,0.90612274,0.90612274,1.6908568,0.0,0.0,0.90612274,0.90612274,1.3735682,0.0,0.0,0.0,0.0,0.0,CD4_T
4.2074113,2.7426348,3.2894192,0.0,2.2050853,1.7651784,1.7651784,0.96096003,2.2050853,2.9315274,3.0903451,0.96096003,3.2894192,2.8415346,2.009129,0.0,1.441826,1.7651784,2.2050853,2.2050853,4.342085,2.7426348,2.009129,2.2050853,2.8415346,0.0,1.441826,3.0140858,0.0,2.009129,2.6328697,0.96096003,2.5095534,2.3688624,0.96096003,2.6328697,1.7651784,3.1611989,0.96096003,1.7651784,1.7651784,1.7651784,1.441826,0.96096003,0.96096003,2.5095534,0.0,0.0,1.441826,1.441826,CD8_T
0.0,0.0,1.6471741,3.023542,0.0,0.0,1.6471741,0.8743968,0.0,0.0,2.6083667,2.0778332,0.0,2.0778332,1.6471741,0.0,2.4997485,1.3336469,0.0,1.8855101,3.6566293,3.365521,0.8743968,0.0,2.7063346,0.8743968,0.0,0.0,0.0,0.0,2.239067,1.8855101,0.0,0.8743968,1.3336469,0.0,0.8743968,2.3778782,0.0,1.6471741,0.0,0.0,1.6471741,0.8743968,1.8855101,0.0,0.0,0.0,0.8743968,0.0,CD4_T
4.0099254,3.1767883,2.3836243,0.0,2.219578,0.0,0.0,1.454275,2.7578685,1.454275,1.7786856,0.0,3.0295668,2.8568661,2.3836243,0.0,2.3836243,0.9710399,2.8568661,0.9710399,4.548804,3.3050911,1.454275,2.524514,2.524514,2.7578685,2.3836243,0.9710399,0.0,2.219578,0.9710399,1.7786856,2.219578,2.7578685,0.0,2.0232358,0.0,2.524514,1.454275,0.0,0.9710399,1.454275,0.9710399,0.0,0.0,1.7786856,0.0,1.454275,0.9710399,0.0,CD8_T
0.0,0.0,3.1777952,3.7193878,0.0,0.0,1.7225449,3.2693093,0.0,0.0,1.1937344,1.1937344,1.9093125,1.7225449,2.5254803,0.0,2.3221443,1.9093125,1.9093125,1.7225449,3.9868655,1.9093125,1.9093125,0.0,2.3221443,0.0,0.0,1.1937344,0.0,2.6134894,0.0,2.3221443,1.9093125,2.5254803,2.066627,1.9093125,1.4926949,2.2025247,0.0,1.7225449,0.0,1.7225449,1.9093125,1.4926949,1.1937344,0.7653235,0.0,2.2025247,2.7692058,1.7225449,CD4_T
0.8770936,0.0,1.3370531,2.7106488,0.0,0.0,1.6509078,2.2431977,0.0,0.0,0.0,0.0,2.9575493,2.081878,1.8894322,0.0,2.081878,0.8770936,0.8770936,1.8894322,4.2654247,3.155401,1.3370531,0.0,0.8770936,0.0,0.0,2.7106488,0.0,0.8770936,2.081878,2.081878,1.3370531,3.2135155,0.0,1.8894322,1.6509078,2.6126492,0.8770936,1.3370531,1.3370531,0.0,2.081878,0.0,2.2431977,0.8770936,0.0,0.8770936,0.0,0.0,CD4_T
3.9249873,3.8849876,3.2891204,1.939934,2.7015412,2.7015412,2.8266494,0.0,2.7015412,0.0,1.0939673,1.939934,2.558512,3.489744,2.3915558,3.6567655,2.9378316,2.558512,0.0,3.706767,3.6567655,1.0939673,3.0378802,1.0939673,1.0939673,1.6038613,2.1910264,1.0939673,2.8266494,2.1910264,2.558512,1.0939673,2.558512,2.558512,1.6038613,2.1910264,0.0,2.3915558,2.1910264,1.0939673,1.939934,0.0,1.939934,1.0939673,1.0939673,0.0,2.8266494,2.1910264,2.558512,0.0,CD8_T
2.7984464,4.1601043,4.2439876,0.0,3.0264716,3.0922267,0.0,0.8761927,1.8881226,0.0,0.0,1.649661,2.9560864,2.6112194,3.659629,0.0,2.0805273,2.2418184,0.0,1.8881226,3.3190117,2.7984464,2.7092083,1.649661,2.0805273,2.6112194,0.0,1.649661,2.380672,2.7984464,1.8881226,2.0805273,2.2418184,2.2418184,2.5025752,2.2418184,1.8881226,1.3359154,0.0,1.3359154,2.8803697,0.8761927,2.380672,0.8761927,0.8761927,2.0805273,2.5025752,0.0,2.380672,1.3359154,CD8_T
0.0,0.0,0.0,3.2434466,0.0,0.0,2.8838825,2.9596148,0.0,0.0,2.2451453,0.0,2.38405,2.3170075,2.2451453,0.0,1.1347663,0.0,1.1347663,1.7790753,3.507363,2.7583077,1.7790753,0.0,2.0837848,2.6146681,0.0,0.0,0.0,1.7790753,0.53267455,0.8783664,0.53267455,2.8437512,0.53267455,1.9921583,1.1347663,2.5618057,0.8783664,1.5079391,0.53267455,0.53267455,1.5079391,0.8783664,2.38405,0.0,0.0,1.3386599,0.53267455,0.0,CD4_T
3.4148295,2.5264444,3.3718712,1.5761535,2.5264444,1.2690706,3.0662074,1.5761535,2.1601725,1.5761535,2.869264,2.0006502,0.82363683,2.7939384,2.5264444,0.0,2.4186046,2.9393108,0.82363683,1.5761535,3.6056507,3.0662074,2.297714,1.2690706,2.6237786,0.0,0.0,1.2690706,1.8107594,0.0,0.82363683,2.7124734,1.5761535,3.1240873,1.2690706,0.0,0.0,2.0006502,1.2690706,2.1601725,0.0,0.0,0.82363683,0.82363683,1.2690706,1.2690706,0.0,0.82363683,1.8107594,0.82363683,CD8_T
1.2766601,0.82956594,2.87921,3.8336575,0.0,0.0,0.0,1.8195845,0.0,0.0,1.5845243,0.0,2.1695042,1.2766601,3.7150838,0.0,1.8195845,0.0,0.82956594,1.2766601,3.6831055,2.307201,3.07626,2.536147,1.8195845,2.9492972,0.0,0.82956594,0.0,1.2766601,1.5845243,2.1695042,1.5845243,2.633559,0.0,0.82956594,2.0097723,2.1695042,2.0097723,2.428212,1.2766601,0.82956594,2.0097723,0.0,1.2766601,0.0,0.0,1.2766601,1.8195845,0.82956594,CD8_T
0.0,0.0,0.0,2.4555988,0.0,0.0,1.8447795,1.8447795,1.0208555,0.0,1.0208555,0.0,1.0208555,1.0208555,2.290294,0.0,2.4555988,0.0,0.0,1.0208555,2.290294,1.8447795,1.0208555,0.0,0.0,2.4555988,0.0,0.0,0.0,1.8447795,0.0,1.5153769,1.0208555,1.5153769,1.0208555,1.0208555,0.0,0.0,0.0,1.0208555,0.0,0.0,1.8447795,0.0,0.0,0.0,0.0,0.0,0.0,0.0,CD4_T
3.955727,0.0,1.8552061,3.2295613,0.0,0.0,1.3073885,1.6183505,1.3073885,1.6183505,3.116713,0.0,2.575226,2.4669151,0.8536721,0.0,0.8536721,0.0,0.8536721,1.6183505,3.929576,2.575226,0.0,1.6183505,3.1747282,2.3454318,2.0465658,2.3454318,0.0,2.2071226,1.8552061,1.3073885,1.3073885,0.8536721,1.6183505,2.6729438,1.6183505,2.6729438,2.2071226,2.2071226,0.0,0.0,2.575226,2.0465658,0.0,0.0,0.0,0.0,0.0,0.0,CD8_T
1.063363,1.063363,2.8939679,3.167714,1.063363,0.0,2.1499438,3.167714,1.063363,2.9937773,1.063363,1.063363,2.1499438,2.1499438,2.7830806,0.0,0.0,1.566987,1.063363,2.8939679,3.9549778,2.5158048,1.566987,0.0,2.8939679,1.063363,0.0,2.7830806,0.0,2.3495135,2.1499438,1.900357,1.900357,2.6583457,1.566987,2.1499438,1.063363,2.9937773,0.0,1.566987,0.0,0.0,1.063363,1.900357,0.0,1.566987,0.0,1.063363,2.1499438,2.1499438,CD4_T
0.0,0.77929777,2.089348,2.452682,0.0,0.0,0.0,2.452682,0.0,0.0,3.65734,1.512888,1.2119058,2.5493991,1.9314786,0.0,1.512888,0.0,2.5493991,1.7439275,4.0942955,2.5493991,2.5493991,0.0,2.2256594,2.8632958,0.0,1.512888,1.2119058,2.2256594,2.089348,0.0,0.0,2.089348,0.0,2.928476,1.9314786,2.8632958,0.77929777,1.2119058,0.0,0.0,1.7439275,1.512888,0.0,0.0,0.0,0.0,0.0,0.0,CD8_T
0.0,0.0,0.0,1.9617182,0.0,0.0,0.0,1.40014,0.0,0.0,2.581963,0.0,1.7198429,3.1086311,2.1563354,0.0,1.7198429,0.0,0.9273825,0.9273825,3.779194,1.9617182,1.7198429,0.9273825,1.40014,2.319177,0.0,2.6913078,0.9273825,0.0,0.0,1.7198429,0.9273825,2.319177,0.0,1.40014,0.0,2.1563354,1.40014,1.7198429,0.0,0.0,1.9617182,0.9273825,1.7198429,1.7198429,0.0,0.9273825,0.0,0.0,CD8_T
3.194528,3.132718,3.6641464,0.90114295,1.9241996,2.541549,0.0,0.90114295,1.6840347,0.0,1.3673235,1.3673235,2.1177099,2.541549,2.2797766,0.0,3.194528,1.9241996,0.0,0.90114295,1.6840347,3.194528,1.6840347,0.0,1.9241996,2.2797766,0.0,0.0,1.6840347,1.3673235,0.90114295,2.419204,2.1177099,1.6840347,0.0,1.9241996,0.0,1.6840347,1.3673235,1.3673235,0.0,1.3673235,0.0,0.90114295,0.90114295,0.90114295,0.0,0.0,0.90114295,0.90114295,CD8_T
3.5282898,3.2034912,1.9876306,0.0,2.8181326,0.0,2.1829877,0.0,2.609808,2.609808,2.3463466,0.0,2.486729,2.8181326,2.9079993,0.94567674,2.3463466,1.9876306,0.0,2.7193854,3.969543,2.3463466,1.4228939,1.4228939,0.94567674,2.9079993,1.4228939,0.0,0.94567674,1.4228939,0.0,1.4228939,2.609808,1.4228939,0.0,0.0,0.94567674,2.7193854,2.9079993,0.0,3.06662,0.0,0.0,0.0,0.94567674,1.4228939,0.0,0.0,0.94567674,0.94567674,CD8_T
0.0,0.0,1.8749183,1.8749183,0.0,0.0,1.3244572,1.8749183,1.3244572,0.0,3.1390162,0.0,3.011655,3.353457,2.6946757,0.0,4.2083197,0.0,0.0,0.0,3.2519736,1.3244572,2.227908,0.0,3.2519736,1.8749183,0.0,0.0,0.0,1.8749183,1.3244572,1.3244572,0.0,2.4882822,2.8656726,2.227908,3.011655,2.6946757,1.3244572,0.0,1.8749183,1.3244572,0.0,1.8749183,0.0,0.0,0.0,0.0,0.0,2.4882822,CD4_T
0.0,0.0,1.9375569,1.696776,0.91045076,0.0,2.4334464,0.91045076,0.0,0.0,2.9352024,0.0,1.696776,3.322802,1.3789891,0.0,0.91045076,1.696776,2.1314662,0.0,3.6411605,2.665072,1.3789891,0.0,1.9375569,0.91045076,0.0,1.696776,0.0,2.5559506,1.9375569,1.696776,0.91045076,1.9375569,0.0,1.9375569,0.91045076,2.7634487,0.91045076,1.696776,0.0,0.0,0.0,1.3789891,1.3789891,0.0,0.0,0.91045076,0.0,0.0,CD4_T
3.3138998,1.7360849,3.0567656,0.0,1.4150571,0.0,0.93936664,0.93936664,2.7097318,2.3370023,2.9806352,0.0,1.4150571,2.8084147,0.0,0.0,2.6002338,0.0,1.4150571,1.7360849,4.2861295,1.7360849,2.7097318,0.0,2.7097318,1.9787151,0.0,1.7360849,0.0,2.3370023,1.4150571,1.4150571,1.4150571,3.2555459,1.4150571,0.93936664,0.0,1.9787151,2.3370023,0.0,1.4150571,2.1738198,0.0,2.8084147,0.0,1.4150571,0.0,1.9787151,1.9787151,0.93936664,CD8_T
3.321882,3.4508927,2.664184,0.0,1.5719573,0.0,1.0674769,1.5719573,2.3551931,2.1554914,3.7606587,0.0,2.7889702,3.8040981,3.1737275,0.0,2.1554914,2.664184,1.5719573,3.0905132,3.5096498,2.9997406,1.5719573,2.3551931,0.0,1.5719573,2.664184,1.9056978,1.0674769,1.0674769,3.0905132,0.0,1.5719573,2.9997406,1.9056978,1.9056978,1.0674769,3.5651453,2.1554914,1.5719573,0.0,0.0,2.3551931,1.5719573,0.0,2.5215757,0.0,1.0674769,1.0674769,0.0,CD8_T
0.0,0.0,3.5896726,3.3662808,0.0,0.0,1.1222945,2.8664863,0.0,0.0,2.110411,1.1222945,1.8212757,2.228678,2.671892,0.0,0.7109612,1.4128978,0.0,2.110411,3.645296,2.8664863,1.8212757,0.7109612,2.430052,2.228678,0.0,0.0,0.0,0.7109612,0.0,1.1222945,0.0,1.976257,1.1222945,1.4128978,0.0,1.4128978,1.1222945,1.4128978,2.110411,0.0,1.63779,1.1222945,1.976257,0.0,0.0,1.63779,1.4128978,0.0,CD4_T
0.0,0.0,0.0,2.0965147,0.0,0.88688326,1.3493979,2.7262514,0.0,0.0,0.0,0.0,2.9733932,2.258143,1.9036298,0.0,2.0965147,0.0,2.3972461,2.5193415,4.4112267,2.7262514,0.88688326,0.0,1.3493979,0.0,0.0,0.88688326,0.0,1.9036298,1.6644288,1.6644288,0.0,2.3972461,0.0,1.9036298,2.0965147,2.7262514,0.0,0.88688326,0.0,0.0,1.3493979,0.0,0.0,0.0,0.0,0.0,0.88688326,0.0,CD4_T
0.0,0.0,0.892461,3.180471,0.0,0.0,0.0,2.982378,0.0,0.0,0.0,0.0,1.3564174,1.9116913,0.0,0.0,2.266624,0.0,0.892461,0.0,3.180471,0.892461,0.892461,0.0,2.4058552,2.735101,0.0,1.3564174,0.0,0.892461,1.6721102,1.6721102,0.0,0.892461,0.0,1.3564174,2.1048229,2.1048229,0.0,1.3564174,0.0,0.892461,0.892461,0.0,2.4058552,0.0,0.0,1.3564174,0.892461,0.0,CD4_T
0.0,0.0,1.7131027,2.8718226,0.0,0.0,1.7131027,2.1490731,0.0,0.0,1.7131027,0.0,1.7131027,2.1490731,0.0,0.0,1.9546609,0.0,1.3939555,2.1490731,3.901815,2.4516659,0.0,0.0,1.3939555,0.0,0.0,1.3939555,0.0,0.0,1.3939555,0.0,0.9224243,2.782156,0.0,2.1490731,1.3939555,3.1007829,0.0,1.9546609,1.7131027,0.0,1.9546609,1.3939555,2.3117714,0.9224243,0.0,0.9224243,0.0,0.0,CD4_T
0.0,0.0,1.5622033,1.8952147,0.0,0.0,2.344043,1.0594066,0.0,0.0,1.0594066,0.0,1.0594066,1.0594066,0.0,0.0,2.144601,0.0,1.0594066,1.8952147,3.5531702,1.5622033,1.0594066,0.0,0.0,2.144601,0.0,0.0,0.0,1.5622033,0.0,0.0,0.0,3.078751,0.0,1.5622033,1.0594066,2.144601,0.0,0.0,1.0594066,0.0,0.0,1.5622033,1.8952147,0.0,0.0,0.0,0.0,0.0,CD4_T
4.1283073,4.3396034,2.193441,0.84486717,3.214789,2.74755,0.0,0.0,2.658628,2.658628,1.2961884,2.0331807,0.84486717,3.26674,2.9748845,0.0,3.3631854,2.9748845,2.193441,2.452844,3.7724252,0.0,2.33153,1.2961884,2.33153,3.1020138,1.8422426,1.6060333,0.0,3.1020138,2.452844,1.2961884,3.4511418,2.0331807,0.0,2.56102,2.0331807,3.1599903,2.193441,1.8422426,1.2961884,1.2961884,0.84486717,0.0,0.84486717,0.0,1.6060333,1.8422426,0.84486717,0.0,CD8_T
3.6913934,3.273949,1.926451,0.0,2.3772445,0.0,0.0,0.0,2.686843,2.3772445,1.5912879,1.926451,1.0835103,1.0835103,2.811826,1.0835103,1.5912879,0.0,0.0,1.0835103,1.0835103,1.5912879,1.5912879,1.5912879,1.0835103,3.197056,1.5912879,1.0835103,1.5912879,0.0,0.0,1.5912879,2.1770375,1.0835103,1.0835103,0.0,1.0835103,0.0,1.0835103,0.0,0.0,0.0,1.5912879,1.0835103,0.0,1.0835103,0.0,0.0,1.0835103,0.0,CD8_T
0.0,0.0,1.1671674,2.4902585,0.0,0.0,1.1671674,1.1671674,0.0,0.0,0.0,0.0,0.0,1.6911576,0.0,0.0,2.4902585,0.0,0.0,2.033219,2.9286857,1.1671674,0.0,0.0,1.6911576,2.2876253,0.0,0.0,0.0,1.1671674,0.0,0.0,0.0,0.0,1.1671674,0.0,0.0,1.1671674,1.1671674,1.6911576,0.0,0.0,0.0,1.1671674,1.1671674,0.0,0.0,1.1671674,0.0,0.0,CD8_T
0.0,0.0,0.70526356,2.73055,0.0,0.0,0.0,2.9131365,0.0,0.0,1.1147351,0.0,0.70526356,1.9665922,1.9665922,0.0,2.8559,0.0,1.1147351,1.9665922,3.6610475,2.32429,2.6614437,1.6287543,0.0,1.8118727,0.0,0.0,0.0,1.6287543,1.9665922,0.70526356,1.6287543,2.4198172,1.1147351,1.4044144,1.1147351,2.6614437,0.70526356,1.4044144,1.4044144,0.0,0.70526356,2.6614437,0.0,0.0,0.0,1.1147351,0.0,0.0,CD8_T
1.9168671,0.89604956,3.4934096,3.3515942,2.110156,0.0,1.9168671,3.244481,0.89604956,2.4113803,0.89604956,2.642562,0.89604956,2.2720675,2.2720675,0.0,2.2720675,2.2720675,2.4113803,3.1862903,3.7280369,3.1862903,2.642562,1.9168671,1.9168671,0.0,0.0,1.6770437,0.0,2.110156,0.0,2.7407792,0.0,3.3515942,1.3609282,2.533637,1.6770437,2.2720675,1.6770437,2.2720675,1.3609282,1.9168671,0.0,2.2720675,1.9168671,1.3609282,0.0,1.6770437,1.6770437,0.89604956,CD4_T
0.0,0.0,0.97431374,1.4583119,0.0,0.0,2.5293572,0.97431374,0.0,0.0,2.9519284,0.0,0.97431374,2.7627995,1.4583119,0.0,0.0,0.0,2.3884041,1.4583119,3.368637,1.4583119,0.0,0.0,1.7830627,0.0,0.0,2.0278053,0.0,0.0,1.7830627,1.4583119,0.97431374,3.1109133,0.0,1.4583119,0.97431374,2.652875,0.0,2.0278053,0.0,0.0,0.97431374,2.0278053,1.7830627,0.0,0.0,1.4583119,0.97431374,0.0,CD4_T
0.0,0.0,2.1522925,2.6870453,0.0,0.0,2.454996,0.9246209,0.0,0.0,2.7855744,0.0,1.9577893,1.9577893,0.0,0.0,0.9246209,0.0,1.7160903,0.9246209,3.5829906,1.7160903,1.3966963,0.0,2.6870453,1.3966963,0.0,0.0,0.0,1.3966963,0.9246209,0.0,0.9246209,0.9246209,0.0,1.7160903,0.0,2.1522925,0.0,0.0,0.0,0.0,1.3966963,1.9577893,1.9577893,0.0,0.0,0.0,0.0,0.0,CD4_T
0.0,0.0,1.5458276,2.3836987,0.0,0.0,0.0,1.9675442,0.0,0.0,2.2632542,0.0,1.2416257,1.7787538,1.7787538,0.0,1.2416257,1.5458276,2.12629,1.2416257,3.698329,1.2416257,1.5458276,0.8022786,2.4911835,3.029645,0.0,1.2416257,0.0,1.9675442,1.2416257,0.8022786,1.2416257,1.9675442,0.0,2.12629,0.0,1.9675442,0.0,1.7787538,0.0,0.0,1.7787538,1.7787538,1.9675442,1.5458276,0.0,1.7787538,0.0,0.0,CD4_T
0.0,0.0,0.0,2.187155,0.0,0.0,1.0910696,2.187155,0.0,0.0,0.0,0.0,0.0,0.0,1.0910696,0.0,0.0,0.0,0.0,1.0910696,0.0,1.0910696,0.0,0.0,0.0,1.6003798,0.0,0.0,0.0,1.0910696,1.0910696,0.0,0.0,0.0,0.0,1.0910696,1.0910696,1.0910696,1.0910696,1.0910696,0.0,1.0910696,1.0910696,0.0,1.0910696,0.0,0.0,1.0910696,0.0,0.0,CD4_T
2.2006452,3.0093398,2.8368347,3.5928004,1.761043,0.0,0.0,3.2225695,0.0,2.0048084,0.9578808,3.1564193,3.343033,3.2846143,2.364339,0.0,2.5049686,0.9578808,1.761043,1.4380172,4.101456,4.101456,1.4380172,0.0,3.54759,2.364339,0.0,2.0048084,0.0,2.364339,2.2006452,0.0,1.4380172,1.761043,2.364339,2.6282377,0.9578808,3.2846143,1.4380172,2.0048084,0.0,0.0,1.4380172,2.364339,0.9578808,1.4380172,0.0,2.7379656,0.0,0.0,CD4_T
0.0,1.7322443,3.4419115,2.5363376,2.0769372,0.0,2.3327897,2.849934,1.7322443,2.849934,0.0,1.7322443,2.9762082,2.7053788,2.0769372,0.0,1.2019699,0.0,0.0,1.2019699,3.998444,2.9762082,1.7322443,0.0,1.2019699,0.0,0.0,1.2019699,0.0,2.3327897,1.7322443,1.7322443,1.2019699,1.7322443,2.0769372,2.0769372,0.0,2.0769372,0.0,0.0,2.7053788,0.0,2.3327897,1.2019699,1.2019699,0.0,0.0,0.0,2.0769372,0.0,CD4_T
4.2243958,2.215021,1.9630762,1.1119891,0.0,0.0,0.0,0.0,2.215021,3.3151019,3.453347,2.8520467,3.2380822,2.8520467,3.6830525,0.0,2.8520467,1.6254687,2.215021,2.5834239,4.7820034,3.6830525,2.963395,1.1119891,1.6254687,2.8520467,0.0,1.9630762,0.0,1.1119891,1.1119891,1.1119891,2.5834239,2.963395,1.1119891,2.8520467,0.0,3.063578,2.4160924,2.4160924,1.9630762,0.0,1.6254687,2.4160924,1.1119891,2.215021,0.0,1.1119891,1.6254687,0.0,CD8_T
3.7687552,1.5434114,3.287047,2.4883664,2.6305826,0.0,0.0,2.7550685,1.0438974,2.4883664,2.4883664,1.5434114,1.0438974,3.0560236,1.5434114,0.0,2.1235852,2.6305826,1.0438974,1.5434114,3.7687552,2.7550685,0.0,1.5434114,1.5434114,2.1235852,0.0,2.3225176,0.0,2.3225176,2.1235852,2.3225176,2.1235852,2.6305826,1.8749963,2.3225176,1.5434114,2.8657594,1.0438974,1.5434114,0.0,0.0,0.0,1.8749963,0.0,2.1235852,1.0438974,0.0,1.8749963,0.0,CD8_T
3.3275394,2.1357982,2.4379303,1.7007912,0.0,0.0,0.0,0.0,0.0,2.5604842,3.5216649,0.0,3.0864246,3.7907598,2.2982318,0.0,0.0,0.9133906,3.2142315,2.6696448,4.0556884,3.5216649,1.9417645,0.9133906,2.939856,2.4379303,0.0,1.3826678,0.0,3.6062107,0.0,1.7007912,1.9417645,2.6696448,1.3826678,1.9417645,0.0,3.4293053,0.9133906,0.9133906,1.7007912,0.0,0.0,0.9133906,0.0,1.7007912,0.0,1.9417645,0.0,0.0,CD8_T
0.0,0.0,3.5768986,2.4248016,0.8274588,0.0,2.4248016,3.6464274,0.0,0.0,1.2739643,1.5815517,1.5815517,1.2739643,2.1661913,0.0,1.2739643,1.5815517,0.0,0.0,3.3335416,2.6300874,1.816451,0.0,1.5815517,1.2739643,0.0,1.2739643,0.0,0.8274588,0.8274588,2.3038332,0.8274588,1.5815517,2.1661913,2.0065336,0.8274588,1.5815517,0.0,1.2739643,0.0,2.0065336,0.0,0.8274588,1.5815517,1.2739643,0.0,0.8274588,1.816451,0.0,CD4_T
3.6986952,4.0427313,2.741729,0.0,2.4307137,2.9786158,0.0,0.0,2.741729,0.0,0.0,1.1227839,1.6383746,2.9786158,2.4307137,0.0,2.741729,1.6383746,0.0,1.1227839,2.9786158,1.6383746,1.1227839,1.976882,0.0,2.9786158,1.976882,0.0,2.9786158,0.0,3.078877,1.6383746,2.4307137,2.2293253,1.976882,1.6383746,1.1227839,2.741729,0.0,2.2293253,0.0,0.0,1.1227839,1.1227839,1.1227839,1.1227839,1.1227839,0.0,1.1227839,1.6383746,CD8_T
4.425965,3.0749297,2.4269402,0.0,1.6350416,3.4648774,0.0,0.0,2.9746885,1.9733179,2.2256331,0.0,0.0,3.1660316,0.0,0.0,2.4269402,4.1422625,0.0,2.7378583,3.3265767,1.6350416,3.0749297,1.119994,1.119994,0.0,0.0,1.119994,0.0,1.6350416,1.119994,3.0749297,2.7378583,1.9733179,1.9733179,1.9733179,0.0,1.9733179,1.6350416,0.0,1.119994,2.2256331,1.119994,0.0,1.6350416,2.2256331,1.119994,1.119994,1.119994,1.6350416,CD8_T
2.8831522,0.8779143,3.4635236,3.4635236,0.0,0.0,0.0,3.3218532,1.3380892,0.0,0.8779143,1.8906249,1.6520432,1.3380892,2.9588814,0.0,2.8012152,2.0831077,0.0,0.8779143,3.6257477,0.8779143,0.0,0.0,0.8779143,1.3380892,0.0,0.0,0.0,2.0831077,0.8779143,2.2444537,1.3380892,2.3833477,1.3380892,0.8779143,0.0,3.0950413,0.8779143,1.6520432,0.0,0.0,0.0,1.6520432,2.2444537,1.3380892,0.0,0.0,1.8906249,2.2444537,CD4_T
3.9990199,2.004901,0.0,1.6646025,3.0094416,0.0,0.0,0.0,2.8978047,3.2011049,0.0,0.0,3.109858,1.1447915,2.6283371,0.0,2.7721202,0.0,0.0,0.0,3.2847173,1.6646025,0.0,0.0,1.6646025,3.361875,0.0,0.0,0.0,1.1447915,1.1447915,1.1447915,2.6283371,2.6283371,2.7721202,3.2011049,0.0,2.2583349,3.5003424,0.0,2.8978047,1.1447915,2.6283371,0.0,0.0,2.2583349,0.0,1.1447915,2.004901,0.0,CD8_T
3.5657017,0.91392726,3.2733514,1.7015238,0.91392726,0.0,0.0,1.9425321,1.9425321,1.3833392,1.3833392,0.0,1.3833392,2.1365886,2.4387481,0.0,1.3833392,0.91392726,1.3833392,3.2150917,3.7916358,2.1365886,2.299038,1.7015238,1.7015238,1.7015238,0.0,0.91392726,0.0,1.7015238,1.3833392,0.91392726,0.0,2.299038,0.91392726,0.0,1.3833392,2.6704788,1.9425321,0.0,0.0,0.0,0.91392726,2.561311,2.1365886,0.91392726,0.0,0.0,0.91392726,0.0,CD8_T
0.95807886,0.0,2.738266,2.6285357,0.0,0.0,0.0,0.95807886,0.0,0.0,0.95807886,0.0,1.7613091,3.2228782,1.4382622,0.0,3.9280381,2.200931,2.200931,3.7927992,4.101772,2.0050864,0.0,0.0,2.5052636,3.0096455,0.0,1.4382622,0.0,1.4382622,0.95807886,1.4382622,2.200931,2.3646302,1.4382622,1.7613091,2.738266,3.450844,0.95807886,1.4382622,0.0,2.200931,1.4382622,1.4382622,2.200931,0.95807886,0.0,0.0,2.0050864,1.4382622,CD4_T
3.1044855,2.514368,2.8924913,2.8924913,1.6600453,0.0,2.7211964,2.0917711,0.8837054,1.345394,2.3923295,1.6600453,0.8837054,1.6600453,2.0917711,0.0,2.7211964,1.345394,1.8990278,2.514368,3.8380575,0.8837054,1.6600453,0.8837054,2.7211964,1.345394,0.0,0.0,0.0,1.6600453,0.0,0.8837054,1.6600453,1.6600453,0.8837054,1.8990278,1.8990278,2.3923295,0.8837054,2.2533,0.0,0.0,0.0,1.6600453,0.8837054,0.8837054,0.0,0.8837054,0.8837054,0.0,CD8_T
0.0,0.0,1.7051982,2.565457,0.91662085,0.0,0.0,2.4428494,0.0,0.0,1.9463817,0.0,0.0,0.91662085,0.0,0.91662085,0.91662085,1.7051982,0.0,0.0,4.0609837,2.1405516,0.0,0.0,1.386707,2.674661,0.0,2.1405516,0.0,2.1405516,1.386707,0.91662085,1.7051982,2.1405516,0.0,0.91662085,1.386707,3.0209482,0.0,0.0,0.0,0.0,1.386707,0.0,0.91662085,0.0,0.0,1.386707,0.0,0.0,CD4_T
3.0900884,3.5825472,3.413476,1.6478513,2.6091437,2.7071173,0.0,1.3342648,1.3342648,0.0,0.8748858,0.0,2.2398167,3.3663309,1.3342648,3.413476,2.3786392,2.7963428,0.0,2.7071173,4.135782,1.8862216,1.3342648,0.0,3.620698,2.6091437,0.0,1.6478513,0.0,1.8862216,1.6478513,2.2398167,1.8862216,2.2398167,0.0,2.7963428,0.8748858,2.9539628,1.3342648,1.3342648,0.8748858,0.0,1.3342648,1.8862216,0.8748858,1.3342648,0.0,2.3786392,1.8862216,1.6478513,CD8_T
1.2190803,0.0,3.7546976,1.2190803,1.2190803,0.0,2.2347622,1.9402062,0.0,1.9402062,0.0,2.5588052,0.7848313,1.9402062,2.5588052,0.0,0.0,2.5588052,0.0,1.5208496,3.6363525,2.7281435,0.0,0.7848313,2.0982907,1.2190803,0.0,0.0,0.0,1.5208496,0.0,1.2190803,1.2190803,1.5208496,1.7523512,2.9381328,0.7848313,2.6470544,1.2190803,0.0,0.7848313,1.2190803,0.7848313,1.5208496,0.0,0.7848313,0.0,1.7523512,2.4620078,0.0,CD4_T
0.0,0.0,0.81666714,2.612233,0.0,0.0,2.1491625,1.9898895,0.0,0.0,1.260133,0.0,0.81666714,2.7008507,2.407266,0.0,1.5662873,0.0,0.81666714,0.0,3.5215423,2.782251,1.260133,1.260133,0.81666714,2.1491625,0.0,1.8003526,0.0,0.0,1.260133,1.260133,0.0,2.2865183,0.0,1.5662873,1.5662873,1.9898895,1.260133,2.407266,0.0,0.0,0.81666714,1.260133,2.407266,0.81666714,0.0,0.0,0.0,0.0,CD8_T
2.297024,1.5212224,3.1120434,3.1120434,2.4624438,0.0,1.0256504,3.1120434,1.0256504,1.8510853,0.0,1.0256504,0.0,1.0256504,2.297024,0.0,1.0256504,2.297024,1.0256504,2.4624438,4.259399,3.2598152,2.6043446,0.0,2.297024,2.6043446,0.0,0.0,0.0,0.0,0.0,2.297024,2.098709,3.326245,0.0,1.8510853,1.5212224,2.098709,1.8510853,1.0256504,1.0256504,0.0,0.0,1.5212224,1.0256504,0.0,0.0,1.0256504,1.5212224,1.0256504,CD4_T
0.0,0.0,1.6915188,2.033604,0.0,0.0,1.1674724,1.6915188,0.0,0.0,1.8771183,0.0,2.1688828,2.394468,0.7452316,0.7452316,0.7452316,1.1674724,2.1688828,1.4634378,4.2431903,3.232875,2.2880232,0.0,1.6915188,2.1688828,0.0,2.6590807,0.0,1.4634378,0.7452316,1.1674724,1.4634378,2.7337232,0.0,1.8771183,0.7452316,1.4634378,1.1674724,1.6915188,0.7452316,0.0,1.1674724,2.1688828,1.1674724,0.0,0.0,0.7452316,0.0,0.0,CD4_T
0.0,0.0,2.5931935,2.4702885,0.0,0.0,1.4093032,1.9721632,0.0,0.0,0.0,0.0,2.330133,1.7298226,2.5931935,0.0,0.93474,0.0,0.93474,0.0,4.2998385,2.8910418,0.93474,0.93474,1.7298226,2.8910418,0.0,2.8012679,0.0,2.5931935,0.93474,2.1670809,0.0,2.9734159,0.0,1.7298226,0.0,2.1670809,1.4093032,1.4093032,0.0,0.0,1.7298226,0.0,1.4093032,0.0,0.0,0.93474,0.0,0.0,CD4_T
3.5823348,2.4785688,3.3038802,2.7907884,2.2761743,1.6807672,0.0,3.6413221,2.2761743,1.6807672,1.6807672,2.022145,1.1584011,0.0,3.697023,0.0,2.4785688,1.1584011,2.022145,1.6807672,2.9166186,0.0,1.1584011,1.6807672,2.4785688,2.4785688,0.0,0.0,0.0,1.1584011,1.1584011,2.2761743,1.1584011,1.6807672,1.1584011,2.2761743,1.1584011,3.3038802,3.2202034,0.0,1.1584011,1.6807672,0.0,2.022145,0.0,1.6807672,0.0,0.0,0.0,1.1584011,CD8_T
0.0,0.0,2.0045304,1.848797,0.0,0.0,3.1561117,1.6642553,0.0,0.0,1.1444995,0.0,1.848797,2.1392472,0.7277585,0.0,0.7277585,0.0,0.0,1.1444995,3.5317423,2.7717187,1.848797,1.4377723,1.6642553,1.4377723,0.0,1.1444995,0.0,0.0,1.848797,0.0,0.0,2.8365324,0.0,0.7277585,0.0,2.8365324,0.7277585,1.4377723,0.0,0.0,1.4377723,2.0045304,0.7277585,0.0,0.0,0.7277585,0.0,0.0,CD8_T
3.8645446,3.984724,4.125342,0.0,2.8470616,2.8470616,0.0,0.0,2.2103086,0.0,0.0,0.0,1.1084414,1.6212212,2.7217839,4.3583236,2.5785332,1.9585298,0.0,1.9585298,1.6212212,1.1084414,1.9585298,2.7217839,0.0,2.5785332,2.5785332,0.0,2.9583778,0.0,0.0,1.9585298,1.1084414,1.1084414,1.9585298,1.6212212,0.0,0.0,0.0,0.0,0.0,2.5785332,1.6212212,0.0,1.1084414,2.2103086,2.5785332,0.0,1.6212212,1.6212212,CD8_T
4.1934786,3.4434893,1.7335861,0.0,2.7069,1.7335861,2.0783632,0.0,2.5378387,0.0,0.0,0.0,0.0,0.0,0.0,0.0,2.0783632,0.0,0.0,1.7335861,0.0,0.0,0.0,0.0,1.2031102,2.9777553,0.0,1.2031102,1.2031102,2.0783632,1.2031102,0.0,2.0783632,2.3342617,1.2031102,2.0783632,0.0,2.5378387,2.0783632,0.0,0.0,0.0,1.2031102,1.2031102,0.0,2.0783632,0.0,0.0,0.0,0.0,CD8_T
0.0,0.0,0.0,3.4332132,0.0,0.0,2.8614469,2.771839,0.0,0.0,1.7040938,0.0,1.9452246,2.1393604,0.0,0.0,0.0,0.91581094,0.91581094,1.3856946,3.1562347,1.7040938,0.0,0.0,1.9452246,0.0,0.0,0.0,0.0,1.3856946,0.0,2.3018653,0.0,2.441617,0.0,1.7040938,0.0,2.3018653,0.0,1.3856946,0.0,0.0,1.7040938,0.91581094,1.7040938,0.0,0.0,1.3856946,0.0,0.0,CD4_T
0.0,0.0,2.0305314,2.0305314,0.0,0.0,0.0,2.0305314,1.165038,0.0,1.165038,0.0,1.165038,2.9257581,2.0305314,0.0,1.6886352,0.0,1.165038,2.0305314,3.7064443,2.0305314,1.165038,0.0,2.799858,2.2848465,0.0,1.165038,0.0,1.165038,0.0,1.165038,1.6886352,0.0,1.165038,2.0305314,1.165038,2.2848465,1.165038,2.0305314,0.0,1.165038,1.165038,1.6886352,1.165038,0.0,0.0,0.0,1.165038,1.165038,CD4_T
0.0,0.0,1.2228726,2.8779912,0.0,0.0,2.8082006,1.5250554,0.0,0.0,1.2228726,0.0,0.0,1.5250554,0.78775984,0.78775984,1.2228726,0.0,0.0,1.5250554,3.7599506,0.0,1.2228726,0.0,1.5250554,0.78775984,0.0,1.2228726,0.78775984,0.0,0.78775984,1.5250554,0.0,0.0,0.0,0.78775984,0.0,2.1030111,1.2228726,1.2228726,0.0,0.0,1.5250554,0.0,2.1030111,1.2228726,0.0,1.5250554,0.0,0.0,CD8_T
1.3226365,0.0,2.4860075,2.8095267,1.042231,0.651162,1.042231,1.5413886,0.0,0.0,0.651162,0.651162,2.0047686,3.0535717,2.0047686,0.0,2.5596263,1.3226365,2.4860075,2.2256947,4.1202183,1.5413886,2.628195,1.042231,2.7526596,2.2256947,0.0,0.0,0.0,2.0047686,0.651162,1.042231,0.0,2.0047686,1.042231,1.8728182,1.042231,3.7004132,1.8728182,0.651162,1.042231,0.651162,1.3226365,2.8095267,1.3226365,0.0,0.0,0.651162,1.7207718,0.651162,CD4_T
0.0,0.0,0.9619579,3.0544815,0.0,0.0,2.5110376,0.9619579,0.59244657,0.0,2.443155,0.0,2.2065227,1.2311664,1.8959471,0.59244657,1.4430597,0.0,1.6178101,1.6178101,3.320618,2.7948234,1.2311664,0.9619579,1.6178101,0.9619579,0.0,1.4430597,0.0,0.0,1.2311664,0.9619579,0.9619579,1.7665176,0.9619579,1.2311664,0.9619579,2.5746036,0.59244657,1.8959471,0.0,0.0,1.6178101,2.1133196,1.2311664,0.9619579,0.0,1.2311664,0.59244657,0.59244657,CD8_T
0.0,0.0,1.2682439,3.3258755,0.0,0.0,1.5752412,1.9996556,0.0,0.0,0.0,0.0,1.8097974,2.5253863,2.1591551,0.0,2.1591551,1.2682439,0.82299155,1.2682439,3.569171,2.2966793,0.82299155,1.2682439,0.82299155,1.9996556,0.0,1.2682439,0.0,0.82299155,0.82299155,1.9996556,1.8097974,2.2966793,0.0,0.0,0.82299155,2.7928586,1.2682439,1.8097974,0.0,0.0,1.5752412,1.2682439,2.417557,0.82299155,0.0,0.0,0.0,0.0,CD4_T
0.0,0.0,1.7053211,2.6748006,0.0,0.0,0.0,1.7053211,0.0,0.0,0.0,0.0,0.0,2.5655959,2.1406841,0.0,1.9465104,0.916711,0.0,0.0,3.021091,2.6748006,1.7053211,0.0,2.1406841,2.5655959,0.0,0.916711,0.0,1.3868196,0.0,0.916711,0.0,1.9465104,0.916711,1.9465104,0.916711,1.9465104,0.0,1.3868196,0.0,0.0,1.3868196,0.916711,1.7053211,0.0,0.0,0.0,1.3868196,0.0,CD4_T
0.0,0.0,2.2364247,3.0475433,0.0,0.0,1.4687777,3.0475433,0.0,0.0,2.0396404,0.0,0.9828127,2.400779,0.9828127,0.0,0.0,0.9828127,1.7944032,0.0,3.8317442,0.9828127,0.9828127,0.0,2.0396404,2.5418956,0.0,0.9828127,0.0,0.0,2.0396404,0.9828127,0.9828127,2.8746722,0.0,1.4687777,1.7944032,3.3232856,0.0,1.4687777,0.0,0.0,0.0,2.400779,2.2364247,0.9828127,0.0,0.9828127,0.0,0.0,CD4_T
3.5178726,3.163245,3.2643678,0.0,2.7787037,2.6087294,0.0,0.0,2.1458223,0.0,2.1458223,0.0,1.2574253,1.2574253,2.9239407,2.1458223,0.0,1.7971969,0.0,1.2574253,3.356197,3.2643678,1.7971969,2.4038255,2.1458223,3.050734,0.0,0.0,1.7971969,2.1458223,0.0,2.1458223,0.0,0.0,1.7971969,1.2574253,1.2574253,3.050734,0.0,0.0,1.7971969,1.2574253,0.0,0.0,1.7971969,2.4038255,2.4038255,0.0,0.0,1.2574253,CD8_T
0.0,0.0,1.4164745,1.7376271,0.0,0.0,0.0,1.9803283,0.0,0.0,0.94050723,0.0,0.0,2.3386934,1.7376271,0.0,0.0,1.7376271,0.0,1.9803283,3.7647882,2.478969,1.9803283,0.94050723,2.3386934,2.7114792,0.0,2.175479,0.0,1.4164745,1.4164745,1.4164745,0.0,2.175479,0.0,0.0,1.4164745,1.9803283,1.4164745,2.6019666,0.0,0.0,2.175479,1.7376271,2.982412,0.94050723,0.0,0.0,0.94050723,0.0,CD4_T
0.0,0.0,0.0,3.25823,0.0,0.0,0.8709091,1.329238,0.8709091,0.0,0.8709091,0.0,0.0,0.0,1.6423397,0.0,2.0725942,0.8709091,0.0,0.0,2.3724444,1.329238,0.0,0.0,1.8804306,2.4942508,0.0,0.0,0.0,0.8709091,1.6423397,0.0,1.329238,0.0,0.0,0.8709091,1.329238,1.329238,0.0,1.329238,0.8709091,0.0,1.8804306,0.8709091,1.6423397,0.0,0.0,2.2337162,1.329238,0.0,CD4_T
3.7049062,2.5801291,2.5801291,2.317388,0.0,1.3986453,1.3986453,2.5801291,1.9600132,0.0,2.317388,0.0,0.0,3.1067357,0.0,0.0,2.7880037,1.9600132,1.3986453,2.317388,3.3480566,1.9600132,1.3986453,0.0,1.9600132,2.317388,0.0,0.0,0.0,2.7880037,0.0,1.3986453,0.0,3.1067357,1.3986453,2.317388,2.5801291,3.1067357,0.0,0.0,2.7880037,0.0,1.9600132,2.317388,0.0,1.3986453,0.0,0.0,1.9600132,1.3986453,CD8_T
0.0,0.9388923,2.5995126,1.4144673,0.0,0.0,0.0,0.0,0.0,0.0,2.3362987,0.0,2.8076828,2.1731296,1.7354434,0.0,0.0,0.0,0.0,0.0,3.1267633,2.8076828,0.0,1.4144673,2.476541,0.0,0.0,1.9780439,0.0,0.9388923,1.7354434,0.0,0.9388923,2.476541,0.0,1.4144673,0.0,2.8076828,0.0,0.9388923,1.4144673,0.0,0.9388923,0.0,1.4144673,1.7354434,0.0,1.7354434,0.0,0.0,CD8_T
2.7233655,3.830084,2.8680928,0.0,2.0938065,2.0938065,2.994498,0.0,2.3502,0.0,1.2154813,0.0,1.7481267,2.994498,2.0938065,2.994498,1.7481267,1.2154813,0.0,2.0938065,3.5324254,2.3502,2.5540893,1.2154813,2.7233655,1.2154813,2.0938065,0.0,2.5540893,3.383135,2.0938065,2.994498,2.3502,1.2154813,3.2992046,1.2154813,2.0938065,2.5540893,1.7481267,2.0938065,0.0,2.0938065,1.2154813,1.2154813,0.0,0.0,1.2154813,2.8680928,1.2154813,2.0938065,CD8_T
0.0,0.0,0.0,1.6916994,0.0,0.0,0.0,0.0,0.0,0.0,0.0,0.0,1.1676248,0.0,1.6916994,0.0,1.6916994,0.0,0.0,0.0,0.0,0.0,0.0,2.0337963,0.0,2.9293141,0.0,1.1676248,1.1676248,0.0,0.0,0.0,0.0,1.6916994,0.0,0.0,0.0,2.0337963,0.0,0.0,0.0,0.0,0.0,1.1676248,2.288222,1.6916994,0.0,0.0,0.0,0.0,CD8_T
4.262933,4.21105,3.1920931,1.027951,3.5060372,3.391999,0.0,0.0,2.7319398,2.4657233,1.5240247,0.0,0.0,0.0,3.7861872,0.0,3.0324814,2.4657233,1.027951,1.8541076,3.0324814,1.5240247,1.5240247,1.5240247,0.0,2.842464,2.3002484,0.0,0.0,2.1018546,0.0,0.0,1.8541076,1.027951,1.027951,0.0,0.0,1.8541076,3.0324814,0.0,0.0,0.0,1.5240247,1.5240247,1.027951,1.8541076,0.0,1.027951,0.0,0.0,CD8_T
0.0,0.0,3.2989924,3.1509764,1.55318,0.0,1.8855101,2.3337147,0.0,0.0,0.0,1.0519532,1.8855101,2.4997485,2.7666905,0.0,2.4997485,2.6421003,0.0,1.0519532,3.6920743,1.0519532,2.3337147,0.0,2.6421003,2.3337147,0.0,1.8855101,0.0,2.8774636,0.0,2.3337147,1.0519532,2.1345158,1.0519532,1.0519532,0.0,1.55318,1.0519532,2.1345158,0.0,0.0,0.0,2.6421003,1.0519532,1.0519532,0.0,1.55318,1.8855101,2.1345158,CD4_T
0.0,0.0,2.8557498,3.0459087,0.0,0.0,0.0,2.4786355,1.0370313,0.0,2.6207342,0.0,0.0,3.6696312,2.114244,0.0,1.8660148,1.5350722,2.114244,2.6207342,4.3731837,3.7999718,0.0,0.0,2.7451303,2.8557498,0.0,0.0,0.0,1.0370313,1.0370313,1.5350722,1.5350722,2.3129463,2.114244,2.3129463,1.0370313,2.8557498,1.5350722,0.0,0.0,0.0,1.5350722,1.0370313,0.0,0.0,0.0,0.0,1.8660148,1.5350722,CD4_T
3.4773953,4.181953,3.4220521,0.0,3.234867,3.1637826,0.0,0.0,2.2737076,0.0,1.0090783,1.5009933,0.0,0.0,2.2737076,3.7157803,2.2737076,2.5803304,1.0090783,1.5009933,1.8292501,1.8292501,1.8292501,2.2737076,1.5009933,2.9140184,2.2737076,1.0090783,1.5009933,2.0759711,1.0090783,1.0090783,1.8292501,1.5009933,1.0090783,2.2737076,0.0,0.0,0.0,0.0,1.5009933,1.0090783,1.0090783,1.0090783,0.0,2.0759711,2.8146684,0.0,1.0090783,2.0759711,CD8_T
0.0,0.0,1.0294523,2.103906,0.0,0.0,2.609829,1.0294523,0.0,0.0,1.5258528,0.0,1.8560786,0.0,1.0294523,0.0,1.8560786,1.0294523,1.0294523,3.0347054,3.658167,1.5258528,1.0294523,0.0,1.8560786,1.5258528,0.0,1.5258528,0.0,1.0294523,0.0,1.5258528,0.0,1.5258528,0.0,1.0294523,0.0,2.9441926,0.0,2.7341244,0.0,0.0,1.0294523,0.0,2.103906,0.0,0.0,1.0294523,0.0,1.0294523,CD4_T
2.707677,1.6091181,2.707677,0.0,2.3975317,0.0,1.9455675,2.707677,2.5645802,2.3975317,1.0983458,0.0,2.3975317,3.1351118,1.6091181,0.0,2.832837,1.6091181,1.0983458,3.1351118,3.9314337,2.832837,2.1968691,0.0,0.0,2.3975317,0.0,0.0,0.0,0.0,0.0,2.1968691,1.6091181,1.9455675,0.0,2.1968691,0.0,3.5549595,1.6091181,1.6091181,0.0,0.0,0.0,1.6091181,0.0,1.6091181,0.0,1.0983458,1.9455675,0.0,CD8_T
3.5327394,3.2251854,2.571017,0.92023885,1.3912271,0.0,1.3912271,2.1458669,0.0,2.778751,0.0,2.6802683,1.9515456,2.4483488,2.778751,0.0,2.571017,1.3912271,2.1458669,1.3912271,3.6173124,3.2251854,1.7101281,1.3912271,2.4483488,0.92023885,2.571017,1.7101281,1.3912271,2.1458669,1.3912271,1.3912271,1.3912271,2.6802683,0.92023885,1.7101281,0.92023885,2.1458669,0.92023885,1.7101281,0.0,0.0,0.0,1.9515456,0.0,1.3912271,0.92023885,1.3912271,1.7101281,0.0,CD8_T
3.8615818,3.7217119,2.473125,1.732372,2.1698246,0.0,0.0,2.5960603,1.4116452,2.5960603,3.5590467,3.1892512,0.93662256,2.7055235,1.732372,0.0,2.7055235,1.732372,1.9748306,1.9748306,3.5590467,3.309555,2.5960603,1.4116452,3.1892512,0.0,1.4116452,0.93662256,0.0,1.9748306,2.473125,0.0,1.4116452,2.7055235,0.0,0.0,0.0,3.364682,2.1698246,1.732372,0.93662256,0.0,1.4116452,2.1698246,0.0,1.4116452,0.0,2.1698246,0.0,0.0,CD8_T
3.997549,4.3287616,2.6269472,1.1437705,1.6633881,3.1996677,0.0,0.0,2.003605,0.0,0.0,1.1437705,1.6633881,1.1437705,2.458982,2.7707157,2.7707157,1.1437705,0.0,1.1437705,3.1996677,2.2569935,0.0,1.1437705,1.1437705,1.6633881,2.458982,0.0,1.1437705,2.003605,1.1437705,1.6633881,0.0,1.1437705,0.0,0.0,0.0,2.003605,2.003605,0.0,1.1437705,0.0,2.2569935,0.0,1.1437705,2.003605,2.458982,2.458982,1.1437705,0.0,CD8_T
3.4791875,4.336507,3.656357,1.129968,2.9887085,2.9887085,3.180182,0.0,2.2388175,0.0,0.0,0.0,0.0,0.0,3.089021,0.0,3.2637227,1.6469485,0.0,1.129968,0.0,0.0,2.2388175,2.8772,0.0,1.6469485,1.9860469,0.0,2.4404137,1.129968,0.0,1.6469485,2.4404137,1.129968,1.6469485,0.0,0.0,0.0,1.9860469,0.0,0.0,1.6469485,1.6469485,0.0,0.0,1.129968,3.089021,0.0,0.0,2.6081078,CD8_T
4.185877,2.8441985,2.408508,1.618783,2.408508,0.0,2.7189443,1.618783,2.408508,3.5078237,2.5757244,0.0,1.9559195,2.2076027,2.7189443,0.0,1.106406,1.618783,1.618783,2.408508,4.0187902,2.8441985,2.8441985,2.5757244,1.9559195,1.618783,0.0,1.618783,0.0,2.408508,1.106406,0.0,1.618783,3.1466575,1.9559195,1.618783,0.0,2.5757244,2.2076027,0.0,0.0,0.0,0.0,1.618783,0.0,2.2076027,0.0,1.9559195,1.106406,1.106406,CD8_T
0.0,0.0,1.8361233,1.2909083,0.0,0.0,0.0,2.6518636,0.0,0.0,0.8407237,0.0,1.2909083,0.8407237,0.8407237,0.0,2.0268605,0.8407237,0.0,1.2909083,3.4853258,2.4461963,0.8407237,0.0,2.4461963,2.4461963,0.0,0.8407237,0.0,0.0,0.8407237,2.8978202,0.0,0.0,0.0,1.2909083,0.0,2.0268605,0.0,0.8407237,0.8407237,0.0,0.8407237,0.8407237,0.0,0.0,0.0,0.0,0.0,0.0,CD4_T
3.8302984,3.8302984,3.158622,0.0,2.268875,2.6993206,0.0,0.0,2.433808,0.0,1.0056572,0.0,1.8247283,3.358264,2.268875,0.0,2.6993206,1.8247283,1.0056572,2.0712597,3.6218784,2.5753508,2.433808,2.0712597,2.5753508,2.0712597,2.268875,0.0,1.8247283,1.8247283,1.0056572,2.9089227,2.0712597,2.0712597,1.8247283,1.8247283,1.0056572,2.268875,0.0,1.496808,2.0712597,2.5753508,1.496808,2.268875,0.0,1.496808,2.433808,1.496808,1.8247283,2.433808,CD8_T
0.0,0.0,1.9795213,1.4157653,0.0,0.0,0.9399366,2.7106051,0.0,0.0,1.4157653,0.0,0.0,2.8991117,1.4157653,0.0,2.3378475,0.0,1.9795213,1.4157653,4.287052,0.9399366,1.7368556,0.9399366,2.9815233,1.7368556,0.0,1.4157653,0.0,0.0,1.4157653,1.9795213,0.9399366,3.0576572,0.0,1.7368556,2.4781115,2.6010997,0.0,2.174649,0.0,0.0,0.0,2.7106051,1.4157653,0.0,0.0,0.0,0.0,0.0,CD4_T
2.9122891,3.932252,3.5778847,0.0,2.2720675,2.7864923,0.0,1.1552631,2.7864923,0.0,1.1552631,2.4743757,2.4743757,2.2720675,3.024015,0.0,2.0181744,2.4743757,0.0,0.0,4.1254563,2.9122891,1.6770437,1.1552631,2.4743757,2.4743757,0.0,0.0,2.0181744,1.6770437,0.0,2.7864923,1.6770437,1.6770437,2.0181744,1.1552631,0.0,2.2720675,1.6770437,1.6770437,1.1552631,0.0,2.4743757,0.0,1.6770437,2.0181744,1.6770437,1.1552631,2.0181744,2.0181744,CD8_T
0.0,0.0,0.0,2.4321094,0.0,0.0,2.8832443,1.2797434,0.0,0.0,3.0188568,0.0,2.0134745,2.5400832,2.1732905,0.0,1.5879233,0.0,2.1732905,1.2797434,3.809485,3.0188568,1.8231667,0.8319776,2.0134745,1.5879233,0.0,2.0134745,0.0,2.0134745,2.0134745,1.5879233,1.2797434,1.2797434,0.0,2.726312,1.8231667,2.0134745,0.0,1.5879233,0.0,0.0,2.5400832,1.8231667,1.2797434,1.2797434,0.0,1.5879233,0.0,0.0,CD8_T
0.0,0.0,2.7271094,3.8266203,0.0,0.0,1.6257966,0.0,0.0,0.0,3.0639668,0.0,1.6257966,2.963782,3.3154953,0.0,2.7271094,0.0,1.6257966,1.112263,4.163221,2.583801,2.416464,2.416464,2.416464,1.112263,0.0,0.0,0.0,2.583801,2.852431,3.3154953,1.6257966,1.9634271,1.112263,1.112263,3.2384744,3.7334862,1.6257966,1.112263,0.0,1.112263,2.2153845,1.112263,1.112263,0.0,0.0,1.112263,1.9634271,0.0,CD8_T
0.0,0.0,3.3275394,2.5604842,1.3826678,0.0,2.7680535,1.3826678,1.3826678,0.0,1.3826678,0.0,2.6696448,1.7007912,1.9417645,0.0,2.939856,2.7680535,0.0,0.0,4.002583,3.4293053,0.0,0.0,2.5604842,2.6696448,0.0,1.3826678,0.0,1.9417645,1.3826678,2.1357982,1.7007912,2.2982318,0.0,1.3826678,0.0,2.6696448,0.0,1.7007912,0.9133906,2.939856,2.4379303,1.3826678,0.9133906,0.0,0.0,1.9417645,1.9417645,1.7007912,CD4_T
3.0264494,3.913216,2.6449387,0.0,2.3806508,2.5215006,0.0,0.0,1.4517651,0.0,0.0,1.7759634,0.9690057,1.4517651,2.2166584,0.0,2.2166584,1.7759634,0.0,1.4517651,2.7548006,1.4517651,0.0,1.7759634,1.4517651,0.9690057,2.0203934,0.0,2.2166584,0.0,0.0,0.9690057,1.4517651,0.9690057,2.3806508,1.4517651,0.0,2.0203934,0.0,0.0,0.0,0.0,0.0,0.0,0.0,1.4517651,0.9690057,0.0,0.9690057,0.9690057,CD8_T
3.425623,3.1192937,2.8462336,1.620516,2.3478734,0.0,2.6754577,1.8574845,1.8574845,2.4693863,2.4693863,0.0,0.85522324,3.624375,3.425623,0.0,2.5777209,0.85522324,2.3478734,1.620516,3.3335602,2.5777209,2.2095258,1.309359,2.5777209,0.0,1.620516,1.309359,0.0,2.4693863,0.0,1.620516,2.0489175,2.7644868,2.3478734,2.3478734,1.309359,3.425623,0.0,1.620516,0.85522324,0.0,0.85522324,1.620516,1.309359,1.8574845,0.0,0.85522324,0.85522324,0.0,CD8_T
0.0,0.0,0.0,2.6753318,0.0,0.0,2.577596,2.3477514,0.0,0.0,2.0487998,0.0,1.8573704,2.3477514,1.3092604,0.0,0.8551456,2.0487998,2.2094057,0.8551456,4.247603,2.9919267,1.6204076,0.8551456,2.4692628,0.8551456,0.0,0.0,0.0,1.6204076,0.8551456,0.0,0.0,2.4692628,0.8551456,2.8461063,2.4692628,3.1771863,0.0,0.8551456,0.0,0.0,1.3092604,1.6204076,2.2094057,0.0,0.0,2.8461063,0.0,0.0,CD4_T
0.0,0.0,0.0,1.9316804,0.0,0.0,2.8635185,2.0895548,0.0,0.0,1.2120717,0.0,0.77942556,2.9286995,1.2120717,0.0,0.0,0.0,1.7441223,1.513072,3.5277169,2.22587,1.2120717,0.0,0.77942556,2.22587,0.0,0.77942556,0.0,1.513072,0.0,0.77942556,0.0,1.513072,0.0,2.22587,1.513072,2.8635185,0.77942556,1.2120717,0.0,0.0,1.9316804,1.2120717,1.7441223,0.0,0.0,2.0895548,0.77942556,0.0,CD4_T
0.0,0.0,3.8695316,2.573251,1.7121097,0.0,0.0,2.6825216,0.0,0.0,0.9216946,0.0,2.1480029,1.953621,2.1480029,0.0,1.953621,2.1480029,2.1480029,1.7121097,3.6196663,1.3930446,2.1480029,0.0,2.6825216,2.31068,0.0,1.3930446,0.0,0.0,0.0,2.4505587,2.1480029,2.952958,2.31068,0.9216946,1.3930446,2.4505587,1.7121097,0.0,1.7121097,2.7810194,0.9216946,1.7121097,0.0,0.0,0.0,0.9216946,1.7121097,0.0,CD4_T
0.0,0.0,2.1231532,1.9644805,0.0,0.0,0.8003148,0.0,0.0,0.0,0.8003148,0.0,0.8003148,2.3804655,1.5430255,0.0,0.0,0.0,1.7757938,1.5430255,3.4549289,2.673366,2.2600627,1.7757938,1.5430255,2.754609,0.0,0.8003148,0.0,0.8003148,1.5430255,0.0,0.8003148,1.5430255,0.0,2.1231532,0.8003148,2.3804655,0.8003148,2.3804655,1.2390938,0.0,0.8003148,1.5430255,0.8003148,1.5430255,0.0,1.9644805,0.8003148,0.0,CD8_T
3.9003549,3.4525568,2.935926,2.2944994,2.1570113,1.2665024,0.82163274,2.620464,2.4153492,2.1570113,1.5733194,1.9975601,0.82163274,0.0,2.7905834,4.349666,2.709137,2.1570113,0.0,1.5733194,0.82163274,1.2665024,1.2665024,1.8077706,0.82163274,0.0,2.7905834,0.0,0.0,0.82163274,0.0,0.82163274,2.620464,0.82163274,1.8077706,0.0,0.82163274,0.82163274,3.0013738,0.0,0.0,0.82163274,0.82163274,0.82163274,1.2665024,1.5733194,0.0,0.82163274,0.0,0.0,CD8_T
3.5983446,2.800397,2.4694395,0.9341768,2.1662598,0.0,0.0,0.0,2.5923355,1.9713649,3.4130347,0.0,2.9725356,2.3292956,3.0486343,0.0,1.4086025,0.9341768,2.3292956,2.3292956,3.4130347,2.3292956,2.3292956,1.4086025,1.4086025,1.7290596,2.3292956,2.3292956,0.0,1.9713649,1.9713649,1.4086025,2.3292956,1.7290596,2.5923355,3.1193492,0.0,3.5983446,0.9341768,0.9341768,1.4086025,0.0,2.1662598,1.4086025,0.9341768,2.3292956,0.0,0.9341768,0.0,0.9341768,CD8_T
3.7171812,2.591764,2.7998166,0.0,2.591764,2.591764,3.1187584,1.9708331,2.328738,0.0,0.0,2.328738,0.0,0.0,2.7998166,0.0,3.1187584,1.9708331,0.0,1.9708331,2.591764,2.591764,1.9708331,1.4081357,0.0,2.328738,0.0,0.0,0.0,0.0,0.0,1.9708331,1.9708331,1.4081357,1.4081357,1.9708331,0.0,1.9708331,0.0,0.0,0.0,1.9708331,0.0,0.0,0.0,0.0,0.0,2.328738,0.0,1.9708331,CD8_T
0.0,0.0,3.4104981,0.9325851,0.9325851,0.0,1.7269024,1.4066212,0.9325851,0.0,0.0,0.0,0.0,0.9325851,3.7520626,0.0,4.253456,0.0,0.0,2.1639376,1.4066212,0.0,0.0,0.0,0.0,2.970047,0.0,0.0,0.0,0.0,0.0,1.4066212,0.9325851,0.0,1.7269024,0.0,0.0,0.9325851,2.5899088,1.4066212,0.9325851,2.3269281,2.1639376,0.0,1.4066212,0.0,0.0,0.9325851,1.4066212,3.0461357,CD4_T
0.0,0.0,1.8196567,2.2634528,0.0,0.0,0.0,1.0018249,0.0,0.0,1.4921157,0.0,0.0,1.4921157,1.4921157,0.0,0.0,0.0,0.0,2.903204,3.466312,2.803919,0.0,0.0,1.4921157,2.569763,0.0,0.0,0.0,1.4921157,1.4921157,1.8196567,1.0018249,1.8196567,0.0,2.4282904,0.0,1.4921157,1.0018249,2.569763,0.0,0.0,1.0018249,1.0018249,2.2634528,0.0,0.0,0.0,0.0,0.0,CD4_T
3.1970048,3.673454,2.6243718,0.0,2.7681136,0.0,1.6611384,0.0,2.4564433,2.7681136,2.254508,0.0,2.8937664,2.0012033,2.6243718,0.0,1.6611384,1.1418796,0.0,0.0,2.4564433,2.6243718,2.0012033,2.254508,1.1418796,2.7681136,2.0012033,2.0012033,0.0,1.1418796,1.1418796,2.4564433,2.0012033,1.6611384,0.0,1.1418796,0.0,2.4564433,0.0,0.0,1.1418796,1.6611384,0.0,1.1418796,0.0,2.254508,0.0,1.1418796,1.1418796,1.1418796,CD8_T
3.4118004,3.4742754,0.0,2.5437973,2.6866608,1.0833808,0.0,3.1135674,1.926284,2.5437973,2.5437973,0.0,3.0226915,1.926284,2.8116422,0.0,1.926284,1.926284,2.176864,2.6866608,3.7388046,2.176864,1.926284,1.5911322,3.0226915,2.377067,0.0,2.377067,1.0833808,2.8116422,1.5911322,0.0,1.0833808,1.0833808,0.0,1.926284,2.176864,1.0833808,0.0,1.0833808,1.926284,1.0833808,1.5911322,2.176864,0.0,2.5437973,0.0,1.926284,2.377067,0.0,CD8_T
0.0,0.0,0.0,2.9549975,0.0,0.0,2.1139238,1.0367963,0.0,0.0,1.5347866,0.0,1.5347866,2.1139238,2.1139238,0.0,1.5347866,0.0,1.5347866,1.0367963,3.758029,3.4639482,2.6203966,1.0367963,1.5347866,2.8554068,0.0,1.8657072,0.0,1.0367963,1.5347866,2.478302,1.5347866,2.7447896,0.0,1.5347866,2.478302,2.1139238,0.0,0.0,0.0,1.0367963,1.8657072,1.0367963,1.8657072,1.0367963,0.0,2.6203966,0.0,0.0,CD4_T
3.8135972,3.419106,3.663118,1.1346709,2.8837497,0.0,0.0,0.0,2.9952996,3.1868339,0.0,0.0,0.0,2.2450194,3.4859138,0.0,2.2450194,1.6525549,0.0,1.6525549,1.6525549,1.6525549,1.6525549,1.9920368,0.0,1.9920368,0.0,0.0,0.0,1.6525549,0.0,0.0,1.1346709,1.1346709,1.1346709,0.0,1.9920368,1.9920368,2.6145377,0.0,0.0,1.9920368,0.0,1.1346709,0.0,2.2450194,0.0,1.1346709,0.0,0.0,CD8_T
0.0,0.0,0.0,1.5626999,0.0,0.0,2.4031389,1.2568853,0.0,0.0,1.2568853,0.0,1.2568853,1.9859747,1.2568853,0.0,2.145156,1.5626999,0.0,0.0,3.0500152,1.9859747,1.5626999,0.0,1.2568853,0.81413794,0.0,0.0,0.0,0.0,1.2568853,0.0,1.5626999,1.7965672,0.0,0.81413794,0.81413794,1.5626999,0.0,1.2568853,0.0,0.0,0.0,0.0,2.510823,0.81413794,0.0,0.0,1.2568853,0.0,CD4_T
3.7766984,3.5904522,3.5904522,0.0,2.7626836,2.6381292,1.881884,0.0,2.7626836,0.0,0.0,1.0491726,2.1307464,2.1307464,2.9731224,2.8734283,0.0,2.9731224,0.0,0.0,4.0370445,1.881884,1.0491726,0.0,2.3298538,1.881884,3.0637724,0.0,3.0637724,2.6381292,1.881884,1.881884,1.54981,2.1307464,1.0491726,1.54981,1.54981,2.1307464,1.0491726,1.54981,1.0491726,1.54981,0.0,1.54981,1.0491726,2.3298538,1.881884,0.0,1.54981,2.6381292,CD8_T
0.0,0.0,1.4372827,2.003975,0.0,0.0,2.504084,2.835928,0.0,0.0,2.835928,0.0,1.7602453,2.3634665,1.7602453,0.0,0.9572873,0.0,0.0,0.9572873,4.397298,2.835928,0.9572873,0.0,0.9572873,1.7602453,0.0,2.3634665,0.0,0.0,0.9572873,2.7370646,0.0,2.7370646,0.0,2.1997886,2.3634665,1.7602453,1.7602453,2.003975,0.0,0.0,1.4372827,1.7602453,1.4372827,0.0,0.0,0.0,0.0,0.0,CD4_T
3.0968394,2.2111404,3.167714,1.4470241,2.5158048,0.96516603,0.0,3.3544133,2.0150223,2.3750305,3.0968394,2.2111404,0.96516603,3.167714,3.0968394,0.0,2.5158048,1.7708201,0.0,0.96516603,4.0584207,2.2111404,2.2111404,1.7708201,0.96516603,2.8479416,2.2111404,0.0,0.96516603,1.7708201,0.96516603,2.2111404,2.3750305,1.7708201,2.2111404,2.3750305,0.0,3.6042721,0.0,1.7708201,0.0,0.96516603,1.7708201,1.4470241,0.96516603,1.4470241,0.0,1.4470241,1.7708201,0.0,CD8_T
0.0,0.0,0.82869273,2.5347204,0.0,0.0,2.720871,1.2755431,0.0,0.0,1.8182863,0.0,2.720871,2.8777478,2.3058057,0.0,1.5832926,1.2755431,0.0,0.82869273,3.8597105,1.8182863,1.5832926,1.2755431,2.1681316,2.0084305,0.0,2.3058057,0.0,1.8182863,1.2755431,0.82869273,1.2755431,2.720871,0.0,0.82869273,1.5832926,2.0084305,0.82869273,3.0133188,0.0,0.0,0.82869273,1.8182863,1.8182863,0.82869273,0.0,0.82869273,0.0,0.0,CD4_T
3.829914,2.67536,0.91707146,1.3872702,2.1412141,0.0,0.0,2.1412141,2.4435349,2.303756,3.385647,0.0,2.303756,3.333459,2.1412141,0.0,3.0922842,0.91707146,1.7058126,1.3872702,4.7462215,3.158246,1.3872702,2.1412141,2.5661502,2.303756,1.7058126,0.91707146,0.0,2.1412141,1.3872702,1.9470253,1.7058126,2.303756,0.0,1.7058126,0.0,3.0922842,1.7058126,0.0,1.9470253,0.0,0.91707146,1.7058126,0.0,1.9470253,0.0,0.91707146,0.91707146,0.0,CD8_T
0.0,0.0,1.2742425,2.630446,0.0,0.0,1.5818585,0.82767624,0.0,0.0,2.7191849,0.0,2.1665335,1.5818585,1.2742425,0.0,0.0,1.5818585,2.3041809,2.1665335,3.7728498,2.4251537,1.2742425,0.0,1.5818585,1.8167745,0.0,0.0,0.0,2.1665335,0.0,0.82767624,0.82767624,2.3041809,0.0,2.0068681,0.82767624,2.8760443,0.82767624,1.5818585,0.0,0.0,0.82767624,1.5818585,1.2742425,0.0,0.0,0.0,0.0,1.5818585,CD4_T
0.69510293,0.0,2.7116978,3.2618542,0.0,0.0,0.0,2.5685568,0.0,0.0,1.7950169,2.8368917,2.4014482,2.3061025,2.5685568,0.0,2.4014482,1.7950169,0.0,2.2006989,2.9481413,2.4884892,0.0,0.0,3.3359728,1.7950169,0.0,0.69510293,0.0,2.2006989,0.0,2.4884892,1.101219,2.2006989,1.7950169,3.404975,0.0,2.2006989,0.0,1.101219,2.5685568,0.0,1.3892264,1.6125653,1.3892264,0.69510293,0.0,1.101219,1.7950169,2.2006989,CD4_T
3.376824,2.7987537,2.1647108,0.0,1.8150508,2.1647108,1.27276,1.8150508,0.0,0.0,1.27276,0.0,0.0,1.27276,1.8150508,0.0,2.9441683,2.6285357,2.4232774,2.9441683,2.9441683,1.27276,3.5386093,0.0,1.27276,1.27276,0.0,2.1647108,1.27276,0.0,1.27276,3.1837149,2.4232774,2.6285357,2.1647108,1.27276,2.4232774,2.4232774,0.0,0.0,1.8150508,1.8150508,0.0,1.27276,1.8150508,1.27276,0.0,0.0,1.27276,0.0,CD8_T
0.0,0.0,0.0,2.8519826,0.0,0.0,2.2149603,0.0,0.0,0.0,0.0,0.0,1.3138173,1.8626367,0.0,0.0,0.0,0.0,0.0,1.3138173,3.125127,3.2380168,0.0,1.8626367,1.3138173,1.3138173,0.0,0.0,0.0,0.0,1.3138173,1.3138173,1.3138173,2.2149603,0.0,0.0,1.3138173,2.2149603,0.0,1.3138173,0.0,0.0,1.8626367,0.0,1.8626367,0.0,0.0,1.8626367,0.0,0.0,CD4_T
2.2850447,2.030723,2.3914557,2.6559978,1.4608908,0.0,1.688815,2.4876244,1.4608908,2.1659472,0.74349123,0.0,3.3527646,2.9259667,2.2850447,0.0,2.5753508,2.5753508,0.74349123,2.2850447,4.207613,2.6559978,2.7306237,0.0,3.229691,1.4608908,0.0,0.0,0.0,2.2850447,0.74349123,1.688815,1.4608908,2.7306237,1.688815,1.1651897,1.4608908,3.229691,0.74349123,0.74349123,1.1651897,0.0,0.74349123,1.4608908,0.0,1.1651897,0.0,1.8743111,2.1659472,1.688815,CD4_T
3.235244,2.690027,0.0,1.3991048,1.9605374,2.1551204,2.8782792,2.1551204,2.1551204,0.92655224,0.92655224,0.0,2.4579208,3.1073184,1.7187151,0.0,2.8782792,0.0,0.92655224,1.9605374,3.938683,3.235244,1.9605374,0.92655224,2.1551204,1.7187151,0.0,1.3991048,1.7187151,0.92655224,0.92655224,2.4579208,0.92655224,2.1551204,1.7187151,1.9605374,2.1551204,3.3486452,0.0,1.9605374,0.0,0.0,1.3991048,2.690027,0.92655224,1.9605374,0.0,0.92655224,0.0,0.0,CD8_T
4.0986977,4.450382,2.677285,1.4785058,2.9768107,2.4122608,2.677285,0.0,2.9768107,0.0,0.0,0.0,1.4785058,1.8049356,2.886583,3.1359947,2.7873998,1.4785058,0.0,1.8049356,3.1359947,2.2477028,1.4785058,3.0595667,2.5535269,1.4785058,2.4122608,0.9907276,2.2477028,0.9907276,0.9907276,3.0595667,2.4122608,0.0,0.9907276,0.9907276,0.0,1.4785058,0.0,0.9907276,0.0,2.050627,0.0,0.0,0.0,2.4122608,3.0595667,0.0,1.4785058,1.8049356,CD8_T
0.0,0.0,0.0,2.5018032,0.0,0.0,2.6441796,2.3357363,0.0,0.0,1.5549452,0.0,0.0,0.0,2.1364896,0.0,0.0,0.0,0.0,1.0534104,2.7687883,0.0,0.0,1.0534104,1.0534104,2.1364896,0.0,1.0534104,0.0,1.0534104,0.0,0.0,1.0534104,0.0,0.0,1.0534104,0.0,1.8874091,0.0,0.0,0.0,0.0,1.5549452,0.0,2.1364896,1.0534104,0.0,0.0,0.0,0.0,CD8_T
4.1269073,4.368517,3.2074814,0.991047,2.8870628,3.5021589,0.0,0.0,2.4127233,0.0,0.0,0.0,0.991047,2.677758,2.4127233,3.5993686,2.0510697,2.2481573,0.0,0.0,3.1364806,2.2481573,1.8053601,2.2481573,1.8053601,0.991047,0.991047,0.0,2.7878766,0.991047,2.0510697,2.0510697,2.677758,2.8870628,2.0510697,0.0,0.0,0.0,2.0510697,0.991047,1.478898,1.478898,0.0,0.0,0.0,1.478898,2.677758,0.991047,2.0510697,0.991047,CD8_T
0.0,0.0,0.0,2.7992368,0.0,0.0,2.6890318,2.2589872,0.0,0.0,0.99867326,0.0,0.0,1.8154813,2.0616226,0.0,0.99867326,0.0,2.0616226,1.4882541,4.082593,2.5651603,1.4882541,0.99867326,2.0616226,0.99867326,0.0,2.0616226,0.0,0.0,0.0,0.99867326,0.0,1.4882541,0.99867326,2.0616226,0.0,3.2190952,1.4882541,1.4882541,2.0616226,0.99867326,1.4882541,1.8154813,1.4882541,0.0,0.0,1.4882541,0.0,0.0,CD4_T
0.0,0.0,2.1432712,1.9841329,0.0,0.0,0.81294936,0.0,0.0,0.0,0.81294936,0.0,1.7947867,1.7947867,1.9841329,0.0,0.0,0.0,1.2553583,1.2553583,3.2123106,2.2805269,1.5610127,0.0,1.5610127,2.4011972,0.0,1.7947867,0.0,1.2553583,0.81294936,0.81294936,0.0,1.5610127,0.0,1.2553583,0.81294936,1.7947867,1.2553583,0.81294936,0.81294936,0.0,0.81294936,0.81294936,1.7947867,1.5610127,0.0,1.5610127,0.0,0.0,CD8_T
0.0,0.0,3.1861117,2.5334654,0.0,0.0,2.7669816,0.97709465,0.0,0.0,0.0,0.0,2.031682,0.97709465,2.5334654,0.0,2.3924584,1.4617386,0.97709465,2.031682,2.9561589,3.1151779,0.0,0.0,2.228253,1.4617386,0.0,0.97709465,0.0,0.0,1.7867769,0.97709465,1.4617386,3.038826,0.97709465,1.7867769,1.7867769,3.038826,2.9561589,0.0,0.97709465,0.0,2.031682,2.3924584,0.0,0.0,0.0,0.0,1.4617386,1.4617386,CD4_T
0.0,0.0,0.0,2.5523653,0.0,0.0,0.8395264,2.820381,0.0,0.0,1.598541,0.0,1.2893816,0.0,1.598541,0.0,1.2893816,0.0,0.0,0.8395264,3.151008,1.8343529,2.1851094,0.0,0.8395264,2.7387717,0.0,1.2893816,0.0,1.2893816,2.3230631,0.0,1.2893816,1.598541,0.0,1.8343529,0.8395264,2.6499057,0.8395264,0.0,0.0,0.0,0.0,0.0,0.0,1.2893816,0.0,0.0,0.8395264,0.0,CD4_T
0.0,0.0,0.0,2.4580045,1.1430423,0.0,2.8953795,1.662522,0.0,0.0,0.0,0.0,0.0,2.4580045,2.0026803,1.1430423,1.1430423,0.0,1.1430423,1.1430423,4.1757536,3.0070016,1.1430423,0.0,0.0,1.1430423,0.0,2.8953795,0.0,0.0,2.2560365,0.0,0.0,1.1430423,0.0,0.0,1.662522,2.7697139,1.1430423,0.0,1.1430423,0.0,1.1430423,0.0,2.0026803,0.0,0.0,0.0,1.1430423,0.0,CD4_T
3.8435946,3.8435946,2.676812,1.8045113,2.9763288,2.247249,0.0,0.99040836,2.9763288,0.0,2.0501845,0.0,2.4117985,2.8861036,2.0501845,2.676812,2.4117985,2.0501845,0.99040836,2.247249,3.0590827,3.1355088,2.7869232,2.0501845,2.0501845,2.7869232,0.0,0.99040836,1.8045113,2.4117985,0.99040836,1.8045113,1.8045113,2.5530586,1.4781138,2.0501845,0.99040836,2.4117985,1.4781138,0.0,2.0501845,0.99040836,1.8045113,0.0,0.0,2.0501845,0.0,0.99040836,0.99040836,0.0,CD8_T
3.8215752,3.914893,3.2701943,0.9119627,3.084148,3.3252394,0.0,0.0,2.558283,0.0,1.3808813,2.4357533,0.0,0.0,3.0135546,2.9375966,2.4357533,1.9397215,0.0,0.0,2.7658179,1.9397215,1.3808813,2.4357533,0.0,2.9375966,2.296086,0.0,1.3808813,0.0,0.0,2.558283,2.6674247,0.9119627,0.9119627,0.0,0.0,0.0,1.9397215,0.9119627,0.0,0.0,1.3808813,0.0,0.9119627,1.3808813,2.133695,0.0,1.3808813,0.0,CD8_T
0.0,0.0,1.6135036,0.85020363,0.0,0.0,0.0,0.85020363,0.0,0.0,0.0,0.0,0.0,1.3029797,1.3029797,0.0,0.85020363,0.85020363,1.8501059,1.6135036,3.3722005,2.0413003,2.461381,0.0,2.913524,2.569639,0.0,1.6135036,0.0,0.85020363,0.85020363,1.3029797,0.85020363,2.461381,0.0,1.8501059,0.0,1.3029797,1.3029797,2.201741,0.0,0.0,1.3029797,1.8501059,1.6135036,1.3029797,0.0,2.0413003,0.0,0.0,CD8_T
0.0,0.0,2.0721087,1.3288296,0.0,0.0,2.493741,0.87058616,0.0,0.0,0.0,0.0,0.0,1.8799598,2.2332203,0.0,0.87058616,0.0,0.0,0.0,3.0830402,1.3288296,2.2332203,1.3288296,1.6418918,1.3288296,0.0,2.7894099,0.0,0.0,0.0,0.0,0.0,0.0,0.0,1.3288296,0.87058616,1.3288296,1.3288296,1.8799598,0.0,0.0,1.3288296,1.3288296,2.0721087,0.0,0.0,0.0,0.87058616,0.0,CD8_T
3.262545,4.228581,3.0116026,0.0,2.1665335,1.9163314,1.0756826,2.5330586,2.1665335,0.0,0.0,2.3664956,0.0,1.0756826,2.800687,0.0,2.1665335,1.0756826,0.0,0.0,0.0,0.0,1.9163314,1.9163314,1.0756826,0.0,2.3664956,1.0756826,2.6757994,0.0,0.0,1.5818586,1.5818586,1.0756826,1.9163314,1.0756826,0.0,0.0,0.0,0.0,0.0,0.0,0.0,0.0,1.0756826,2.3664956,1.5818586,1.9163314,1.5818586,1.5818586,CD8_T
0.0,0.0,0.80268615,2.7586372,0.0,0.0,1.2421509,1.7793677,0.0,0.0,2.1269407,0.0,1.9681797,1.9681797,0.0,0.0,0.80268615,0.80268615,1.9681797,2.1269407,2.7586372,0.80268615,0.80268615,0.0,2.1269407,2.5889115,0.0,1.5464089,0.0,0.80268615,0.0,1.2421509,0.80268615,1.5464089,0.0,1.2421509,1.2421509,2.3843694,0.0,1.5464089,0.80268615,0.0,2.491861,0.80268615,2.263916,0.0,0.0,0.0,0.80268615,0.0,CD4_T
3.9768443,2.7434962,1.9193447,0.0,1.9193447,0.0,0.0,0.0,1.6794056,1.3630885,2.2746727,0.0,0.8977693,3.4039419,1.6794056,0.0,2.7434962,0.8977693,2.2746727,0.8977693,2.8329396,2.8329396,1.9193447,1.6794056,2.6452596,2.9909003,0.0,2.536311,0.0,1.9193447,0.8977693,1.9193447,2.2746727,2.9150357,1.3630885,1.3630885,0.0,2.4140244,2.536311,0.0,0.0,0.8977693,0.0,1.3630885,0.0,1.6794056,0.0,1.3630885,0.0,0.0,CD8_T
2.7125182,1.0146494,2.4467182,2.2815638,1.8366036,0.0,2.922299,0.0,1.5078021,2.8228996,3.3719175,0.0,3.3719175,3.0956118,1.8366036,0.0,2.0836308,1.0146494,3.0127053,2.7125182,4.2424407,2.5884235,1.0146494,1.5078021,3.0127053,0.0,1.5078021,0.0,0.0,2.5884235,1.0146494,1.0146494,2.0836308,3.0127053,0.0,3.0956118,0.0,3.0956118,1.8366036,2.0836308,2.4467182,0.0,0.0,2.4467182,0.0,2.0836308,0.0,1.5078021,0.0,0.0,CD8_T
3.0964515,3.6365018,2.823727,1.8373431,2.6532123,2.4475217,0.0,0.0,2.1882675,0.0,1.8373431,1.2919605,1.8373431,1.8373431,2.823727,1.2919605,0.0,1.8373431,1.8373431,1.8373431,2.969358,1.2919605,1.8373431,1.8373431,2.4475217,2.1882675,2.4475217,2.1882675,2.1882675,1.8373431,1.8373431,1.2919605,2.823727,2.823727,0.0,2.1882675,1.2919605,2.1882675,0.0,0.0,1.2919605,0.0,0.0,1.2919605,1.2919605,2.1882675,1.8373431,1.2919605,0.0,0.0,CD8_T
4.2566934,3.6622958,2.994498,0.0,2.244265,1.9913083,1.6518728,0.0,1.9913083,0.0,1.1340985,2.244265,0.0,1.6518728,2.7573857,0.0,3.2695858,1.1340985,2.6137557,3.2695858,3.3466995,0.0,2.244265,1.9913083,2.244265,1.1340985,1.6518728,1.9913083,0.0,2.244265,2.244265,1.6518728,1.1340985,1.9913083,1.1340985,0.0,1.6518728,3.812772,1.9913083,2.4459796,0.0,0.0,0.0,2.244265,0.0,1.9913083,0.0,0.0,1.9913083,0.0,CD8_T
3.6010177,2.888664,2.6793373,0.0,2.7894678,0.0,0.0,0.0,2.414267,2.6793373,2.5555592,2.6793373,2.2496738,2.7894678,3.0616672,0.0,0.9921136,1.4802074,1.4802074,2.978902,4.6329384,3.2091084,2.888664,2.0525475,2.6793373,2.0525475,1.8067771,2.414267,0.0,1.8067771,0.0,2.2496738,3.0616672,3.0616672,1.8067771,3.0616672,0.0,2.888664,3.0616672,0.9921136,1.8067771,0.0,0.9921136,0.9921136,0.9921136,2.0525475,0.0,1.4802074,0.9921136,0.0,CD8_T
0.0,0.0,0.0,2.3217986,0.0,0.0,2.792595,2.792595,0.0,0.0,0.0,0.0,0.0,1.9642171,1.4023311,1.4023311,3.1114087,0.0,0.0,0.0,0.0,0.0,0.0,0.0,1.4023311,0.0,0.0,1.4023311,0.0,0.0,0.0,0.0,1.4023311,0.0,1.4023311,0.0,0.0,0.0,0.0,0.0,0.0,0.0,0.0,0.0,1.9642171,0.0,0.0,1.4023311,1.4023311,0.0,CD4_T
3.5238404,3.1545146,2.1377754,0.9147335,2.7701547,0.0,2.5625527,2.5625527,0.9147335,1.9436848,1.3843476,0.0,2.3002484,1.9436848,1.3843476,0.0,1.3843476,0.0,0.0,0.0,3.686348,1.9436848,0.0,0.0,0.0,2.1377754,1.3843476,0.9147335,0.0,0.9147335,0.0,2.1377754,1.3843476,0.9147335,0.9147335,1.3843476,1.7026241,1.7026241,0.0,0.0,1.7026241,0.9147335,0.0,0.9147335,0.0,1.9436848,0.0,0.0,0.9147335,0.9147335,CD4_T
3.548969,4.3315353,4.080453,0.0,3.1577787,2.983925,3.65145,0.0,2.8841705,0.0,1.5587864,0.0,1.5587864,2.7733507,3.0746255,3.1577787,2.6487017,2.1407835,0.0,2.1407835,4.080453,2.3401337,1.0565829,3.0746255,1.8915406,2.1407835,2.3401337,0.0,3.372382,2.1407835,1.5587864,2.5062726,2.7733507,2.5062726,1.0565829,1.0565829,1.0565829,1.8915406,1.0565829,1.8915406,0.0,3.6015217,1.0565829,1.5587864,0.0,2.5062726,3.4935007,1.5587864,2.3401337,1.5587864,CD8_T
0.0,0.0,2.0628207,1.321023,0.0,0.0,0.86441886,0.86441886,0.0,0.0,1.8709565,0.0,0.0,2.4839904,1.8709565,0.0,0.86441886,0.0,1.321023,2.2237322,3.2994933,2.0628207,1.321023,0.86441886,1.321023,2.0628207,0.0,1.8709565,0.0,2.0628207,1.6333262,2.0628207,0.86441886,2.2237322,1.8709565,1.321023,0.0,2.6903114,0.86441886,0.86441886,1.321023,0.0,1.8709565,1.6333262,0.86441886,1.6333262,0.0,1.321023,0.0,0.0,CD8_T
0.0,0.0,0.8381838,2.8181574,0.0,0.0,2.9637406,3.4397695,0.8381838,0.0,0.0,0.0,1.2876688,2.550185,1.8323663,0.0,2.183011,1.5966549,0.8381838,1.2876688,2.9637406,2.73656,0.0,0.0,0.8381838,1.5966549,0.0,0.0,0.0,1.8323663,1.2876688,1.5966549,1.8323663,1.5966549,2.183011,1.5966549,2.4421132,2.3209305,0.0,0.8381838,0.8381838,0.0,1.2876688,0.0,0.0,0.0,0.0,0.0,0.0,0.0,CD4_T
0.0,0.0,1.0232468,3.648747,0.0,0.0,2.6008728,2.293652,0.0,0.0,0.0,0.0,1.518293,1.0232468,1.0232468,0.0,2.09542,0.0,0.0,1.0232468,2.835559,0.0,1.0232468,0.0,2.9350336,1.0232468,0.0,0.0,0.0,1.518293,1.0232468,1.518293,0.0,2.09542,0.0,2.09542,1.518293,3.551399,0.0,2.7250848,0.0,0.0,2.293652,1.0232468,1.8479257,1.0232468,0.0,1.8479257,1.0232468,0.0,CD4_T
3.8386455,2.07872,1.8318888,0.0,1.8318888,0.0,0.0,2.07872,2.583235,3.0073707,3.0902553,0.0,1.0110762,3.0902553,3.0902553,0.0,3.6754968,3.2378862,2.583235,2.07872,4.576469,3.2378862,2.4415941,2.07872,2.7072806,2.817623,0.0,1.5034361,0.0,1.5034361,1.5034361,1.0110762,1.8318888,2.2765272,2.07872,3.5827172,0.0,2.9169908,2.4415941,0.0,1.8318888,0.0,0.0,1.5034361,0.0,1.0110762,0.0,2.07872,0.0,1.0110762,CD8_T
3.5998712,3.1836958,3.1836958,1.0223345,2.7237535,2.8342178,0.0,0.0,2.292371,2.7237535,2.7237535,0.0,1.5171806,3.1070998,2.0941706,1.0223345,1.8467255,1.5171806,0.0,2.0941706,3.7360623,4.147706,1.5171806,1.5171806,2.5995538,2.0941706,2.5995538,1.5171806,0.0,0.0,2.0941706,2.5995538,2.9336846,2.292371,1.5171806,1.0223345,0.0,2.292371,1.8467255,1.5171806,0.0,1.5171806,0.0,1.8467255,1.0223345,2.4577115,0.0,0.0,1.0223345,0.0,CD8_T
3.7473722,3.900786,2.7628484,0.0,2.810981,1.867049,1.2071477,0.0,2.1762404,0.57734966,2.1762404,1.9810688,2.856903,3.0593681,2.6590202,0.0,3.4735937,1.2071477,0.0,1.867049,4.005704,2.7122812,0.57734966,1.9810688,1.4171252,2.0834086,1.9810688,1.5905721,1.7383351,0.94103104,2.9428668,1.2071477,1.2071477,1.4171252,1.2071477,1.867049,0.0,2.9428668,1.4171252,1.4171252,1.4171252,1.2071477,0.57734966,1.4171252,0.57734966,1.2071477,1.7383351,0.57734966,1.2071477,0.57734966,CD8_T
0.813858,0.0,3.2138772,3.8337913,0.0,0.0,1.5623026,1.796148,0.0,0.0,0.0,1.796148,0.0,1.2565256,2.7775245,0.0,0.813858,1.9855409,0.0,1.5623026,1.5623026,1.2565256,0.0,1.2565256,2.4026818,2.696151,0.0,0.0,0.0,0.813858,0.0,2.1447122,0.813858,2.9227507,1.5623026,1.2565256,1.796148,2.9881516,1.5623026,0.813858,0.0,0.813858,0.813858,0.813858,1.796148,0.0,0.0,0.0,2.6075644,2.2819927,CD4_T
0.0,0.0,1.7729813,2.9404345,0.0,0.0,2.3773923,0.96677876,0.0,0.0,0.96677876,0.0,1.449016,2.641603,2.2134593,0.0,1.449016,0.96677876,1.449016,0.0,4.1923547,3.3569262,2.7514384,0.0,1.449016,0.0,0.0,0.96677876,0.0,0.0,0.96677876,0.0,0.96677876,2.3773923,0.96677876,1.449016,0.96677876,2.2134593,0.96677876,1.449016,0.0,0.0,2.0172791,1.449016,0.0,0.0,0.0,0.96677876,0.0,0.0,CD4_T
3.6060126,3.1694283,2.3766534,2.0165732,1.4483927,0.0,2.0165732,1.4483927,2.0165732,3.1694283,2.6408467,0.0,1.4483927,2.6408467,2.0165732,0.0,1.4483927,0.0,3.0222578,0.0,4.32934,3.2976923,1.4483927,0.0,2.6408467,2.0165732,2.0165732,0.0,0.0,0.0,1.4483927,2.0165732,0.0,2.0165732,1.4483927,2.0165732,0.0,3.0222578,2.6408467,0.0,2.0165732,0.0,0.0,1.4483927,1.4483927,1.4483927,0.0,3.2976923,0.0,1.4483927,CD8_T
2.8699517,3.4322147,3.1900907,0.0,2.0352893,3.042778,1.4649284,1.4649284,2.3962302,0.0,0.9796848,3.4322147,2.7708716,0.0,2.3962302,0.0,2.231957,2.231957,0.0,1.7902333,3.3769553,3.4322147,2.0352893,0.0,1.4649284,2.6608841,0.0,1.4649284,1.4649284,0.9796848,0.0,2.231957,1.7902333,0.9796848,1.4649284,2.3962302,0.0,1.7902333,1.7902333,0.9796848,0.0,0.9796848,0.9796848,0.9796848,0.0,1.4649284,0.0,0.9796848,1.7902333,1.7902333,CD8_T
0.0,0.0,0.0,2.3010566,0.0,0.0,2.1026428,3.0333362,0.0,0.0,1.854865,0.0,0.0,1.0285277,1.5247272,0.0,1.0285277,1.0285277,1.5247272,1.854865,2.8433096,2.1026428,1.854865,0.0,1.0285277,1.5247272,0.0,2.4665449,0.0,1.0285277,1.0285277,2.4665449,2.1026428,0.0,0.0,1.0285277,0.0,3.3928668,0.0,1.5247272,0.0,1.0285277,1.5247272,1.5247272,1.5247272,1.0285277,0.0,1.854865,1.0285277,0.0,CD4_T
0.0,0.0,1.3225356,4.026396,0.0,0.0,2.5943708,2.781368,0.0,0.0,0.0,0.0,1.3225356,1.3225356,0.0,0.0,1.6349863,0.0,0.86561304,1.8727018,2.3641727,1.6349863,1.3225356,0.0,0.0,0.86561304,0.0,0.86561304,0.0,0.0,0.0,1.3225356,0.86561304,2.3641727,0.86561304,1.6349863,0.86561304,2.5943708,0.0,0.0,0.0,0.0,1.3225356,0.86561304,1.3225356,1.3225356,0.0,0.0,0.0,0.0,CD4_T
3.055875,3.686943,3.055875,0.0,2.1729915,2.8075364,2.4763985,1.4143496,1.4143496,0.0,1.7353151,0.9387975,1.4143496,1.4143496,2.4763985,0.0,1.7353151,1.9779097,0.0,0.9387975,2.1729915,0.9387975,0.0,1.9779097,0.0,0.9387975,0.0,0.0,1.4143496,0.0,0.9387975,1.4143496,1.4143496,0.0,1.9779097,1.9779097,1.7353151,1.4143496,0.0,0.9387975,0.0,1.4143496,0.0,1.7353151,0.9387975,0.9387975,1.7353151,0.0,1.4143496,2.336158,CD8_T
0.0,0.0,0.0,3.4123044,0.0,0.0,0.9668797,0.9668797,0.0,0.0,0.9668797,0.0,1.4491405,2.2136042,1.7731165,0.9668797,1.4491405,1.4491405,0.0,2.7515907,3.5617347,2.0174205,0.0,0.9668797,0.0,2.6417544,0.0,2.2136042,0.0,2.5183482,0.9668797,2.0174205,0.0,1.7731165,0.0,0.9668797,2.37754,2.2136042,0.9668797,1.7731165,0.0,0.0,2.0174205,0.0,0.9668797,0.0,0.0,0.0,0.0,0.0,CD4_T
0.0,1.0423498,2.121482,2.7528312,0.0,0.0,2.7528312,3.1368182,0.0,1.0423498,0.0,2.3203626,0.0,2.121482,1.0423498,0.0,2.4861755,0.0,1.5415329,3.1368182,3.472272,2.6283655,0.0,1.0423498,1.0423498,0.0,0.0,0.0,0.0,1.0423498,0.0,2.121482,0.0,2.7528312,1.5415329,1.0423498,0.0,2.7528312,0.0,1.5415329,1.0423498,0.0,1.8729736,1.0423498,1.5415329,1.0423498,0.0,1.0423498,1.8729736,0.0,CD4_T
0.0,0.0,0.88337225,2.720666,0.0,0.0,0.88337225,1.8985451,0.0,0.0,0.0,0.88337225,0.88337225,0.88337225,1.344974,0.0,2.0912735,0.0,0.0,1.6595854,3.7743988,0.0,1.6595854,0.0,0.88337225,2.0912735,0.0,1.344974,0.0,1.8985451,2.0912735,0.0,0.0,0.0,0.0,0.88337225,2.252792,1.344974,0.0,0.88337225,0.0,0.0,0.88337225,0.88337225,2.0912735,0.0,0.0,0.0,0.0,0.0,CD4_T
0.0,0.0,0.0,3.077029,0.0,0.0,2.957993,2.3738153,0.0,0.0,1.9581813,0.0,2.1167028,2.2534997,1.9581813,0.0,0.0,0.79628366,1.233892,1.7697084,3.7468584,2.7477467,2.1167028,0.0,1.5372664,1.233892,0.0,1.233892,0.0,2.5781581,0.79628366,0.0,0.79628366,1.9581813,0.0,2.1167028,0.0,2.3738153,0.0,2.7477467,0.0,0.0,1.9581813,1.7697084,1.233892,0.0,0.0,0.79628366,0.79628366,0.0,CD4_T
0.8902548,0.8902548,2.8209772,2.8209772,0.8902548,0.0,0.0,2.8209772,0.0,0.0,1.6690739,2.6334524,0.0,2.978828,2.5246081,0.8902548,2.2632725,1.3536421,2.2632725,0.0,3.527015,2.5246081,0.8902548,0.0,0.0,2.6334524,0.0,0.0,0.0,2.2632725,1.6690739,0.0,1.3536421,2.1015394,1.6690739,0.0,1.3536421,3.0492969,0.8902548,0.8902548,1.908505,0.0,1.6690739,0.0,0.0,0.0,0.0,1.6690739,0.0,2.5246081,CD4_T
0.0,0.0,0.0,2.9956255,0.0,0.0,2.7244744,0.0,0.0,0.0,2.5551836,0.0,1.2163162,2.5551836,0.0,0.0,1.2163162,1.749107,1.2163162,0.0,4.3740726,3.5335774,0.0,0.0,1.749107,1.2163162,0.0,0.0,0.0,0.0,0.0,1.749107,0.0,2.0948472,0.0,2.5551836,2.3512735,2.5551836,0.0,1.2163162,0.0,0.0,0.0,2.5551836,1.2163162,0.0,0.0,0.0,1.749107,0.0,CD4_T
0.0,0.0,0.95956683,2.9293904,0.0,0.0,0.0,0.95956683,0.0,0.0,0.0,0.0,0.95956683,2.6307747,0.95956683,0.0,0.0,0.0,0.0,2.203077,3.4531806,2.0071747,0.0,0.0,2.5074797,3.0119395,0.0,0.95956683,0.0,0.95956683,0.95956683,0.0,0.0,1.440103,0.0,0.95956683,2.5074797,2.0071747,0.95956683,0.0,0.0,0.0,0.95956683,0.0,2.203077,0.95956683,0.95956683,2.3668165,0.0,0.0,CD4_T
3.4004986,1.1722213,1.6971401,3.239491,1.1722213,0.0,2.4969823,3.0474901,1.1722213,2.294213,2.8096497,0.0,1.1722213,3.4722211,2.8096497,0.0,1.1722213,0.0,0.0,4.113939,4.424593,2.294213,2.4969823,0.0,2.8096497,1.1722213,0.0,1.1722213,0.0,1.1722213,2.294213,3.819538,1.6971401,3.4004986,2.039592,2.4969823,0.0,2.9356244,2.294213,2.039592,1.6971401,0.0,1.6971401,1.1722213,0.0,0.0,0.0,0.0,0.0,0.0,CD4_T
0.0,0.0,0.0,3.385835,0.0,0.0,2.5457551,1.7978969,0.0,0.0,0.0,0.0,2.4045887,0.0,1.4720037,0.0,0.0,0.0,2.0432854,1.4720037,2.8786247,0.0,1.7978969,0.0,3.3273237,0.9854358,0.0,2.0432854,0.0,0.9854358,0.0,0.0,0.0,2.2401664,0.0,1.7978969,0.0,2.0432854,0.0,2.2401664,0.0,0.0,0.9854358,2.0432854,1.4720037,0.9854358,0.0,1.4720037,0.9854358,0.0,CD4_T
3.584735,2.918954,3.351111,2.1411698,0.0,0.0,1.7928019,1.2536565,2.1411698,0.0,1.7928019,0.0,0.0,3.2592993,2.6038477,0.0,2.3990324,2.6038477,0.0,3.0457137,4.1908865,2.7737613,2.1411698,1.7928019,0.0,0.0,1.7928019,1.2536565,0.0,1.2536565,1.2536565,0.0,1.2536565,2.7737613,1.2536565,2.3990324,0.0,2.7737613,1.7928019,0.0,0.0,0.0,2.918954,2.1411698,1.7928019,0.0,0.0,1.2536565,1.7928019,0.0,CD8_T
0.0,0.0,1.8260381,3.2311907,0.0,0.0,0.0,0.0,0.0,0.0,0.0,0.0,1.0066477,3.1601174,1.4980202,0.0,1.4980202,1.0066477,0.0,1.4980202,3.4183497,2.5767934,0.0,1.0066477,1.0066477,2.8110707,0.0,1.0066477,0.0,0.0,0.0,1.0066477,0.0,3.4736862,1.0066477,2.4352326,2.4352326,3.0007465,0.0,1.4980202,0.0,0.0,0.0,0.0,1.0066477,0.0,0.0,0.0,0.0,0.0,CD4_T
3.348719,3.0726786,3.4260557,1.7187778,1.190539,2.52126,1.7187778,2.318007,2.318007,0.0,2.52126,1.7187778,1.7187778,2.52126,2.318007,0.0,1.7187778,2.318007,0.0,3.1733985,3.264896,3.8931646,2.0626209,2.0626209,2.318007,1.7187778,0.0,0.0,1.190539,1.7187778,1.190539,2.0626209,2.318007,2.52126,1.190539,1.7187778,0.0,2.0626209,1.7187778,0.0,1.7187778,1.7187778,2.690098,0.0,0.0,2.52126,2.0626209,2.0626209,2.318007,1.7187778,CD8_T
4.098606,3.9528377,3.454731,0.0,3.454731,3.0649405,2.5847452,0.0,2.4173942,0.0,1.9643049,0.0,1.1129484,0.0,2.216294,3.6844459,2.216294,2.7280638,0.0,0.0,2.7280638,2.216294,2.4173942,1.6266168,2.216294,1.9643049,2.4173942,0.0,3.5172927,1.6266168,1.9643049,3.0649405,2.7280638,1.6266168,1.9643049,1.1129484,0.0,2.7280638,2.4173942,0.0,0.0,0.0,0.0,0.0,0.0,1.6266168,2.216294,0.0,1.1129484,1.6266168,CD8_T
3.1785922,3.316125,3.730865,0.0,2.2875857,3.5448437,2.718779,1.8422426,2.718779,0.0,0.0,0.0,0.0,0.0,2.8292067,0.0,2.718779,2.2875857,0.0,1.0189285,0.0,0.0,0.0,2.2875857,0.0,1.5130261,0.0,0.0,2.718779,0.0,0.0,2.0895033,1.5130261,1.0189285,1.5130261,0.0,0.0,0.0,1.8422426,0.0,0.0,1.8422426,0.0,0.0,1.0189285,1.8422426,0.0,1.0189285,1.0189285,1.0189285,CD8_T
0.0,0.0,3.0746014,2.5941162,0.0,0.0,3.0089037,0.8654536,0.0,0.0,0.8654536,0.0,0.0,1.6347647,2.9385843,0.0,1.3223336,1.6347647,0.0,1.8724688,3.3506644,3.3506644,0.8654536,0.0,2.2253263,1.6347647,0.0,0.0,0.0,2.2253263,0.8654536,1.8724688,1.8724688,2.4856288,2.2253263,1.8724688,0.8654536,2.064381,0.8654536,2.064381,2.6919775,0.0,0.8654536,1.3223336,0.8654536,0.0,0.0,0.0,1.6347647,0.8654536,CD4_T
0.0,0.0,1.4208658,3.0640717,0.0,0.0,0.9440428,1.7424039,0.0,0.0,2.1806161,0.0,0.9440428,0.9440428,1.4208658,0.0,0.9440428,0.0,0.0,0.0,3.9056206,2.6073318,1.7424039,0.0,0.9440428,0.9440428,0.0,0.9440428,0.0,1.7424039,2.1806161,2.3439295,0.0,0.9440428,0.0,0.0,1.9853241,0.9440428,0.0,0.9440428,0.0,0.0,2.1806161,0.9440428,1.4208658,0.0,0.0,1.4208658,1.4208658,0.0,CD4_T
4.054714,3.3072698,2.8443892,0.0,2.4086921,0.0,2.4086921,0.0,2.8443892,3.0558305,2.2077827,0.0,1.6189452,2.9556878,1.6189452,0.0,3.146851,1.1065413,0.0,2.4086921,3.622469,3.0558305,2.4086921,1.1065413,2.5759113,1.1065413,0.0,1.1065413,0.0,1.9560932,1.1065413,1.6189452,1.9560932,1.1065413,1.9560932,1.9560932,0.0,3.146851,2.4086921,1.9560932,1.6189452,1.1065413,1.9560932,1.1065413,0.0,1.6189452,0.0,1.9560932,0.0,0.0,CD8_T
0.0,0.0,2.5595205,1.6999376,0.91276526,0.0,2.1348774,2.6686728,0.0,1.6999376,0.91276526,0.0,0.91276526,1.6999376,1.9408699,0.0,1.3818856,1.9408699,0.91276526,1.3818856,2.2972922,2.4369774,0.0,0.0,2.1348774,0.91276526,0.0,0.0,0.0,0.91276526,0.0,2.6686728,0.91276526,0.91276526,0.0,1.3818856,0.91276526,2.4369774,0.91276526,2.6686728,0.0,0.0,0.91276526,1.6999376,0.0,0.91276526,0.0,0.91276526,1.3818856,1.6999376,CD4_T
3.4504206,4.2794194,3.4504206,0.0,2.0516605,3.395127,2.7885127,0.0,2.4133403,0.0,0.0,0.0,0.0,0.0,2.5546207,2.2487636,2.2487636,2.6783893,0.0,1.8059266,0.9914733,0.0,1.4794215,1.8059266,0.0,1.4794215,1.8059266,0.9914733,3.395127,0.9914733,0.0,2.2487636,1.8059266,0.0,0.9914733,0.9914733,0.9914733,1.4794215,0.9914733,0.9914733,0.0,2.4133403,1.4794215,0.9914733,0.9914733,1.8059266,2.2487636,0.0,2.0516605,1.8059266,CD8_T
3.841619,3.7823346,3.1117015,0.0,2.8387523,2.2024565,2.2024565,0.0,2.2024565,0.0,0.0,0.0,0.0,0.0,2.4621167,0.0,2.6680624,1.850784,0.0,1.3035657,2.2024565,1.850784,2.6680624,1.3035657,0.0,1.850784,1.3035657,0.0,2.2024565,1.850784,0.0,1.850784,1.3035657,2.6680624,1.3035657,1.3035657,0.0,1.3035657,1.850784,1.3035657,1.3035657,0.0,0.0,0.0,0.0,1.850784,1.850784,1.3035657,1.3035657,0.0,CD8_T
0.0,0.0,4.032411,3.1110184,1.0249624,0.0,1.5203841,1.0249624,1.0249624,0.0,0.0,0.0,0.0,0.0,3.821546,0.0,1.5203841,0.0,0.0,1.8501812,1.5203841,0.0,0.0,0.0,0.0,2.2960591,0.0,0.0,0.0,1.5203841,0.0,1.5203841,0.0,0.0,0.0,0.0,0.0,0.0,1.0249624,0.0,0.0,0.0,1.0249624,0.0,0.0,0.0,0.0,0.0,1.0249624,0.0,CD4_T
0.0,0.0,0.0,3.8622763,0.0,0.0,0.97958094,2.5371337,0.0,0.0,0.97958094,0.0,1.4648005,2.0351448,1.4648005,0.0,1.4648005,0.0,1.4648005,0.97958094,3.6701252,3.3183026,0.97958094,0.0,0.97958094,3.1189857,0.0,1.4648005,0.0,2.0351448,0.0,0.0,0.0,0.97958094,0.0,0.97958094,1.7900949,1.4648005,0.97958094,0.0,0.0,0.0,3.0426197,0.97958094,2.0351448,1.7900949,0.0,0.0,0.97958094,0.0,CD4_T
2.5055258,0.8109302,3.2580965,2.1400661,1.7917595,0.0,1.7917595,2.8478122,0.8109302,2.6912432,2.6026897,1.5581446,0.8109302,1.7917595,1.2527629,0.0,0.8109302,1.9810015,1.2527629,1.7917595,3.4735181,3.102342,2.5055258,1.5581446,2.6912432,0.0,0.0,1.2527629,0.0,0.8109302,0.0,1.9810015,0.8109302,3.102342,1.9810015,2.7725887,0.8109302,2.9831536,1.5581446,1.5581446,1.5581446,1.7917595,0.8109302,1.7917595,1.9810015,0.8109302,0.0,2.2772672,2.6026897,1.2527629,CD4_T
0.0,0.0,0.0,2.1136038,0.0,0.0,0.0,2.7444491,0.0,0.0,1.2313954,0.0,1.7667859,0.0,0.0,0.0,0.0,1.2313954,0.0,2.37062,3.2292247,1.2313954,0.0,0.0,2.1136038,3.5543218,0.0,0.0,0.0,0.0,0.0,0.0,0.0,0.0,0.0,1.2313954,0.0,1.2313954,0.0,1.2313954,0.0,0.0,1.7667859,0.0,1.2313954,1.2313954,0.0,0.0,1.7667859,0.0,CD4_T
3.489808,3.4055662,3.0994813,2.0308764,2.191085,0.0,0.8433554,0.0,2.4504204,2.4504204,2.8267117,2.0308764,1.8400114,2.4504204,1.8400114,0.0,1.2942626,1.8400114,2.0308764,2.656162,3.5675015,3.2641895,2.191085,1.8400114,2.558573,1.2942626,2.558573,0.8433554,0.8433554,2.0308764,2.191085,1.6039141,2.4504204,2.8267117,1.8400114,2.4504204,0.8433554,2.558573,2.0308764,0.8433554,1.8400114,0.0,0.0,0.8433554,0.0,2.0308764,0.0,2.3291361,1.2942626,0.0,CD8_T
3.684294,3.7296717,3.684294,0.0,3.478877,2.6346908,0.0,0.0,2.1274834,0.0,2.1274834,0.0,1.0467676,1.0467676,3.060242,0.0,2.6346908,2.7592142,0.0,1.5468937,3.060242,1.8787452,2.1274834,2.4924262,2.4924262,2.4924262,1.8787452,0.0,1.5468937,0.0,2.4924262,1.8787452,2.7592142,2.7592142,1.0467676,1.0467676,1.0467676,1.0467676,2.1274834,1.5468937,2.1274834,3.6367588,0.0,0.0,0.0,0.0,2.4924262,1.5468937,2.1274834,2.1274834,CD8_T
1.9829437,1.9829437,2.6047757,1.2543725,1.7936369,0.81218225,0.81218225,2.7747006,2.1420538,2.985292,1.7936369,0.0,0.0,1.5599233,1.7936369,0.0,1.9829437,1.7936369,1.7936369,0.81218225,3.5503674,2.399943,1.9829437,1.2543725,2.279289,1.7936369,0.0,1.2543725,0.0,0.81218225,0.81218225,2.399943,2.1420538,0.81218225,1.5599233,1.5599233,1.5599233,2.279289,0.81218225,0.81218225,1.2543725,0.0,1.5599233,2.1420538,0.81218225,0.81218225,0.0,0.81218225,0.0,0.0,CD4_T
0.0,0.0,1.3467606,2.516066,0.0,0.0,0.0,0.88478976,0.0,0.0,0.0,0.0,0.88478976,2.0933907,1.6615416,0.0,0.88478976,0.0,1.3467606,2.3940082,3.982138,2.516066,1.900599,1.3467606,2.2549536,2.0933907,0.0,1.900599,0.0,2.3940082,1.3467606,1.3467606,0.88478976,2.8942366,0.88478976,1.900599,1.3467606,3.0404499,0.0,2.2549536,0.0,0.0,0.88478976,1.6615416,0.88478976,0.0,0.0,0.88478976,0.88478976,0.0,CD8_T
4.01084,3.6618998,3.427718,1.8593122,2.4713688,0.0,1.8593122,1.3109403,2.0508041,2.349832,3.2862267,1.8593122,3.0597606,2.4713688,2.349832,2.766516,2.0508041,1.6222534,1.8593122,1.6222534,4.1045012,2.994112,1.3109403,1.3109403,2.349832,2.0508041,1.8593122,2.4713688,0.0,0.85646856,2.0508041,1.8593122,1.6222534,3.2342348,0.0,2.766516,1.6222534,2.994112,1.8593122,2.211454,0.85646856,0.85646856,2.0508041,2.0508041,1.3109403,0.0,0.85646856,1.6222534,1.3109403,0.0,CD8_T
1.4976158,0.0,3.5754356,2.9099066,1.4976158,0.0,1.4976158,0.0,0.0,0.0,0.0,0.0,0.0,2.4347575,3.9715223,0.0,2.7002914,1.0063174,0.0,2.269808,3.0002518,2.5763123,2.269808,0.0,1.0063174,3.2306905,0.0,0.0,0.0,1.4976158,2.4347575,2.269808,2.4347575,2.269808,0.0,2.269808,1.4976158,1.0063174,2.8105812,2.0721693,1.4976158,0.0,1.8256012,1.8256012,1.0063174,0.0,0.0,1.4976158,1.8256012,1.8256012,CD4_T
3.967514,3.2931106,1.3987601,0.0,1.9601442,0.0,0.0,2.9601595,1.3987601,2.8778472,3.4500432,1.3987601,2.1547158,2.4575024,2.3175256,0.0,1.3987601,1.7183394,2.5802698,1.3987601,3.87697,2.9601595,2.1547158,2.4575024,2.3175256,0.92627573,2.4575024,1.7183394,0.92627573,0.92627573,2.7881467,1.7183394,1.7183394,3.0362089,0.0,2.4575024,0.0,3.2348044,1.7183394,0.0,0.92627573,0.0,1.7183394,0.0,0.92627573,2.1547158,0.0,2.5802698,0.0,0.0,CD8_T
0.0,0.0,0.0,2.4680264,0.0,0.0,0.0,0.0,0.0,0.0,1.5259937,0.0,2.7342927,1.029568,2.4680264,0.0,1.5259937,0.0,1.029568,1.029568,4.0072546,2.844834,2.3025131,0.0,1.029568,2.7342927,0.0,2.7342927,0.0,0.0,0.0,1.5259937,1.029568,1.8562305,0.0,1.029568,1.029568,1.029568,1.5259937,2.104064,0.0,0.0,1.8562305,1.8562305,0.0,1.029568,0.0,1.029568,0.0,0.0,CD4_T
0.0,0.0,2.2703416,1.2472546,0.0,0.0,2.4984381,1.7853302,0.0,0.0,1.2472546,2.4984381,1.7853302,1.9743497,0.0,0.0,0.0,1.2472546,0.8066486,1.7853302,2.9104693,1.2472546,0.0,0.0,2.3908794,1.2472546,0.0,1.5520548,0.0,1.2472546,0.8066486,1.2472546,0.0,1.5520548,0.0,0.8066486,2.1332574,1.9743497,0.0,0.0,0.0,0.0,1.2472546,1.2472546,0.8066486,1.2472546,0.0,1.2472546,0.0,0.0,CD4_T
4.175964,3.0560234,0.0,0.0,0.0,1.4756366,0.0,0.0,2.047388,2.6738229,2.4088764,0.0,2.6738229,2.047388,2.047388,0.0,3.4456725,1.4756366,0.0,2.4088764,1.4756366,0.0,2.047388,0.0,1.4756366,2.047388,0.0,0.0,0.0,3.0560234,2.047388,2.047388,1.4756366,2.047388,2.4088764,1.4756366,1.4756366,2.8830726,3.2034264,0.0,2.047388,0.0,0.0,2.047388,0.0,0.0,0.0,0.0,0.0,1.4756366,CD8_T
1.943514,0.0,3.8039286,3.6608374,1.0967491,0.0,0.0,2.3953538,1.6072017,2.3953538,1.0967491,1.0967491,1.0967491,1.0967491,2.830582,0.0,3.4312816,2.5623686,1.6072017,1.0967491,2.830582,2.3953538,1.943514,0.0,2.830582,3.0418596,0.0,0.0,0.0,2.1947396,0.0,0.0,1.0967491,2.1947396,1.0967491,1.0967491,1.0967491,0.0,1.6072017,0.0,1.6072017,1.6072017,0.0,1.0967491,1.0967491,0.0,0.0,0.0,2.3953538,1.0967491,CD4_T
2.4110758,0.0,1.5897019,1.4162971,0.0,0.0,0.0,2.4110758,0.0,0.0,0.0,0.0,2.0824516,1.9801265,1.7374343,0.57687026,1.5897019,0.57687026,1.9801265,1.5897019,4.04643,1.5897019,2.4110758,0.0,1.5897019,2.0824516,0.57687026,1.5897019,0.0,1.4162971,1.2063816,0.94036454,0.0,2.6580036,0.57687026,2.338482,2.2602026,3.162655,0.94036454,1.8661247,1.4162971,0.0,0.94036454,1.8661247,1.4162971,0.94036454,0.0,1.4162971,0.57687026,0.0,CD8_T
4.5969033,2.8543293,3.5182564,0.0,2.8543293,2.8543293,2.9806352,0.0,3.3690355,1.2052343,1.2052343,0.0,1.2052343,1.2052343,0.0,0.0,0.0,2.8543293,1.2052343,1.2052343,3.2851484,1.7360849,1.7360849,0.0,3.5182564,1.7360849,0.0,2.8543293,1.7360849,2.3370023,2.3370023,1.2052343,2.7097318,2.5406334,1.2052343,0.0,0.0,2.5406334,1.2052343,0.0,1.2052343,0.0,2.0810182,2.0810182,1.2052343,1.2052343,2.5406334,0.0,0.0,0.0,CD8_T
1.22051,0.0,0.0,3.0012832,0.0,0.0,1.22051,1.7540283,0.0,0.0,1.22051,0.0,2.3566625,2.1000707,1.22051,0.0,1.7540283,0.0,2.1000707,2.8748298,4.02437,1.22051,1.7540283,0.0,1.22051,1.7540283,0.0,0.0,0.0,0.0,0.0,0.0,0.0,1.7540283,1.22051,0.0,0.0,2.7300396,0.0,0.0,1.22051,0.0,0.0,2.3566625,0.0,0.0,0.0,1.22051,0.0,0.0,CD4_T
0.0,0.0,0.9089442,1.9353986,0.0,0.0,0.0,2.761086,0.0,0.0,3.2070954,0.0,1.6947167,3.3725345,0.0,0.0,0.9089442,0.0,1.6947167,0.9089442,4.21474,1.3771027,0.9089442,0.0,2.291545,3.1452515,0.0,1.3771027,0.0,0.9089442,0.9089442,2.761086,0.0,2.6627257,0.0,3.2653363,1.6947167,3.1452515,0.9089442,2.4311461,0.0,0.9089442,0.0,0.9089442,0.0,1.6947167,0.0,1.3771027,0.0,0.0,CD4_T
2.3682482,0.0,2.1682458,2.8025036,0.0,0.0,0.0,3.6817207,1.0769573,0.0,0.0,1.0769573,0.0,0.0,2.3682482,0.0,1.5833951,1.0769573,1.5833951,2.1682458,2.8025036,1.917981,1.917981,1.5833951,0.0,2.1682458,0.0,0.0,0.0,1.917981,1.0769573,0.0,1.5833951,2.913524,1.0769573,1.917981,1.0769573,3.104276,1.0769573,0.0,1.0769573,0.0,1.0769573,1.5833951,1.0769573,0.0,0.0,1.0769573,0.0,0.0,CD4_T
3.174935,4.368763,3.174935,0.0,2.3194525,3.350266,2.3194525,0.0,2.9621863,0.0,1.720094,0.0,2.0640206,2.0640206,0.0,1.720094,2.6915927,2.3194525,0.0,0.0,3.0742078,2.8360145,2.5227346,2.5227346,0.0,2.6915927,2.6915927,1.1916552,2.5227346,1.1916552,1.1916552,2.3194525,2.6915927,2.0640206,0.0,1.1916552,0.0,0.0,2.0640206,1.1916552,1.720094,2.0640206,2.0640206,0.0,0.0,1.720094,2.6915927,0.0,1.1916552,1.1916552,CD8_T
0.0,0.0,2.8991413,3.17296,1.7184021,0.0,1.4887853,3.1238685,0.762628,2.520839,0.762628,0.0,3.17296,2.960232,3.3876925,0.0,1.905016,2.8340743,0.0,2.3175943,3.3482773,3.072242,0.762628,1.1902205,3.0178044,1.905016,0.0,0.762628,0.0,1.7184021,0.0,0.0,1.4887853,3.072242,1.7184021,2.1980376,1.1902205,3.3072445,1.1902205,1.1902205,0.0,1.7184021,0.762628,0.762628,1.1902205,0.0,0.0,2.520839,2.1980376,1.4887853,CD4_T
1.5330753,3.403169,3.274379,1.953595,2.1120057,0.0,1.2301085,2.1120057,1.5330753,0.0,1.2301085,2.1120057,2.8876572,3.9484246,3.071934,0.0,1.953595,1.7652788,2.2487204,2.4763033,4.4228616,3.4806495,1.953595,1.5330753,2.4763033,1.953595,0.0,2.5732229,0.0,1.953595,0.0,2.1120057,2.2487204,2.8876572,1.953595,0.7933546,0.0,2.742748,1.5330753,1.2301085,0.0,1.5330753,2.2487204,1.7652788,0.7933546,1.2301085,0.0,1.5330753,1.7652788,1.7652788,CD8_T
3.8506231,3.031286,2.2789237,0.0,2.0248034,0.0,1.1605037,0.0,1.1605037,2.6496613,3.3840523,0.0,2.7936642,2.0248034,1.1605037,0.0,2.0248034,1.1605037,2.2789237,2.7936642,3.8961759,3.3068314,2.4813757,2.0248034,2.0248034,2.4813757,0.0,2.4813757,0.0,1.6832609,2.0248034,1.1605037,0.0,2.6496613,0.0,2.7936642,0.0,2.7936642,1.1605037,0.0,0.0,0.0,1.6832609,2.0248034,0.0,2.2789237,0.0,0.0,1.1605037,1.1605037,CD8_T
0.9879682,0.0,0.9879682,2.5494766,0.0,0.0,0.0,2.7832782,0.0,0.0,0.0,0.0,1.4751163,0.0,1.4751163,0.0,0.0,0.0,0.0,0.0,3.0553806,2.5494766,1.4751163,0.0,0.9879682,1.8012668,0.0,0.0,0.0,0.0,0.9879682,0.0,0.9879682,1.8012668,0.0,2.673195,1.4751163,0.9879682,0.0,0.9879682,0.0,0.0,2.0468006,0.9879682,0.9879682,0.0,0.0,0.0,1.4751163,0.0,CD4_T
1.6487393,0.78851193,2.5177884,2.734461,0.0,0.0,0.0,2.9445338,1.3863693,1.8563824,1.9459959,1.3863693,1.6487393,2.6533349,2.5650418,0.0,2.3609447,1.2238461,1.5261346,2.0282352,3.642933,3.194679,1.7579408,0.0,1.8563824,1.7579408,0.0,0.47004116,0.0,0.78851193,2.104222,1.0296837,0.78851193,2.416005,1.8563824,2.416005,2.240799,3.3106394,0.78851193,1.3863693,0.0,0.0,1.2238461,1.5261346,1.6487393,0.0,0.47004116,0.47004116,1.5261346,0.0,CD4_T
3.1686592,3.396154,2.453468,0.92361283,2.6854877,0.0,3.4457707,0.0,2.6854877,0.0,0.0,0.0,1.7147195,2.8736832,1.9563539,0.0,1.9563539,2.313548,0.0,0.92361283,2.313548,0.0,1.3954387,2.5761921,0.0,0.92361283,1.3954387,1.3954387,0.0,0.92361283,1.3954387,0.92361283,1.3954387,1.7147195,1.9563539,0.92361283,0.92361283,0.92361283,2.453468,0.92361283,0.92361283,0.92361283,0.92361283,0.0,0.0,1.7147195,0.0,0.92361283,1.3954387,0.92361283,CD8_T
0.0,0.0,0.0,2.1273205,0.0,0.0,1.5467482,2.4922564,0.0,0.0,2.634519,0.0,2.634519,2.8697598,0.0,0.0,1.5467482,0.0,2.759041,2.3263443,4.2395873,2.634519,2.1273205,0.0,2.4922564,1.0466475,0.0,1.0466475,0.0,1.8785886,0.0,1.5467482,1.8785886,1.0466475,1.0466475,2.1273205,1.0466475,3.4199994,0.0,2.1273205,0.0,0.0,1.5467482,1.5467482,2.1273205,1.0466475,0.0,0.0,0.0,0.0,CD4_T
0.0,0.0,3.6322432,3.4009297,0.0,0.0,1.1725291,3.1485186,0.0,0.0,2.17538,2.6659017,1.6975043,1.4690781,2.17538,0.0,1.8833323,1.4690781,0.0,1.4690781,4.0959935,2.03998,2.294614,0.0,1.8833323,1.1725291,0.0,1.1725291,0.0,1.6975043,0.0,1.4690781,1.6975043,1.4690781,1.1725291,2.585192,0.0,2.585192,0.7490907,1.6975043,1.6975043,0.7490907,1.8833323,0.0,0.7490907,0.7490907,0.0,1.8833323,1.1725291,0.0,CD4_T
0.0,0.0,3.1906404,3.6518345,0.0,0.0,0.83058727,3.2918777,0.0,0.0,1.5859641,1.821102,2.1711082,2.0113406,2.4298632,0.0,0.0,2.0113406,1.277966,0.83058727,3.5456243,3.2918777,0.0,0.0,1.5859641,3.2918777,0.0,0.0,0.0,1.277966,0.83058727,2.8055394,1.277966,2.0113406,2.1711082,1.277966,0.0,2.3088317,0.83058727,2.0113406,0.83058727,0.0,0.83058727,1.5859641,1.277966,1.277966,0.0,0.83058727,2.0113406,0.83058727,CD4_T
3.30688,3.622075,3.229885,1.1062706,2.2074225,2.7187552,2.4083238,2.2074225,1.1062706,0.0,0.0,1.9557457,0.0,1.1062706,3.903053,0.0,2.4083238,2.2074225,0.0,1.9557457,1.1062706,1.1062706,2.5755374,1.6186208,1.1062706,1.1062706,0.0,1.1062706,1.9557457,0.0,0.0,1.6186208,2.2074225,0.0,1.1062706,0.0,0.0,1.9557457,0.0,1.1062706,0.0,0.0,1.9557457,1.6186208,1.6186208,1.6186208,1.1062706,0.0,1.9557457,2.5755374,CD8_T
0.0,0.0,0.9072667,2.8479834,0.0,0.0,0.0,1.9329935,0.0,0.0,0.9072667,0.0,2.2890182,2.4285822,1.3750015,0.0,1.6924223,0.0,0.0,0.9072667,4.4452343,2.2890182,0.9072667,0.0,0.0,1.6924223,0.0,0.9072667,0.0,0.0,2.5510323,0.0,2.2890182,0.9072667,0.9072667,2.4285822,1.6924223,2.1267672,0.0,0.0,1.3750015,0.0,0.0,1.6924223,0.9072667,0.0,0.0,0.0,0.0,0.0,CD4_T
0.0,0.0,1.7495975,2.8000174,0.0,0.0,0.0,2.7250292,0.0,0.0,2.095368,0.0,2.3518107,2.45896,0.7830207,0.0,1.7495975,1.216734,2.45896,2.8697724,3.4622884,2.6439588,0.7830207,0.0,1.7495975,2.5557313,0.0,0.7830207,0.0,1.7495975,0.0,0.7830207,0.7830207,1.7495975,0.7830207,0.0,1.216734,2.9349773,1.216734,0.7830207,1.9373535,0.0,1.9373535,1.5182465,1.5182465,0.7830207,0.0,1.5182465,0.0,0.0,CD4_T
0.0,0.0,2.037752,2.2344856,0.0,0.0,0.0,2.398805,0.0,0.0,2.398805,0.0,1.4671068,2.5398955,2.037752,0.0,2.5398955,0.0,2.2344856,0.98145473,3.2590587,1.4671068,0.0,0.0,2.037752,2.8726234,0.0,1.4671068,0.0,0.0,0.0,1.4671068,0.98145473,2.037752,0.0,0.0,0.0,3.2590587,0.98145473,0.98145473,0.0,0.0,0.0,1.7925934,0.0,0.0,0.0,1.4671068,0.0,0.0,CD4_T
3.777605,1.0497757,2.4966755,3.1477716,0.0,0.0,2.6389909,2.6389909,1.0497757,0.0,2.1315644,0.0,1.8826706,2.7635531,1.8826706,0.0,2.3306916,2.4966755,0.0,2.3306916,4.1895843,3.064657,2.4966755,2.1315644,2.3306916,1.0497757,1.550541,0.0,0.0,1.550541,2.4966755,1.0497757,2.1315644,2.6389909,1.0497757,0.0,0.0,3.1477716,1.8826706,2.3306916,0.0,0.0,0.0,1.8826706,1.0497757,0.0,0.0,1.550541,0.0,0.0,CD8_T
2.1861608,3.982913,2.1861608,0.0,2.445354,2.1861608,0.0,0.0,1.2902399,0.0,0.0,0.0,0.0,2.445354,2.6510065,0.0,2.6510065,1.2902399,1.2902399,0.0,3.0941858,1.2902399,1.2902399,0.0,0.0,2.6510065,0.0,0.0,1.2902399,1.2902399,2.1861608,1.2902399,1.2902399,0.0,1.2902399,0.0,0.0,0.0,1.2902399,0.0,0.0,1.2902399,0.0,1.2902399,1.8353482,2.1861608,0.0,0.0,0.0,1.8353482,CD8_T
0.0,0.0,1.74578,2.488029,0.0,0.0,0.0,2.347629,0.0,0.0,1.9888545,0.0,0.0,0.0,0.0,0.0,1.74578,0.0,0.94654435,0.94654435,3.6180859,1.4239705,1.9888545,0.0,1.4239705,2.488029,0.0,1.4239705,0.0,0.94654435,1.74578,2.6111221,1.9888545,0.94654435,0.0,1.74578,1.9888545,0.94654435,0.94654435,1.74578,0.0,0.0,1.9888545,1.4239705,0.94654435,0.0,0.0,0.0,0.0,0.0,CD4_T
0.0,0.6834405,3.6445582,0.6834405,2.1799026,0.0,3.2770576,1.085649,0.0,0.0,0.0,0.0,0.0,2.1799026,3.1168418,0.0,3.200155,2.2850447,0.6834405,1.7755289,3.446843,2.1799026,0.6834405,0.0,2.2850447,1.085649,0.0,0.0,0.0,1.7755289,0.0,0.6834405,1.085649,2.4670384,1.085649,2.1799026,1.085649,2.2850447,2.9772084,0.0,1.3716987,2.2850447,0.6834405,1.3716987,1.085649,1.085649,0.0,1.085649,2.2850447,1.5938617,CD4_T
0.0,0.0,1.8013021,2.4083009,0.0,0.0,0.81730205,0.81730205,0.0,0.0,0.81730205,0.0,0.0,1.5671872,1.9908714,0.0,1.9908714,0.0,0.0,0.0,2.1501672,1.2609478,1.5671872,0.81730205,0.0,1.8013021,0.0,1.2609478,0.0,0.0,0.0,1.2609478,0.81730205,0.81730205,0.0,1.5671872,1.2609478,2.8585927,1.5671872,0.0,0.81730205,0.0,1.2609478,0.0,1.2609478,0.0,0.0,1.5671872,0.81730205,0.0,CD8_T
0.0,0.0,1.3562034,2.405593,0.0,0.0,2.1045697,3.0525854,0.0,0.0,0.8922909,0.0,1.9114456,1.6718762,2.405593,0.8922909,0.0,0.8922909,0.0,1.9114456,2.405593,2.1045697,0.0,0.0,1.3562034,2.1045697,0.0,0.8922909,0.0,1.6718762,1.3562034,1.3562034,1.9114456,1.6718762,0.0,1.9114456,0.8922909,2.1045697,0.8922909,0.8922909,0.0,0.0,1.6718762,0.0,2.405593,1.3562034,0.0,0.0,0.0,0.0,CD4_T
3.6586053,4.386953,3.0816324,1.0613809,2.655529,2.655529,0.0,0.0,2.780239,0.0,1.5645908,1.0613809,1.0613809,1.0613809,2.780239,4.5189285,0.0,1.5645908,0.0,1.8977814,2.5130208,2.5130208,1.5645908,2.147268,2.147268,2.780239,1.8977814,0.0,3.1648128,1.5645908,2.5130208,2.8911066,1.8977814,2.147268,1.0613809,2.3467739,0.0,1.8977814,1.8977814,0.0,0.0,0.0,0.0,0.0,1.0613809,2.3467739,2.780239,0.0,1.0613809,0.0,CD8_T
3.1750364,4.0506954,3.8840153,1.016559,2.5911927,2.0862525,1.839121,1.016559,2.449453,0.0,1.510134,1.510134,0.0,1.839121,2.5911927,0.0,2.925132,2.0862525,0.0,3.0155523,3.0984704,0.0,2.5911927,1.839121,1.016559,2.2842524,2.7153137,0.0,1.839121,1.016559,0.0,2.5911927,0.0,2.449453,0.0,1.510134,1.510134,2.8257158,1.016559,1.016559,0.0,0.0,2.2842524,2.449453,0.0,1.510134,1.510134,0.0,2.0862525,1.016559,CD8_T
1.113635,1.113635,2.217205,3.3889802,0.0,0.0,0.0,3.1569786,1.113635,1.6274382,2.4183252,1.9651839,1.6274382,0.0,2.4183252,0.0,2.4183252,1.6274382,2.5856903,2.7290192,3.6854424,2.4183252,1.113635,0.0,2.217205,2.5856903,0.0,1.113635,0.0,1.6274382,0.0,2.5856903,1.6274382,3.1569786,0.0,1.113635,0.0,3.5182848,1.6274382,1.6274382,1.6274382,0.0,1.9651839,2.4183252,2.217205,0.0,0.0,0.0,0.0,1.6274382,CD4_T
0.0,0.0,0.0,1.559231,0.0,0.0,0.0,2.3406425,0.0,0.0,0.0,0.0,1.559231,2.1412804,0.0,0.0,1.0569502,0.0,0.0,1.559231,2.3406425,2.3406425,1.8920188,0.0,1.0569502,2.3406425,0.0,0.0,0.0,1.559231,1.0569502,0.0,0.0,1.0569502,0.0,1.8920188,1.8920188,2.3406425,0.0,2.7738788,0.0,0.0,1.8920188,1.0569502,1.559231,0.0,0.0,0.0,0.0,0.0,CD4_T
0.0,0.0,1.2937822,2.8260891,0.0,0.0,2.1904974,2.1904974,0.8429784,0.8429784,0.0,0.0,1.8394547,2.0303016,0.0,0.0,0.0,0.0,0.8429784,1.8394547,3.5668583,2.1904974,1.6033854,0.0,2.328539,0.8429784,0.0,0.8429784,0.0,1.6033854,0.0,0.8429784,0.8429784,3.2116084,0.0,2.0303016,0.0,2.7444491,0.8429784,1.8394547,0.8429784,0.0,0.8429784,1.2937822,1.2937822,0.0,0.0,0.0,0.8429784,0.0,CD4_T
0.0,0.0,2.274177,2.7048361,0.0,0.0,0.0,2.274177,0.0,0.0,1.0094106,0.0,0.0,0.0,0.0,0.0,1.0094106,0.0,1.5013996,0.0,3.301736,2.81516,1.5013996,1.0094106,1.8296893,2.0764287,0.0,0.0,0.0,1.0094106,0.0,0.0,0.0,2.0764287,0.0,0.0,1.5013996,2.439203,0.0,1.0094106,0.0,0.0,1.8296893,0.0,1.8296893,0.0,0.0,1.0094106,0.0,0.0,CD4_T
1.1985635,0.0,3.1844296,3.575998,0.0,0.0,1.1985635,3.4371936,0.0,0.0,0.0,1.1985635,2.3283896,2.53185,2.8453426,0.0,2.53185,2.3283896,0.0,2.8453426,3.697863,0.0,2.7008312,0.0,2.8453426,1.728234,0.0,2.0726752,0.0,1.1985635,1.728234,1.1985635,1.1985635,2.9715834,2.0726752,2.3283896,0.0,3.2759688,1.1985635,1.1985635,1.728234,1.1985635,1.1985635,1.1985635,1.728234,0.0,0.0,1.728234,2.0726752,2.7008312,CD4_T
0.0,0.8381093,3.2553174,3.3517208,2.4419932,0.0,2.893472,3.2553174,0.0,2.6475863,0.8381093,3.4396424,2.4419932,0.0,1.832256,0.0,0.8381093,1.5965502,0.0,2.0228655,2.893472,2.320812,2.320812,0.0,2.0228655,1.2875737,0.0,1.832256,0.0,0.8381093,0.0,1.2875737,0.8381093,1.5965502,0.8381093,2.1828945,0.8381093,2.550064,1.2875737,1.2875737,0.8381093,0.0,0.8381093,1.2875737,0.0,1.2875737,0.0,1.2875737,0.0,0.0,CD4_T
0.0,1.2154813,3.5324254,3.383135,0.0,0.0,0.0,0.0,0.0,0.0,1.2154813,1.2154813,1.2154813,2.994498,2.0938065,0.0,2.0938065,1.2154813,1.7481267,2.5540893,3.2992046,3.8802915,1.2154813,0.0,1.2154813,2.5540893,0.0,1.7481267,0.0,2.5540893,1.2154813,2.0938065,1.7481267,2.3502,0.0,3.1067033,1.7481267,2.7233655,1.2154813,1.2154813,1.2154813,0.0,0.0,1.7481267,0.0,1.2154813,0.0,1.2154813,0.0,0.0,CD4_T
3.5816035,4.2607374,3.189958,1.0786195,0.0,3.2668285,0.0,0.0,2.679947,0.0,1.5853982,2.1704776,2.370532,1.0786195,3.189958,0.0,2.5371594,1.920131,0.0,0.0,3.189958,2.1704776,3.0158374,2.370532,1.920131,2.5371594,0.0,1.0786195,0.0,1.0786195,2.1704776,1.0786195,1.920131,3.1066825,2.679947,2.370532,0.0,2.5371594,1.920131,1.5853982,1.0786195,3.0158374,0.0,1.920131,1.5853982,2.8048706,3.0158374,1.5853982,0.0,0.0,CD8_T
0.0,0.0,3.2888389,2.769059,0.0,0.0,0.8580305,1.3129228,0.0,0.0,1.3129228,2.8508296,1.6244315,2.6800013,1.3129228,0.0,0.8580305,0.8580305,1.6244315,2.769059,3.7948678,2.2138703,2.2138703,0.8580305,2.769059,2.2138703,0.0,0.8580305,0.0,1.8616034,1.6244315,0.8580305,1.3129228,2.473853,1.3129228,2.2138703,0.8580305,2.6800013,0.8580305,2.473853,0.0,0.0,1.3129228,1.6244315,1.6244315,0.8580305,0.0,1.6244315,1.3129228,0.0,CD4_T
3.913305,3.8379407,3.5702825,0.0,1.8643239,2.953446,0.0,0.0,1.8643239,0.0,2.3111436,0.0,2.112485,1.0357401,3.0440032,3.71304,1.0357401,2.4768026,0.0,0.0,3.6676815,2.4768026,2.4768026,1.0357401,2.4768026,1.5335027,2.112485,0.0,2.953446,2.3111436,2.112485,1.8643239,2.4768026,1.0357401,2.112485,2.112485,1.0357401,1.5335027,1.0357401,2.3111436,1.5335027,1.8643239,0.0,2.4768026,0.0,1.5335027,2.3111436,0.0,1.5335027,2.4768026,CD8_T
0.0,0.0,0.0,2.7717187,0.0,0.0,1.1444995,2.7717187,0.0,0.0,2.2579513,0.0,1.6642553,3.8277335,0.0,0.0,2.4599602,0.0,0.0,1.1444995,3.9985993,2.0045304,1.1444995,0.0,2.4599602,3.109449,0.0,3.109449,0.0,1.1444995,1.1444995,0.0,0.0,2.2579513,0.0,0.0,0.0,2.6279397,0.0,2.4599602,0.0,0.0,2.4599602,1.1444995,1.1444995,0.0,0.0,1.6642553,0.0,0.0,CD4_T
0.0,0.0,1.8845625,2.3327057,0.0,0.0,2.1335309,1.5522993,0.0,0.0,1.0512263,0.0,0.0,2.1335309,2.3327057,0.0,1.0512263,0.0,0.0,1.0512263,3.2979164,2.3327057,1.5522993,0.0,2.1335309,2.1335309,0.0,1.0512263,0.0,1.0512263,0.0,1.0512263,0.0,1.8845625,0.0,2.6410627,0.0,2.1335309,1.0512263,1.8845625,0.0,0.0,1.5522993,0.0,1.0512263,0.0,0.0,1.5522993,0.0,0.0,CD4_T
0.0,0.0,0.9557084,3.1530423,0.0,0.0,0.9557084,2.001757,0.0,0.0,2.5017297,0.0,2.197509,2.197509,2.6249654,0.0,2.3611438,0.9557084,1.7581227,0.0,4.3947654,3.2812192,0.9557084,0.0,0.9557084,2.001757,0.0,2.001757,0.0,2.001757,1.4353284,0.0,1.4353284,2.197509,0.0,2.001757,0.0,2.7346668,0.0,1.4353284,0.9557084,0.0,0.0,0.9557084,2.5017297,0.0,0.0,1.4353284,0.9557084,0.0,CD4_T
3.3256292,2.9379795,2.7926188,1.8095838,1.5750387,1.9994347,1.9994347,2.7926188,1.5750387,1.2680603,2.867938,0.0,1.2680603,2.2964494,2.4173243,0.0,3.0034347,2.622475,0.0,3.278635,3.6714606,2.622475,2.2964494,1.5750387,2.2964494,1.8095838,0.0,0.0,0.8228483,1.2680603,1.5750387,1.8095838,2.5251513,1.8095838,2.2964494,0.0,1.9994347,1.5750387,1.2680603,1.2680603,3.0034347,1.2680603,1.9994347,0.8228483,0.0,1.5750387,0.8228483,0.0,1.9994347,1.2680603,CD8_T
4.0227113,4.1300564,3.418902,0.0,3.3473098,2.4465575,2.6143422,0.0,3.1866314,0.0,1.1345277,0.0,0.0,2.995099,2.7579782,3.9842062,1.6523842,2.2448308,1.1345277,1.9918547,2.6143422,2.7579782,1.9918547,1.9918547,1.9918547,2.4465575,2.4465575,0.0,2.995099,2.2448308,0.0,1.1345277,2.4465575,1.6523842,1.9918547,1.1345277,1.1345277,2.7579782,1.1345277,0.0,0.0,1.9918547,0.0,0.0,0.0,1.6523842,3.7156281,0.0,2.7579782,2.8835506,CD8_T
0.0,0.0,2.7428937,2.5994165,0.0,0.0,1.6393776,0.0,0.0,0.0,0.0,0.0,1.6393776,3.0800648,3.2546973,0.0,0.0,0.0,1.1236238,1.1236238,2.9797974,3.5326843,2.230436,0.0,2.5994165,3.1711884,0.0,1.1236238,0.0,1.6393776,1.1236238,1.1236238,0.0,3.0800648,1.1236238,1.6393776,1.6393776,2.8683448,0.0,1.1236238,1.9779544,2.230436,2.230436,2.230436,1.1236238,0.0,0.0,1.6393776,1.6393776,1.1236238,CD4_T
0.8572488,0.0,0.0,2.47261,0.0,0.0,1.3119307,1.8604568,0.0,0.0,0.0,0.0,1.6233416,0.8572488,0.0,0.0,0.0,0.8572488,0.8572488,0.0,4.012171,2.580975,2.2126613,0.0,0.8572488,2.0519855,0.0,2.47261,0.0,1.6233416,0.8572488,0.0,0.0,1.6233416,0.0,0.8572488,1.8604568,2.925132,0.8572488,1.6233416,0.0,0.0,1.3119307,0.0,1.3119307,0.0,0.0,1.3119307,0.0,0.8572488,CD4_T
3.8797848,3.8342478,2.4660518,1.1490432,2.7779622,1.1490432,2.4660518,0.0,1.6696569,0.0,0.0,0.0,0.0,1.6696569,0.0,0.0,2.263916,1.1490432,1.6696569,1.1490432,3.2907152,0.0,3.1158116,0.0,1.1490432,2.7779622,2.0102947,0.0,1.1490432,2.0102947,0.0,2.0102947,1.1490432,3.3678901,2.0102947,1.6696569,0.0,3.5063856,1.1490432,0.0,1.1490432,0.0,0.0,2.4660518,1.1490432,2.263916,0.0,0.0,1.1490432,1.1490432,CD8_T
0.0,0.0,1.6122171,2.7547867,0.0,0.0,1.6122171,2.0399024,0.0,0.0,2.0399024,0.0,0.84928375,1.8487519,2.2003121,0.0,1.8487519,0.0,1.6122171,0.84928375,3.6838965,2.7547867,2.2003121,1.3018098,1.6122171,1.3018098,0.0,1.3018098,0.0,0.84928375,2.0399024,0.0,0.0,2.6658187,0.0,1.8487519,1.8487519,2.836482,1.3018098,2.3385122,0.0,0.0,2.0399024,2.2003121,1.8487519,0.0,0.0,1.6122171,0.84928375,0.0,CD8_T
0.0,0.0,0.0,2.3608541,0.0,0.0,2.1361368,1.1420975,0.0,0.0,3.0571408,0.0,2.3608541,2.6246686,0.0,0.725937,1.4350846,0.725937,1.6613977,1.6613977,4.2682977,2.1361368,0.725937,0.0,1.6613977,0.0,0.0,1.6613977,0.0,1.4350846,1.6613977,2.5442233,2.00148,2.1361368,0.0,1.1420975,2.00148,2.3608541,0.0,2.5442233,0.0,1.1420975,1.8458267,1.6613977,1.6613977,0.725937,0.0,1.4350846,0.0,0.0,CD4_T
2.9806986,3.8376899,2.9806986,1.3006421,2.1988854,1.3006421,1.3006421,0.0,1.3006421,0.0,2.834972,1.8474003,1.3006421,3.107865,2.664326,0.0,1.8474003,1.8474003,0.0,2.458444,3.3220294,2.458444,2.1988854,0.0,1.8474003,1.3006421,1.8474003,0.0,0.0,0.0,2.1988854,1.3006421,2.1988854,2.458444,1.3006421,1.3006421,1.8474003,2.458444,0.0,0.0,1.3006421,0.0,0.0,1.3006421,1.3006421,1.3006421,1.3006421,0.0,1.8474003,1.3006421,CD8_T
3.3659933,2.9164946,0.0,0.0,2.4411154,2.0782611,0.0,0.0,0.0,0.0,2.0782611,0.0,2.7067912,2.7067912,0.0,0.0,3.4799325,1.5030283,1.5030283,4.041726,3.910701,2.7067912,1.5030283,0.0,0.0,1.5030283,0.0,0.0,0.0,2.4411154,1.5030283,2.7067912,1.5030283,1.5030283,0.0,2.7067912,2.4411154,2.4411154,2.0782611,0.0,2.0782611,0.0,0.0,1.5030283,1.5030283,0.0,1.5030283,2.0782611,0.0,0.0,CD8_T
3.3457365,2.982378,2.735101,0.892461,2.1048229,2.982378,2.906549,1.3564174,1.3564174,0.0,1.6721102,0.0,2.6369243,2.8244948,2.266624,0.0,2.266624,1.9116913,1.9116913,2.982378,2.982378,3.5306451,1.3564174,0.892461,1.3564174,1.3564174,0.0,0.0,1.3564174,0.892461,1.3564174,1.9116913,1.6721102,2.266624,2.735101,0.892461,2.266624,2.266624,0.892461,1.9116913,1.3564174,0.0,0.892461,1.3564174,1.3564174,0.892461,0.0,1.3564174,1.3564174,0.892461,CD8_T
3.4620812,3.691845,3.8785558,0.0,2.4243088,3.691845,1.6327184,0.0,1.6327184,0.0,1.1180502,3.0721765,1.1180502,2.4243088,3.163267,0.0,1.970833,2.7351587,0.0,1.970833,3.163267,2.5917637,1.1180502,2.4243088,2.4243088,2.9719496,0.0,0.0,1.970833,0.0,1.970833,1.1180502,1.6327184,1.970833,1.1180502,2.5917637,0.0,2.2230587,1.1180502,0.0,0.0,0.0,1.970833,1.6327184,0.0,1.970833,2.4243088,1.6327184,2.4243088,1.6327184,CD8_T
1.0217651,0.0,0.0,2.9328425,0.0,0.0,1.8459765,1.5164863,0.0,0.0,1.0217651,0.0,0.0,0.0,1.8459765,0.0,1.5164863,0.0,0.0,2.2915716,3.1062503,1.0217651,0.0,1.5164863,2.0933907,1.0217651,0.0,1.0217651,0.0,1.0217651,0.0,0.0,0.0,2.0933907,0.0,1.5164863,1.8459765,2.9328425,1.0217651,2.0933907,0.0,0.0,1.8459765,1.8459765,2.5987306,1.0217651,0.0,0.0,0.0,0.0,CD4_T
2.8959851,2.2566106,0.0,2.4585907,0.0,0.0,0.0,0.0,2.0032349,2.4585907,1.6630415,0.0,3.1080184,3.2828639,2.2566106,1.1434791,3.007611,1.1434791,0.0,2.6265504,2.8959851,3.1992576,0.0,0.0,1.1434791,2.4585907,0.0,0.0,0.0,1.6630415,0.0,1.1434791,1.1434791,2.0032349,1.6630415,2.2566106,2.2566106,1.6630415,0.0,2.0032349,2.0032349,0.0,0.0,1.1434791,1.1434791,1.1434791,0.0,0.0,0.0,0.0,CD8_T
4.0648355,4.207695,3.5552151,0.0,2.4626076,2.6045103,0.0,0.0,2.6045103,0.0,0.0,0.0,1.8512362,1.0257652,2.7287564,2.297185,1.0257652,2.4626076,0.0,2.7287564,2.7287564,1.0257652,1.8512362,1.8512362,1.0257652,2.4626076,2.098866,0.0,2.297185,0.0,1.0257652,2.098866,2.098866,1.8512362,1.0257652,1.0257652,1.0257652,1.0257652,1.8512362,0.0,0.0,3.0292404,0.0,0.0,1.0257652,0.0,3.0292404,1.5213622,0.0,1.0257652,CD8_T
0.0,0.73109496,2.1449342,2.9034889,0.0,0.0,0.0,1.6694818,0.0,0.0,1.8542287,0.0,1.4426894,2.263723,2.263723,0.73109496,2.010108,0.0,0.0,1.1488959,3.5987546,1.8542287,1.1488959,0.73109496,2.4658546,2.5534134,0.0,1.6694818,0.0,1.1488959,1.6694818,0.0,0.73109496,1.4426894,1.1488959,0.0,2.010108,2.9034889,0.73109496,1.6694818,0.73109496,0.0,0.73109496,0.0,1.6694818,1.4426894,0.0,0.0,0.0,0.0,CD8_T
0.0,0.0,0.93936664,3.127508,0.0,0.0,1.7360849,0.0,0.0,0.0,1.7360849,0.0,1.4150571,1.7360849,1.4150571,0.0,1.7360849,0.0,1.4150571,2.6002338,3.929225,2.3370023,2.4772544,0.0,2.3370023,1.4150571,0.0,0.93936664,0.0,0.93936664,1.7360849,0.93936664,0.0,3.127508,0.0,0.93936664,0.0,2.8084147,1.7360849,0.93936664,1.4150571,0.0,1.7360849,2.3370023,0.0,1.7360849,0.0,0.0,1.4150571,0.0,CD8_T
2.9440222,0.0,2.733956,3.7882948,0.0,0.0,2.467697,3.4335616,0.0,0.0,0.7882174,1.525712,2.1037478,1.525712,2.1037478,0.7882174,1.9455332,2.652833,0.0,1.525712,3.9622846,1.525712,0.0,0.0,1.9455332,1.525712,0.0,0.0,0.0,0.0,0.7882174,1.525712,1.223465,1.7574939,1.525712,3.1175294,0.0,1.9455332,1.223465,1.223465,0.0,0.7882174,1.223465,1.525712,0.7882174,0.0,0.0,1.7574939,1.7574939,1.7574939,CD4_T
1.8376391,1.8376391,3.0967877,2.824058,2.0847094,0.0,1.5087613,2.5895627,1.5087613,2.5895627,2.713668,1.0154347,1.8376391,2.824058,2.5895627,0.0,1.8376391,1.0154347,0.0,1.0154347,3.173348,3.0138764,1.0154347,0.0,2.4478433,0.0,0.0,0.0,0.0,1.8376391,0.0,2.0847094,1.5087613,1.8376391,1.5087613,2.2826698,0.0,2.713668,1.5087613,1.0154347,1.5087613,0.0,1.0154347,1.5087613,0.0,0.0,0.0,1.0154347,1.5087613,1.0154347,CD4_T
4.159653,2.6654274,2.3564029,0.0,3.091789,0.0,0.0,0.0,1.9068357,2.7902246,3.5109465,1.5730164,3.5109465,3.4521868,2.1566732,0.0,3.3897579,1.0683539,1.5730164,2.6654274,4.5294557,3.6689749,2.522805,1.5730164,0.0,1.0683539,2.522805,2.522805,0.0,1.5730164,1.0683539,2.6654274,1.9068357,1.0683539,1.5730164,2.7902246,1.0683539,3.3231704,2.1566732,1.5730164,3.619023,0.0,2.522805,1.0683539,1.0683539,1.5730164,0.0,2.3564029,0.0,1.5730164,CD8_T
3.2510622,3.7939386,3.1891024,0.0,1.974697,2.1696873,2.3327897,1.974697,1.974697,0.0,0.9365282,2.1696873,1.4115279,0.9365282,2.9762082,0.0,2.5959165,2.1696873,0.9365282,1.4115279,3.3645322,3.0523214,2.8040323,1.7322443,2.1696873,1.4115279,1.4115279,0.0,2.5959165,1.4115279,1.4115279,0.0,2.3327897,2.472983,0.0,1.974697,0.0,1.7322443,0.9365282,2.1696873,1.974697,0.9365282,1.974697,0.9365282,0.9365282,2.1696873,1.7322443,0.0,1.7322443,0.0,CD8_T
2.6479826,0.0,2.8568661,2.6479826,0.0,0.0,0.0,2.0232358,0.0,0.0,0.9710399,0.0,0.0,1.7786856,2.524514,0.9710399,0.9710399,0.9710399,0.0,2.0232358,1.7786856,1.7786856,1.7786856,1.7786856,2.0232358,1.454275,0.0,0.0,0.0,1.454275,1.454275,0.0,1.454275,2.8568661,1.454275,0.9710399,0.9710399,2.219578,0.9710399,0.9710399,0.0,0.0,0.0,1.7786856,0.0,0.0,0.0,0.0,1.454275,2.0232358,CD8_T
0.0,0.0,1.6717592,1.1508127,0.0,0.0,3.4420402,1.1508127,0.0,0.0,0.0,0.0,0.0,0.0,1.1508127,0.0,2.4684217,0.0,0.0,2.4684217,3.5715635,1.1508127,0.0,0.0,0.0,1.1508127,0.0,2.2662368,0.0,1.1508127,0.0,1.6717592,0.0,1.6717592,0.0,1.1508127,0.0,3.1182864,1.1508127,0.0,0.0,0.0,2.0125377,2.0125377,1.1508127,0.0,0.0,1.6717592,0.0,0.0,CD4_T
0.0,0.0,2.646544,3.1286013,0.0,0.0,2.646544,2.478302,0.0,0.54700345,1.1582013,1.9205244,2.593547,2.415283,1.3641173,0.0,2.646544,0.89858854,0.89858854,1.8077097,4.0182734,2.478302,1.1582013,0.0,1.5347866,0.89858854,0.54700345,1.1582013,0.0,1.8077097,1.1582013,2.1981947,0.54700345,2.1139238,2.275913,1.6805303,1.5347866,2.348024,1.5347866,1.5347866,1.1582013,0.0,1.3641173,2.348024,1.3641173,0.0,0.0,0.89858854,0.0,1.8077097,CD4_T
0.0,0.0,0.0,1.9360327,0.0,0.0,3.2078066,0.0,0.0,0.0,0.0,0.0,0.0,0.0,0.0,0.0,1.9360327,0.0,0.0,3.599698,2.933516,1.9360327,0.0,0.0,2.554308,0.0,0.0,0.0,0.0,3.7499366,0.0,2.933516,0.0,2.933516,2.933516,0.0,0.0,3.2078066,0.0,2.933516,0.0,0.0,0.0,3.2078066,0.0,0.0,0.0,1.9360327,0.0,0.0,CD4_T
0.0,0.0,0.0,2.5446985,0.0,0.0,0.0,2.5446985,0.0,0.0,0.0,0.0,1.591911,0.0,2.177731,0.0,1.0840279,0.0,0.0,1.0840279,2.5446985,1.0840279,1.9271194,1.0840279,0.0,2.5446985,0.0,1.591911,0.0,0.0,0.0,0.0,0.0,1.0840279,0.0,1.591911,0.0,2.3779542,0.0,0.0,0.0,0.0,0.0,0.0,0.0,0.0,0.0,1.9271194,0.0,0.0,CD8_T
2.8263795,1.5106838,3.3132293,0.0,2.4500978,0.0,1.0170094,2.5918455,1.5106838,0.0,3.0991442,1.8397144,2.0868707,3.0162232,3.0162232,1.0170094,1.8397144,2.4500978,2.4500978,0.0,4.5490274,3.3754902,0.0,1.0170094,2.4500978,2.2848861,0.0,2.0868707,0.0,2.2848861,2.2848861,1.5106838,2.0868707,1.8397144,2.0868707,2.7159727,1.5106838,3.2468328,1.8397144,3.0162232,0.0,1.5106838,0.0,1.8397144,1.5106838,0.0,0.0,1.0170094,2.0868707,1.5106838,CD8_T
0.0,0.0,1.9500358,1.613289,0.0,0.0,2.7125416,0.0,0.0,0.0,1.613289,0.0,0.0,2.948998,1.613289,0.0,1.1018226,0.0,1.9500358,3.2234955,3.1400971,2.4022703,0.0,0.0,2.4022703,1.1018226,0.0,0.0,0.0,0.0,0.0,1.1018226,0.0,3.438644,0.0,1.613289,1.1018226,1.9500358,0.0,0.0,1.1018226,0.0,2.5693917,2.4022703,0.0,1.1018226,0.0,1.1018226,1.1018226,0.0,CD4_T
2.9312217,0.0,2.204798,2.742333,0.0,0.0,0.9607608,3.2891085,0.0,0.0,0.9607608,3.090037,1.4415796,3.455054,3.2270527,0.0,1.7649109,2.3685699,0.9607608,1.4415796,3.2891085,3.1608896,0.0,0.9607608,2.742333,2.204798,0.0,1.4415796,0.0,0.0,0.9607608,0.9607608,0.9607608,0.9607608,1.4415796,2.63257,0.0,2.63257,0.0,0.0,0.9607608,1.4415796,0.0,1.7649109,1.4415796,0.9607608,0.0,0.9607608,2.0088496,0.0,CD4_T
0.0,0.0,1.8578267,2.6758354,0.0,0.0,1.3096551,2.9924405,0.0,0.0,0.0,0.0,0.0,1.3096551,1.3096551,0.0,1.8578267,0.0,0.0,0.0,0.0,0.0,0.0,1.8578267,0.0,1.8578267,0.0,1.3096551,0.0,1.3096551,0.0,1.3096551,1.3096551,0.0,1.8578267,0.0,1.3096551,0.0,0.0,0.0,0.0,0.0,0.0,0.0,0.0,1.3096551,0.0,2.209887,0.0,0.0,CD8_T
3.6192513,3.6192513,3.3692744,2.0283785,2.22486,2.22486,2.6534884,2.5299647,1.7836117,0.0,0.0,0.0,0.97472465,2.0283785,3.3107984,4.74389,2.6534884,1.7836117,0.0,0.97472465,2.7634177,0.0,1.4588184,2.3890035,2.3890035,0.97472465,1.7836117,0.0,0.0,0.97472465,0.97472465,0.0,0.97472465,1.4588184,1.4588184,0.0,0.0,3.3692744,1.7836117,1.7836117,2.0283785,0.0,0.0,1.4588184,0.0,2.22486,0.97472465,2.0283785,0.0,0.97472465,CD8_T
3.1709893,3.3577127,2.9412065,0.9672839,2.64236,0.9672839,1.4496397,2.3781319,2.214185,2.3781319,2.5189476,0.0,1.4496397,2.214185,2.7522013,0.0,1.7736579,0.9672839,0.0,0.9672839,1.7736579,1.4496397,0.9672839,1.4496397,2.0179858,1.4496397,1.4496397,0.9672839,0.0,0.0,0.9672839,0.0,2.3781319,2.3781319,2.0179858,0.0,0.0,0.0,1.4496397,0.0,1.7736579,1.4496397,0.9672839,1.4496397,0.0,0.9672839,0.0,0.0,0.9672839,0.0,CD8_T
0.0,0.0,1.9533613,1.3928171,0.0,0.0,1.3928171,2.7807355,0.0,0.0,1.3928171,0.0,1.3928171,2.6822395,1.3928171,0.0,0.92151237,0.0,1.9533613,1.3928171,3.4896615,2.9526713,0.0,1.3928171,1.3928171,2.1477356,0.0,2.3104074,0.0,1.9533613,1.7118617,0.0,0.92151237,1.7118617,1.3928171,1.7118617,2.1477356,2.6822395,0.0,2.1477356,0.0,0.0,1.3928171,0.92151237,2.1477356,1.9533613,0.0,0.0,0.0,0.92151237,CD8_T
0.0,0.9157211,0.0,2.3017306,0.0,0.0,2.9435394,1.3855823,0.0,0.0,2.1392283,0.0,1.3855823,2.3017306,1.7039713,0.0,1.3855823,0.0,0.9157211,0.0,3.9210427,1.3855823,1.3855823,1.9450964,2.1392283,2.1392283,0.0,1.7039713,0.0,1.3855823,0.0,0.9157211,0.0,3.0195217,0.0,1.7039713,0.0,2.9435394,0.9157211,2.1392283,0.9157211,0.0,0.0,0.0,0.0,1.9450964,0.0,0.9157211,0.0,0.0,CD8_T
3.6503174,2.3022702,1.9456103,0.0,1.9456103,0.0,1.386032,3.276808,1.7044618,2.4420276,2.5646265,0.0,0.91608083,1.9456103,1.7044618,0.0,1.386032,0.0,1.7044618,0.91608083,3.9509006,2.3022702,2.5646265,1.386032,1.7044618,2.4420276,1.7044618,1.386032,0.0,0.0,0.0,2.1397574,1.386032,0.91608083,0.91608083,0.91608083,0.0,2.4420276,1.7044618,0.0,0.91608083,0.0,1.7044618,0.0,1.386032,2.3022702,0.0,1.9456103,0.0,0.0,CD8_T
1.7528441,0.0,3.1469343,2.1918383,0.9517856,0.0,1.7528441,3.1469343,0.0,0.0,0.0,0.0,0.0,2.355366,2.8275094,2.1918383,2.4958725,2.355366,2.1918383,1.7528441,3.4906301,1.7528441,0.9517856,0.9517856,2.355366,0.0,0.0,1.7528441,0.0,2.7287006,0.0,1.7528441,1.4304695,3.2130575,2.1918383,1.4304695,0.0,2.4958725,0.0,0.0,1.4304695,2.4958725,0.9517856,0.9517856,1.9962397,0.0,0.0,0.0,1.4304695,2.1918383,CD4_T
3.993046,4.1445584,3.6442444,0.0,2.5965936,3.0211039,3.1806302,0.0,2.8312078,0.0,1.0202879,0.0,1.5146846,1.5146846,2.2894964,0.0,1.5146846,1.0202879,0.0,1.8440324,3.2517653,2.5965936,3.1040447,1.8440324,2.7207654,1.5146846,2.4547875,0.0,2.7207654,2.0913668,1.0202879,1.8440324,2.2894964,3.1040447,1.8440324,1.0202879,0.0,2.7207654,0.0,2.0913668,0.0,1.5146846,0.0,1.0202879,0.0,2.0913668,2.7207654,1.5146846,1.0202879,1.8440324,CD8_T
0.0,0.0,3.5682094,3.2898855,2.2631438,0.0,0.0,2.6333191,0.89017016,0.89017016,0.0,2.820842,2.1014135,2.820842,2.902878,0.0,2.524476,1.6689574,0.0,0.89017016,3.6828535,3.34199,1.6689574,0.89017016,2.524476,1.6689574,0.0,1.6689574,0.0,2.4023225,0.0,1.6689574,0.89017016,2.7314699,0.0,1.9083828,0.89017016,2.524476,0.0,0.0,0.0,0.0,1.6689574,1.6689574,1.6689574,1.3535357,0.0,2.4023225,1.3535357,0.0,CD4_T
0.0,0.0,0.0,3.1682594,0.0,0.0,0.0,2.8945055,0.0,0.0,1.900841,0.0,1.900841,0.0,0.0,0.0,2.5163279,0.0,1.900841,1.900841,0.0,1.900841,1.900841,0.0,0.0,0.0,0.0,0.0,0.0,1.900841,0.0,0.0,0.0,0.0,0.0,0.0,0.0,1.900841,0.0,0.0,0.0,0.0,1.900841,0.0,3.1682594,0.0,0.0,2.8945055,1.900841,0.0,CD4_T
3.8730018,4.943766,3.694831,1.0858439,2.380443,3.477881,1.0858439,0.0,2.9262452,0.0,0.0,1.5940962,0.0,1.5940962,2.380443,3.694831,1.9294635,2.1801636,1.0858439,2.380443,3.0262315,1.9294635,1.9294635,2.6901286,1.0858439,3.694831,2.1801636,0.0,3.8730018,1.0858439,1.0858439,1.0858439,1.0858439,1.9294635,1.5940962,1.5940962,1.0858439,2.5472264,1.0858439,0.0,0.0,1.9294635,1.5940962,1.0858439,1.0858439,1.0858439,4.1242285,0.0,2.380443,2.380443,CD8_T
3.5001996,1.1011521,3.139136,2.5684643,0.0,0.0,2.2006094,2.9480462,0.0,0.0,0.0,1.6124848,1.1011521,1.1011521,3.0481486,0.0,2.5684643,1.1011521,0.0,0.0,2.2006094,1.9491744,0.0,1.1011521,1.1011521,2.2006094,1.1011521,0.0,0.0,1.1011521,0.0,2.5684643,0.0,1.1011521,1.6124848,0.0,0.0,2.711604,0.0,0.0,0.0,0.0,0.0,0.0,1.9491744,1.1011521,0.0,1.1011521,1.1011521,1.6124848,CD8_T
3.4616404,2.515506,1.4467757,0.0,2.3747358,0.0,3.5113635,2.3747358,0.96496487,2.7486968,2.3747358,0.0,1.7705505,2.7486968,2.6388834,0.0,1.4467757,0.96496487,0.0,3.603956,3.0965292,2.6388834,1.4467757,1.7705505,2.3747358,0.96496487,1.4467757,1.4467757,0.96496487,0.96496487,2.210851,3.0202465,2.210851,2.210851,0.96496487,2.210851,0.96496487,2.6388834,2.3747358,0.0,1.4467757,0.0,0.96496487,1.4467757,0.96496487,1.7705505,0.0,0.96496487,0.96496487,0.96496487,CD8_T
0.0,0.0,0.0,2.3747652,0.0,0.0,0.0,3.5306122,0.0,0.0,0.0,0.0,0.0,0.0,1.0817027,0.0,1.9241163,0.0,0.0,0.0,1.0817027,0.0,0.0,0.0,0.0,1.0817027,0.0,1.0817027,0.0,0.0,0.0,1.0817027,0.0,0.0,0.0,1.5891119,0.0,0.0,1.0817027,1.5891119,0.0,0.0,1.0817027,1.5891119,2.3747652,1.9241163,0.0,1.0817027,1.0817027,0.0,CD4_T
2.4388845,0.0,3.1882105,3.642626,0.0,0.0,0.0,3.9313698,0.0,0.0,1.2013193,2.535481,1.2013193,2.0761237,3.1390858,0.0,1.5011287,1.5011287,0.0,0.0,3.8605192,3.322578,2.0761237,0.77114934,2.9141834,2.535481,0.0,1.7314786,0.0,2.4388845,0.0,2.2121954,1.2013193,2.623563,3.642626,1.7314786,0.77114934,2.2121954,0.0,0.77114934,1.5011287,0.0,0.77114934,0.77114934,1.9185756,0.0,0.0,2.4388845,1.5011287,1.7314786,CD4_T
0.0,0.0,0.0,3.4822645,1.0888419,0.0,2.6943448,1.597702,0.0,0.0,1.0888419,1.0888419,3.121446,3.9174242,0.0,0.0,0.0,0.0,3.121446,0.0,4.3799405,2.1841762,1.9333307,0.0,2.5513957,1.0888419,0.0,0.0,0.0,1.0888419,0.0,0.0,1.0888419,2.819392,0.0,1.0888419,1.597702,2.6943448,1.597702,2.5513957,0.0,1.0888419,0.0,2.5513957,0.0,1.0888419,0.0,1.0888419,0.0,0.0,CD4_T
4.173163,2.866305,2.348485,0.0,1.2141482,0.0,0.0,2.7215946,1.2141482,2.866305,0.0,0.0,0.0,1.2141482,2.7215946,0.0,2.0921447,0.0,2.0921447,1.2141482,3.2057598,1.2141482,0.0,0.0,1.2141482,2.348485,0.0,1.2141482,1.2141482,1.2141482,1.2141482,2.0921447,0.0,2.552341,2.552341,0.0,0.0,1.7465613,1.7465613,2.0921447,0.0,0.0,0.0,1.2141482,0.0,1.7465613,0.0,1.2141482,0.0,0.0,CD8_T
4.1719146,4.272204,2.8308501,0.0,2.3145065,3.344972,1.1878378,0.0,2.0592318,0.0,1.7155915,0.0,1.1878378,1.7155915,2.0592318,0.0,2.5176892,0.0,0.0,1.7155915,2.3145065,2.3145065,1.7155915,1.7155915,0.0,2.5176892,2.3145065,1.1878378,1.1878378,1.1878378,2.0592318,2.0592318,2.3145065,1.7155915,1.1878378,1.7155915,2.3145065,1.1878378,1.1878378,1.1878378,1.1878378,0.0,2.0592318,2.8308501,1.1878378,2.0592318,2.3145065,0.0,0.0,0.0,CD8_T
0.0,0.0,1.2145644,3.206328,0.0,0.0,2.6410942,2.797121,0.0,0.0,1.9347142,0.0,2.6410942,1.9347142,2.0926635,0.0,0.0,0.0,0.7813472,1.2145644,3.748432,2.2290347,1.515839,0.0,1.7470502,2.0926635,0.0,1.7470502,0.0,1.515839,0.7813472,0.0,0.0,2.0926635,0.0,3.1571643,0.7813472,3.0509315,0.7813472,1.9347142,1.2145644,0.0,1.2145644,1.9347142,1.7470502,1.2145644,0.0,0.0,0.0,0.0,CD4_T
3.928498,4.0397167,3.2925684,0.0,2.3948102,2.7048826,0.0,1.0963508,2.7048826,0.0,1.0963508,0.0,2.830019,2.5618167,3.132248,0.0,2.1942081,1.6067234,1.0963508,2.1942081,4.5075026,2.5618167,1.6067234,1.6067234,3.364019,2.9412239,2.1942081,1.0963508,2.1942081,2.3948102,0.0,1.9430015,1.9430015,2.5618167,0.0,1.9430015,1.0963508,1.9430015,0.0,0.0,1.0963508,3.0412903,1.9430015,1.0963508,1.0963508,0.0,2.1942081,0.0,1.6067234,1.6067234,CD8_T
0.0,0.0,0.0,2.800464,0.0,0.0,2.2322116,2.3522408,0.0,0.0,1.7499902,0.0,0.0,1.9377604,0.7832788,0.0,0.7832788,0.0,1.7499902,1.2170687,3.2566097,2.0957847,0.7832788,1.2170687,1.2170687,1.2170687,0.0,1.9377604,0.0,1.7499902,0.0,0.7832788,0.0,1.7499902,0.7832788,1.9377604,1.2170687,1.5186177,0.0,1.9377604,1.5186177,0.0,1.5186177,0.0,0.7832788,1.2170687,0.0,0.0,0.0,0.0,CD8_T
0.8111386,0.0,1.2530309,2.140397,0.0,0.0,0.0,1.9813248,0.0,0.0,2.5058703,0.0,0.8111386,2.7729404,1.7920719,0.0,0.8111386,1.5584407,2.3982363,1.9813248,4.0031457,1.9813248,1.7920719,0.0,2.3982363,1.7920719,0.0,1.5584407,0.0,1.5584407,0.0,0.0,0.0,1.5584407,0.0,2.140397,1.9813248,2.6915927,0.8111386,2.140397,0.0,0.0,0.0,1.5584407,2.2776039,0.0,0.0,1.2530309,0.0,0.8111386,CD4_T
0.0,0.0,0.0,2.8481457,0.0,0.0,2.3497095,2.4712448,0.0,0.0,0.0,0.0,1.3108413,1.3108413,1.3108413,0.0,0.8563906,0.0,0.0,1.8591979,4.0349574,1.8591979,1.6221447,0.0,2.4712448,1.3108413,0.0,1.3108413,0.0,2.2113333,2.766389,0.8563906,0.8563906,2.0506861,0.0,2.0506861,2.4712448,3.0596313,0.8563906,1.3108413,1.3108413,0.0,0.0,1.3108413,1.3108413,0.0,0.0,0.8563906,0.0,0.0,CD4_T
0.0,0.0,3.4914014,4.2852654,0.0,0.0,0.0,2.3560858,1.4310747,0.0,0.952274,1.4310747,1.4310747,0.952274,2.7294443,0.0,1.7535017,1.9969271,1.4310747,1.9969271,2.4966025,2.7294443,2.4966025,0.952274,2.192545,1.9969271,0.0,1.7535017,0.0,2.4966025,0.0,1.4310747,0.0,2.7294443,1.9969271,0.952274,2.192545,1.7535017,0.0,1.4310747,0.0,2.192545,0.0,0.952274,1.7535017,0.0,0.0,2.192545,1.4310747,1.4310747,CD4_T
2.3943572,1.096019,2.8295503,2.2990825,0.0,0.0,2.0760365,3.0408156,0.6912028,0.0,2.8295503,2.8295503,1.6063251,2.8295503,2.992035,0.0,2.7044177,1.6063251,1.096019,1.6063251,4.139304,1.3833765,2.2990825,0.0,2.0760365,1.3833765,0.0,0.0,0.0,2.0760365,0.0,1.9425747,0.6912028,1.6063251,2.0760365,2.3943572,0.6912028,2.2990825,0.6912028,0.6912028,1.6063251,1.096019,0.6912028,2.1937654,1.6063251,0.6912028,0.0,1.7885168,1.3833765,0.0,CD4_T
3.4561832,3.2801518,2.9835851,3.2138426,1.4840201,0.0,0.9952205,2.2540882,2.41876,2.41876,0.9952205,0.9952205,1.4840201,0.9952205,2.7940986,3.4561832,0.9952205,1.4840201,0.0,0.9952205,2.0568485,0.0,2.41876,1.4840201,1.4840201,0.0,1.8109021,1.4840201,0.0,0.9952205,0.0,0.9952205,1.4840201,0.9952205,2.2540882,1.8109021,0.0,1.8109021,2.0568485,0.0,0.9952205,0.0,0.0,1.8109021,2.41876,1.4840201,1.4840201,1.4840201,2.6839328,0.0,CD8_T
2.5710015,2.6686866,3.461613,2.5710015,2.4627304,0.8510487,2.8393838,1.3040544,1.8513494,2.0425842,0.0,0.0,2.4627304,3.050766,3.5424812,0.0,2.3412971,1.3040544,0.0,0.0,2.9149191,2.4627304,2.0425842,0.0,1.6146852,1.6146852,0.0,0.0,0.0,2.3412971,0.0,2.2030532,0.8510487,2.6686866,1.8513494,1.3040544,2.0425842,1.3040544,1.8513494,0.0,3.1123426,1.3040544,0.8510487,0.0,0.0,1.3040544,0.0,1.3040544,2.0425842,1.3040544,CD4_T
0.0,0.0,0.975136,2.3896034,0.0,0.0,1.4593253,2.6541023,0.0,0.0,2.225449,0.0,0.0,2.225449,1.4593253,0.0,0.0,2.0289521,2.225449,0.975136,3.425158,3.1830988,0.0,0.0,0.975136,1.7841612,0.0,2.0289521,0.0,1.7841612,0.975136,1.4593253,0.0,1.7841612,1.4593253,0.975136,2.0289521,2.9531798,0.0,2.225449,0.975136,0.0,1.4593253,1.4593253,1.7841612,0.0,0.0,2.0289521,0.975136,0.0,CD4_T
0.0,0.0,1.5586382,1.0564605,0.0,0.0,0.0,3.3056557,0.0,0.0,2.6485271,0.0,2.5061002,2.3399642,1.0564605,0.0,1.0564605,0.0,2.6485271,1.5586382,3.7876375,2.7731748,2.6485271,1.5586382,2.983747,2.8839934,0.0,0.0,0.0,1.5586382,1.0564605,1.8913813,0.0,2.3399642,0.0,1.0564605,1.0564605,2.983747,0.0,2.5061002,0.0,0.0,0.0,1.8913813,2.6485271,0.0,0.0,2.1406178,1.0564605,0.0,CD8_T
0.0,0.0,2.1682458,2.913524,0.0,0.0,0.0,2.3682482,1.0769573,0.0,0.0,1.0769573,1.5833951,1.917981,2.3682482,0.0,3.818193,1.917981,0.0,0.0,1.0769573,1.5833951,1.0769573,0.0,1.0769573,2.8025036,0.0,0.0,0.0,1.0769573,1.0769573,1.0769573,0.0,1.917981,2.5348392,0.0,2.3682482,1.0769573,1.5833951,0.0,1.0769573,0.0,1.917981,0.0,2.8025036,0.0,0.0,1.917981,1.917981,0.0,CD4_T
0.0,0.0,0.80975145,1.7899908,0.0,0.0,0.80975145,1.9791718,0.0,0.0,0.80975145,0.0,1.9791718,2.2753625,2.3959656,0.0,0.0,0.0,1.9791718,0.0,3.3030088,1.9791718,2.6892643,0.80975145,0.80975145,2.6007242,0.0,1.2512472,0.0,0.0,1.5564692,1.7899908,1.5564692,1.9791718,0.0,2.1381934,1.2512472,1.2512472,0.80975145,1.7899908,0.0,0.0,1.7899908,1.7899908,0.80975145,1.5564692,0.0,0.0,0.0,0.0,CD8_T
3.1318095,0.7399212,2.7242525,2.4813757,0.0,0.0,1.1605037,2.7242525,0.0,0.0,1.4556597,0.0,0.7399212,2.7242525,1.8685433,0.0,2.3852642,1.4556597,2.4813757,2.3852642,3.3068314,2.858569,2.159914,0.0,2.3852642,1.8685433,0.0,1.8685433,0.0,2.0248034,0.7399212,2.159914,1.6832609,3.6443055,0.0,0.7399212,0.0,3.3840523,0.0,1.1605037,1.1605037,0.0,1.1605037,2.0248034,0.7399212,1.4556597,0.0,2.2789237,1.1605037,0.0,CD8_T
0.8144182,0.0,2.8537195,2.511285,0.0,0.0,0.0,2.6084962,1.9864086,2.1456,1.9864086,0.8144182,1.9864086,2.6970887,2.9237025,0.0,2.4035966,2.4035966,1.5630976,2.6084962,3.5896149,2.6084962,1.5630976,1.2572453,2.2828956,1.5630976,0.0,1.7969868,0.0,0.8144182,1.7969868,0.0,1.2572453,2.4035966,1.9864086,2.1456,1.5630976,2.2828956,0.0,1.9864086,0.0,0.0,1.2572453,1.7969868,0.8144182,0.8144182,0.0,2.1456,2.2828956,0.0,CD4_T
4.1000137,4.3130093,2.8547423,0.0,2.5860686,3.3178587,0.0,0.0,2.5860686,0.0,1.1139097,0.0,1.1139097,2.8547423,2.5860686,2.5860686,2.4186978,1.9655356,0.0,1.9655356,1.627767,3.1573703,1.627767,2.7294016,0.0,1.9655356,1.1139097,1.9655356,3.2408307,0.0,2.4186978,1.1139097,1.9655356,1.9655356,1.9655356,2.2175696,0.0,1.627767,1.9655356,1.9655356,2.2175696,0.0,1.627767,0.0,0.0,1.9655356,2.5860686,0.0,1.1139097,0.0,CD8_T
0.0,0.0,1.6554612,2.248233,0.0,0.0,2.7159066,0.8803863,0.0,0.0,1.6554612,0.0,0.0,0.8803863,0.8803863,0.0,0.0,0.0,0.8803863,0.8803863,2.8051856,1.6554612,0.8803863,1.3412087,0.8803863,0.0,0.0,1.3412087,0.0,1.3412087,1.6554612,0.8803863,1.3412087,2.086809,0.0,1.8942145,2.509164,1.6554612,0.0,1.3412087,0.0,0.8803863,0.8803863,0.8803863,1.8942145,0.8803863,0.0,1.3412087,0.0,0.0,CD8_T
3.9352765,3.3365636,3.5525699,0.0,2.5805988,0.0,2.2122989,2.3506906,2.3506906,0.0,2.051631,1.8601133,2.051631,3.3365636,2.9950132,0.0,3.1803002,2.051631,2.3506906,2.5805988,4.490293,2.2122989,2.4722373,1.623015,2.8491673,1.3116333,2.3506906,0.85701454,2.4722373,0.85701454,2.6783578,1.3116333,2.3506906,1.8601133,1.623015,2.4722373,1.3116333,3.3365636,2.051631,1.3116333,1.623015,1.3116333,0.85701454,1.3116333,0.85701454,1.623015,1.3116333,2.3506906,1.3116333,0.0,CD8_T
3.946645,0.0,0.9502261,2.7263255,0.0,0.0,0.0,1.7507435,1.4285367,0.0,1.4285367,0.0,1.994044,3.3310254,2.9975073,0.0,2.6166916,0.9502261,1.4285367,2.6166916,4.0346,3.1445024,1.7507435,2.1895812,2.493541,2.8251185,0.0,0.0,0.0,1.4285367,2.7263255,0.9502261,0.0,2.6166916,1.7507435,1.994044,1.4285367,0.9502261,2.1895812,1.4285367,1.4285367,0.9502261,1.7507435,1.7507435,1.4285367,0.0,0.0,0.0,0.9502261,1.4285367,CD8_T
0.0,0.0,2.6317687,3.0314305,0.0,0.0,2.829278,1.3949819,0.5645893,0.0,1.7142217,0.5645893,2.829278,2.7834363,1.8423065,0.0,2.3130012,2.0577745,2.3130012,2.2349463,4.0456038,2.7353919,0.5645893,0.5645893,1.9558326,0.92324674,0.0,1.3949819,0.0,1.3949819,1.7142217,1.8423065,0.92324674,2.2349463,1.5672873,2.87311,1.5672873,2.0577745,1.5672873,1.5672873,1.186677,1.8423065,2.3130012,1.7142217,0.92324674,0.5645893,0.0,0.0,0.92324674,1.8423065,CD4_T
2.8695858,3.357461,2.6343477,1.5466028,2.1271577,1.0465277,1.5466028,2.6343477,2.758868,0.0,1.878432,2.8695858,0.0,0.0,2.3261776,0.0,1.0465277,1.5466028,2.3261776,2.3261776,3.2909524,2.6343477,2.4920871,2.1271577,2.4920871,1.5466028,1.0465277,1.5466028,1.5466028,1.0465277,1.0465277,0.0,2.3261776,2.3261776,1.0465277,1.5466028,1.0465277,2.3261776,1.0465277,1.5466028,1.0465277,0.0,0.0,2.3261776,0.0,2.1271577,1.5466028,1.0465277,0.0,0.0,CD8_T
0.0,0.0,1.9646915,2.380688,0.0,0.0,1.9646915,2.754839,0.0,0.0,0.80044985,0.0,1.239268,1.9646915,1.7759975,0.0,1.5432185,2.1233692,0.0,0.0,3.5992208,2.1233692,0.80044985,0.0,2.1233692,2.2602825,0.0,1.239268,0.0,1.5432185,0.80044985,1.239268,1.5432185,1.5432185,0.80044985,1.239268,1.5432185,1.7759975,1.239268,1.9646915,0.0,0.80044985,1.239268,0.0,0.80044985,1.5432185,0.0,0.0,1.5432185,0.0,CD4_T
3.2195892,2.424215,1.4886525,0.9989983,0.9989983,0.0,2.0620716,1.8159121,2.0620716,2.0620716,2.0620716,0.0,2.9892695,2.7997198,2.7997198,0.0,1.8159121,0.9989983,0.9989983,0.0,3.7002616,0.9989983,2.259448,0.9989983,1.8159121,0.0,1.4886525,1.4886525,0.9989983,3.4066665,1.8159121,0.0,1.8159121,2.6895115,2.259448,0.0,0.9989983,3.5642002,2.0620716,2.0620716,1.8159121,0.0,0.0,0.0,0.0,1.8159121,0.0,0.0,0.0,0.0,CD8_T
3.8392158,3.9325686,0.0,0.92278963,1.9551815,0.0,2.45222,0.0,2.45222,1.9551815,2.1496089,0.0,3.101362,3.101362,2.684215,0.0,1.7135998,2.1496089,2.7827249,1.3944114,3.6994188,2.8723946,1.9551815,0.92278963,2.3123176,3.229254,0.0,1.7135998,0.0,1.7135998,0.92278963,2.45222,0.92278963,1.9551815,1.3944114,2.9546812,0.0,2.7827249,2.684215,0.92278963,2.3123176,0.92278963,0.0,0.92278963,0.0,1.7135998,0.0,1.7135998,0.92278963,0.0,CD8_T
3.8186665,3.777061,1.8821986,0.0,2.1310735,2.3301888,1.5501024,1.0494137,1.8821986,2.4961646,1.0494137,0.0,2.3301888,1.0494137,2.6384737,0.0,2.3301888,1.8821986,0.0,3.2952318,3.3617508,3.42412,1.8821986,1.0494137,1.8821986,2.3301888,0.0,2.7630312,1.5501024,2.7630312,1.5501024,1.8821986,1.8821986,2.4961646,1.5501024,2.7630312,1.0494137,1.8821986,2.3301888,1.8821986,0.0,0.0,1.8821986,1.0494137,1.0494137,2.4961646,1.0494137,2.3301888,1.5501024,0.0,CD8_T
3.877817,3.5849297,2.2785697,1.5052062,1.5052062,0.0,1.5052062,3.0095344,2.5853393,2.7094047,0.0,3.1689725,2.7094047,0.0,2.8197627,2.5853393,1.8338006,2.2785697,0.0,1.8338006,3.2400727,2.5853393,1.8338006,1.5052062,2.5853393,0.0,2.0807114,0.0,1.0125246,1.0125246,0.0,1.5052062,1.0125246,2.7094047,2.0807114,0.0,0.0,2.443672,1.5052062,2.0807114,0.0,0.0,0.0,2.2785697,1.0125246,1.0125246,0.0,0.0,0.0,0.0,CD8_T
0.0,0.0,0.0,3.4307797,0.0,0.0,1.5234632,2.2377484,0.0,0.0,0.0,0.78665084,2.2377484,3.1147823,1.221437,0.0,0.0,1.5234632,0.0,0.78665084,3.3913052,1.9430698,0.78665084,0.0,0.0,2.8062882,0.0,2.5618901,0.0,1.221437,2.2377484,1.5234632,0.78665084,1.9430698,0.0,0.78665084,1.9430698,2.5618901,0.0,1.7551156,0.78665084,0.0,1.221437,0.0,1.7551156,0.78665084,0.0,0.0,0.78665084,0.78665084,CD4_T
0.6580891,2.7058132,3.4571447,3.66804,1.8850361,0.0,0.0,1.0515896,1.5527395,1.7326273,2.9280355,1.8850361,3.2271838,2.97665,2.5729392,0.6580891,2.017259,1.3332354,2.017259,2.2385678,3.9372878,3.0673165,2.97665,1.0515896,3.2271838,2.33321,0.0,0.6580891,0.0,2.4992356,0.0,1.3332354,2.33321,3.5681417,1.5527395,2.1340232,1.0515896,2.8769362,0.6580891,1.8850361,1.7326273,0.0,0.0,1.8850361,0.0,0.0,0.0,2.33321,1.8850361,0.6580891,CD4_T
0.0,0.0,0.0,2.1990044,0.0,0.0,3.80862,0.0,0.0,0.0,1.6110399,0.0,0.0,2.1990044,1.6110399,0.0,1.6110399,0.0,0.0,0.0,1.6110399,0.0,0.0,0.0,0.0,0.0,0.0,0.0,0.0,0.0,0.0,0.0,0.0,2.1990044,0.0,0.0,0.0,0.0,0.0,0.0,0.0,0.0,1.6110399,0.0,2.5667975,1.6110399,0.0,0.0,0.0,0.0,CD4_T
0.0,0.0,1.1394173,2.453135,0.0,0.0,3.001939,1.1394173,0.0,0.0,1.1394173,2.2512693,1.6582078,2.6210155,1.6582078,0.0,1.9980743,0.0,0.0,0.0,3.102318,3.425866,2.453135,0.0,0.0,1.6582078,0.0,0.0,0.0,1.1394173,1.6582078,0.0,0.0,0.0,1.1394173,1.6582078,2.6210155,2.2512693,0.0,1.1394173,0.0,0.0,1.1394173,2.2512693,1.9980743,1.1394173,0.0,1.1394173,1.1394173,0.0,CD4_T
2.1677318,0.0,2.1677318,0.0,2.367722,0.0,0.0,0.0,1.0765746,3.0128894,2.1677318,1.9174858,1.5829338,3.3352194,2.367722,0.0,2.5343046,0.0,1.0765746,2.1677318,3.523072,2.5343046,0.0,0.0,0.0,2.367722,0.0,0.0,0.0,2.6770597,2.1677318,0.0,2.1677318,2.6770597,0.0,2.5343046,1.5829338,2.912975,2.5343046,1.9174858,2.367722,0.0,0.0,0.0,1.0765746,1.0765746,0.0,1.9174858,0.0,0.0,CD8_T
3.5637705,4.189381,2.9470954,0.0,1.8586643,3.1972723,0.0,0.0,2.9470954,0.0,2.305109,0.0,2.6126678,1.5282513,3.3349085,2.8475504,3.1206298,1.5282513,1.0314229,1.5282513,4.293225,2.1065965,2.7369895,2.4706662,1.8586643,2.8475504,2.305109,1.5282513,2.4706662,2.4706662,2.1065965,1.8586643,2.7369895,2.7369895,0.0,1.5282513,0.0,2.7369895,0.0,1.5282513,2.7369895,1.5282513,1.0314229,2.1065965,1.0314229,2.305109,2.4706662,1.8586643,2.6126678,1.5282513,CD8_T
3.9369748,3.8389425,0.0,2.1017494,2.8766348,1.7556105,0.0,0.0,2.7318277,1.2218587,2.5624423,0.0,0.0,3.1153538,3.8891594,0.0,1.7556105,1.2218587,2.1017494,0.0,3.6711185,1.7556105,3.0031009,1.2218587,3.4693346,2.5624423,0.0,0.0,0.0,1.2218587,1.7556105,2.1017494,1.7556105,3.1153538,1.2218587,1.2218587,0.0,3.6082752,2.3583941,1.7556105,0.0,0.0,0.0,2.1017494,0.0,1.7556105,0.0,0.0,0.0,0.0,CD8_T
3.623849,2.5772214,2.5772214,0.0,2.5772214,2.5772214,1.6200824,3.0571816,2.2090447,0.0,0.0,1.6200824,0.0,2.2090447,2.5772214,0.0,1.6200824,1.6200824,0.0,2.2090447,3.0571816,1.6200824,2.2090447,0.0,1.6200824,0.0,0.0,0.0,1.6200824,1.6200824,0.0,2.5772214,0.0,0.0,0.0,2.2090447,0.0,1.6200824,2.2090447,1.6200824,1.6200824,2.5772214,1.6200824,0.0,0.0,0.0,0.0,1.6200824,1.6200824,2.5772214,CD8_T
0.0,0.0,2.2610886,2.5223658,0.0,0.0,2.2610886,2.2610886,0.0,0.0,2.4002361,0.0,1.9064292,2.7293253,2.2610886,0.0,1.9064292,1.9064292,1.3518347,1.3518347,3.2327125,2.63119,0.88881856,0.0,2.976514,1.3518347,0.0,0.88881856,0.0,1.6670959,2.0994,0.88881856,0.0,1.6670959,0.0,0.88881856,1.9064292,2.4002361,0.0,1.3518347,0.88881856,0.88881856,1.6670959,1.9064292,1.3518347,0.0,0.0,0.88881856,0.0,0.0,CD4_T
0.9066503,0.0,2.4276397,3.3688216,0.0,0.0,0.9066503,2.4276397,0.0,0.0,0.0,1.3742292,0.0,0.9066503,0.0,0.0,1.3742292,0.0,0.0,0.0,3.5952377,1.6915789,0.0,0.0,0.0,1.3742292,0.0,1.9321095,0.0,0.0,0.9066503,0.0,0.0,1.6915789,0.0,0.9066503,0.0,1.6915789,0.0,0.9066503,0.9066503,0.0,0.0,0.9066503,0.0,0.0,0.0,0.9066503,0.9066503,0.0,CD4_T
1.686899,1.3699448,3.256119,2.5447886,1.9272029,0.0,0.9032325,3.6293728,0.9032325,2.7521098,0.9032325,2.7521098,1.686899,3.4600606,2.6538124,0.0,2.2829332,0.9032325,0.0,2.4224076,4.248147,3.5896556,1.686899,0.0,1.9272029,1.3699448,0.0,0.0,0.0,1.9272029,0.0,2.1208034,1.686899,0.0,1.9272029,2.1208034,0.0,2.6538124,2.2829332,1.3699448,0.0,0.0,1.9272029,2.8416035,0.0,0.0,0.0,1.3699448,1.3699448,1.686899,CD4_T
3.7372792,3.105101,3.1760025,0.0,2.5237594,2.218847,2.218847,0.0,0.9705305,0.0,0.0,2.022524,0.9705305,2.9461632,2.38288,0.0,1.4536465,0.9705305,1.4536465,0.0,3.1760025,2.6472206,2.218847,0.9705305,0.9705305,1.4536465,0.9705305,0.0,0.0,0.0,2.022524,2.8560932,0.9705305,2.022524,1.4536465,0.9705305,2.38288,2.5237594,0.0,0.0,2.022524,0.9705305,0.0,1.778004,0.0,0.0,0.9705305,0.0,0.9705305,0.9705305,CD8_T
4.149774,4.120399,2.7528312,0.0,2.4861755,3.35124,0.0,0.0,3.1368182,0.0,2.121482,0.0,1.5415329,1.5415329,3.1368182,3.9589913,1.8729736,1.0423498,0.0,1.8729736,2.6283655,2.7528312,2.863506,2.3203626,0.0,2.4861755,1.5415329,2.3203626,1.8729736,1.5415329,1.5415329,1.5415329,1.8729736,2.3203626,1.0423498,1.0423498,1.0423498,1.0423498,1.0423498,0.0,0.0,0.0,2.6283655,1.0423498,0.0,1.0423498,2.7528312,0.0,0.0,0.0,CD8_T
1.0100762,0.0,2.0773444,2.7058132,1.0100762,0.0,2.8161445,3.0887544,0.0,0.0,0.0,1.5022135,2.0773444,3.2363756,1.5022135,0.0,0.0,3.2363756,1.8305683,3.0887544,3.628652,2.8161445,1.5022135,0.0,2.5817816,1.5022135,0.0,1.0100762,0.0,2.8161445,1.5022135,2.4401586,0.0,2.4401586,1.8305683,1.5022135,1.8305683,3.3649814,0.0,1.5022135,0.0,0.0,2.4401586,1.8305683,0.0,0.0,0.0,2.5817816,1.8305683,2.2751162,CD4_T
3.846082,4.3700233,3.4512417,0.99200684,2.5554028,3.1379402,0.0,0.0,2.2495222,0.0,2.0523996,0.0,1.4800764,2.2495222,2.7893085,0.0,2.4141126,1.4800764,0.0,0.99200684,1.8066353,1.8066353,2.5554028,2.4141126,0.99200684,1.8066353,2.2495222,0.99200684,2.6791792,1.4800764,2.0523996,2.0523996,1.4800764,2.4141126,2.0523996,1.8066353,0.99200684,2.5554028,2.0523996,0.0,0.0,1.4800764,0.0,0.0,1.4800764,2.0523996,2.4141126,0.99200684,0.0,1.4800764,CD8_T
0.0,0.0,0.0,1.915179,0.0,0.0,2.1653368,2.1653368,0.0,0.0,0.0,0.0,2.1653368,2.674541,1.915179,0.0,1.0747924,0.0,0.0,1.5807852,4.0755277,2.799418,0.0,1.0747924,3.46167,2.1653368,0.0,0.0,0.0,1.5807852,0.0,1.5807852,1.5807852,0.0,0.0,1.5807852,0.0,3.0103178,0.0,1.5807852,0.0,0.0,0.0,1.915179,1.5807852,0.0,0.0,1.5807852,1.0747924,0.0,CD4_T
3.6666195,3.7815583,3.3874223,0.9510052,2.9162242,0.9510052,1.4295024,3.0749145,2.7275124,0.0,2.8263133,1.751793,0.9510052,3.273855,1.4295024,0.0,1.9951411,1.9951411,0.9510052,2.617869,4.387207,3.1457174,1.751793,1.751793,2.3542151,1.751793,1.9951411,2.617869,1.4295024,0.0,2.617869,1.4295024,1.4295024,2.4947062,1.4295024,3.2118373,0.0,1.751793,0.9510052,1.9951411,3.273855,0.0,1.751793,1.9951411,1.9951411,1.751793,0.0,1.4295024,1.751793,0.9510052,CD8_T
0.0,0.0,0.0,2.3415198,0.0,0.0,2.3415198,2.714399,0.0,0.0,0.0,0.0,1.9830247,0.9424148,1.4188442,0.0,1.7402052,0.9424148,0.0,0.0,2.6048627,2.481835,0.0,0.0,2.3415198,0.9424148,0.0,0.9424148,0.0,0.0,0.9424148,2.1782517,0.0,0.9424148,0.0,0.9424148,2.1782517,1.4188442,1.4188442,1.4188442,0.0,0.0,1.7402052,0.9424148,1.7402052,0.9424148,0.0,0.9424148,0.9424148,0.0,CD4_T
3.7704968,4.1812935,3.337087,0.0,1.8063517,2.978419,0.0,0.0,2.4138036,0.0,0.0,2.0521038,1.4798143,0.0,2.8881834,0.0,2.0521038,2.4138036,0.0,1.4798143,2.978419,2.0521038,1.4798143,1.4798143,1.8063517,2.4138036,2.0521038,0.99179333,0.99179333,0.0,1.8063517,2.2492187,2.2492187,2.0521038,0.99179333,1.4798143,0.99179333,2.0521038,2.0521038,0.0,0.0,1.8063517,0.0,0.0,0.0,1.8063517,0.0,0.0,1.4798143,0.99179333,CD8_T
0.0,0.0,2.2258174,2.9748845,0.0,0.0,1.6352079,0.0,0.0,0.0,2.4271286,0.0,0.0,2.5946257,0.0,0.0,0.0,0.0,1.1201332,2.5946257,4.2060113,2.7380514,0.0,0.0,1.1201332,2.2258174,0.0,2.7380514,0.0,0.0,1.1201332,1.1201332,0.0,2.7380514,1.6352079,1.1201332,0.0,1.1201332,1.1201332,2.4271286,1.1201332,1.6352079,2.2258174,1.1201332,1.9734957,0.0,0.0,1.6352079,0.0,0.0,CD4_T
0.85081804,0.0,1.85101,2.3409333,0.0,0.0,1.6143627,2.2026951,0.0,0.0,2.2026951,0.0,1.85101,1.85101,1.303761,0.0,0.85081804,0.85081804,0.85081804,1.303761,4.159717,2.462362,0.0,0.0,1.6143627,2.2026951,0.0,2.3409333,0.0,1.303761,1.85101,1.303761,0.85081804,1.85101,0.85081804,0.85081804,2.3409333,1.303761,1.303761,0.85081804,0.0,0.85081804,0.85081804,1.303761,2.668312,0.0,0.0,0.0,0.0,0.0,CD4_T
0.0,0.0,0.0,3.3097045,0.0,0.0,2.3330698,2.8941145,0.0,0.0,1.4117625,0.9367168,1.9749641,2.1699622,0.9367168,0.0,0.0,0.9367168,1.4117625,0.9367168,2.8941145,2.3330698,0.0,0.9367168,1.4117625,0.0,0.0,0.9367168,0.0,0.0,0.9367168,2.4732668,1.4117625,2.3330698,0.0,1.7324996,1.7324996,3.1894,0.9367168,1.7324996,1.4117625,0.0,2.1699622,0.0,0.0,0.9367168,0.0,0.9367168,1.4117625,0.9367168,CD4_T
3.785081,4.131129,2.955374,0.0,1.7860876,3.665436,0.0,0.0,2.7662055,0.0,2.0309627,1.4611027,1.4611027,1.4611027,2.5327032,2.227514,2.0309627,1.4611027,0.0,1.7860876,3.2515492,2.0309627,2.3917062,2.6562543,2.227514,2.7662055,2.227514,0.0,1.4611027,0.0,2.0309627,0.9765784,1.4611027,2.5327032,1.4611027,3.0380378,0.0,0.9765784,0.0,0.9765784,0.0,2.0309627,0.0,2.227514,0.0,2.0309627,0.9765784,0.0,0.9765784,1.4611027,CD8_T
3.715703,1.0375017,1.0375017,1.8666307,0.0,0.0,0.0,2.313603,2.1148846,2.9560332,1.8666307,0.0,2.4793031,2.62141,1.8666307,0.0,1.5356439,2.1148846,2.1148846,1.0375017,3.0466027,2.62141,2.1148846,2.1148846,1.8666307,3.0466027,0.0,1.0375017,0.0,0.0,2.1148846,1.8666307,1.0375017,2.8564367,0.0,1.8666307,1.8666307,3.4063349,1.0375017,2.7458122,0.0,0.0,1.0375017,3.3440046,0.0,1.8666307,0.0,0.0,1.0375017,0.0,CD8_T
0.0,0.0,1.8112944,3.0053785,0.0,0.0,0.0,0.0,0.0,0.0,2.2982893,0.0,1.5766609,2.624372,1.8112944,0.0,0.8239959,0.0,1.2695305,2.527033,3.1246989,2.527033,0.8239959,0.0,2.527033,2.2982893,0.0,1.2695305,0.0,1.8112944,0.8239959,1.2695305,1.2695305,2.2982893,0.0,1.5766609,0.8239959,2.4191873,0.0,1.5766609,0.0,0.0,2.4191873,2.1607385,1.8112944,0.8239959,0.0,1.2695305,0.0,0.0,CD4_T
0.0,0.0,2.158026,1.574229,0.0,0.0,0.0,1.9081383,0.0,0.0,3.1764739,0.0,2.3577876,3.0932493,0.0,0.0,1.574229,0.0,1.9081383,0.0,3.7180424,2.524212,1.574229,0.0,1.574229,2.9026067,0.0,2.3577876,0.0,0.0,1.0693583,2.3577876,1.0693583,2.524212,0.0,1.574229,1.9081383,1.0693583,0.0,2.9026067,0.0,0.0,1.574229,0.0,1.574229,0.0,0.0,1.0693583,0.0,0.0,CD4_T
4.5626698,4.3870153,3.2292671,0.0,2.799651,3.4619102,1.1648862,0.0,2.6555877,0.0,0.0,0.0,1.1648862,2.03034,3.3902125,0.0,2.4872198,2.03034,0.0,1.1648862,0.0,0.0,0.0,1.6884553,0.0,2.4872198,1.6884553,0.0,2.2846484,0.0,0.0,0.0,1.6884553,1.1648862,2.6555877,1.1648862,0.0,0.0,2.2846484,1.1648862,0.0,1.6884553,0.0,0.0,0.0,2.2846484,2.03034,0.0,1.1648862,1.1648862,CD8_T
0.0,0.0,1.5163475,3.3202283,0.0,0.0,0.0,1.0216513,0.0,0.0,2.2914119,0.0,0.0,1.5163475,0.0,0.0,2.0932348,0.0,1.5163475,2.8332133,1.8458267,2.2914119,1.0216513,0.0,1.5163475,1.8458267,0.0,1.8458267,0.0,0.0,0.0,1.0216513,0.0,2.8332133,1.5163475,1.5163475,0.0,3.4965076,0.0,1.5163475,0.0,0.0,1.0216513,2.2914119,1.8458267,1.0216513,0.0,0.0,1.0216513,0.0,CD4_T
3.9880867,2.814771,2.3800871,1.5937836,2.3800871,0.0,2.1798158,0.0,1.9291282,2.925874,2.5468647,0.0,1.0855842,1.0855842,3.742054,0.0,1.9291282,1.0855842,0.0,2.3800871,1.9291282,1.5937836,1.0855842,2.814771,1.5937836,2.814771,0.0,2.3800871,1.0855842,1.0855842,0.0,0.0,2.1798158,1.0855842,1.5937836,2.3800871,0.0,0.0,3.1167483,1.9291282,0.0,0.0,0.0,1.0855842,0.0,1.0855842,0.0,0.0,1.0855842,0.0,CD8_T
0.0,0.0,1.3303627,3.0192976,0.0,0.0,0.0,2.0739312,0.0,0.0,2.373831,0.8717985,1.3303627,1.3303627,2.2350817,0.0,2.0739312,1.3303627,2.2350817,1.6435732,3.9058492,2.2350817,0.0,0.0,0.8717985,2.0739312,0.0,1.3303627,0.0,1.3303627,0.0,0.0,0.0,0.8717985,0.8717985,1.6435732,1.8817266,2.8732533,0.0,1.3303627,2.0739312,0.0,0.8717985,1.3303627,0.8717985,0.0,0.0,1.8817266,0.8717985,0.0,CD4_T
2.504084,2.7370646,2.504084,3.8614457,1.4372827,0.0,0.9572873,2.003975,0.9572873,0.0,0.9572873,3.4993045,1.4372827,0.0,0.9572873,0.0,2.1997886,2.003975,0.0,0.0,3.342104,2.7370646,1.4372827,1.7602453,2.1997886,2.835928,0.0,0.9572873,0.0,0.0,0.9572873,1.4372827,1.4372827,2.504084,0.0,0.0,0.9572873,1.7602453,0.0,0.0,0.0,0.0,2.1997886,0.0,0.9572873,0.9572873,0.0,1.7602453,1.4372827,0.0,CD4_T
0.0,0.0,2.2826698,2.572908,0.0,0.0,2.1636062,1.6866597,0.0,0.0,1.1633708,0.0,0.74210495,1.8720729,1.6866597,0.0,1.4588606,0.0,0.74210495,1.4588606,2.3890533,2.3890533,1.1633708,0.74210495,2.0284262,0.0,0.0,1.1633708,0.0,1.8720729,2.0284262,0.74210495,1.4588606,2.572908,1.6866597,2.4852,1.8720729,2.0284262,0.74210495,0.0,0.0,0.0,1.1633708,0.74210495,1.6866597,0.0,0.0,0.74210495,0.0,1.1633708,CD8_T
3.8115358,3.417067,1.1332412,1.650851,2.444825,0.0,3.546489,1.650851,2.444825,2.88176,2.88176,0.0,3.093633,3.417067,3.093633,0.0,2.444825,2.243135,2.612584,2.612584,4.2251186,3.2683697,1.9902167,1.650851,2.444825,1.1332412,0.0,2.612584,0.0,1.650851,1.9902167,2.444825,1.1332412,2.612584,2.444825,2.612584,0.0,3.3454797,3.2683697,2.243135,0.0,0.0,1.650851,2.444825,0.0,2.444825,0.0,1.650851,1.1332412,0.0,CD8_T
3.9729993,4.026076,3.4001539,0.0,2.2711577,2.5327032,3.1853178,0.0,3.0576782,0.0,1.3601741,0.0,0.0,1.916002,1.916002,1.916002,2.5327032,1.3601741,1.3601741,3.654788,2.2711577,0.0,2.2711577,2.2711577,1.3601741,0.0,2.2711577,0.0,2.2711577,1.916002,0.0,1.3601741,1.916002,1.916002,0.0,0.0,0.0,2.2711577,1.3601741,1.3601741,1.3601741,1.916002,0.0,1.916002,0.0,1.3601741,2.2711577,0.0,1.3601741,1.3601741,CD8_T
0.0,0.0,0.0,2.3030803,0.0,0.0,0.0,1.7051982,0.0,0.0,2.1405516,0.0,1.9463817,2.1405516,2.565457,0.0,0.0,0.0,1.386707,2.94496,4.0078735,2.7731044,3.0209482,0.0,2.565457,2.1405516,0.0,0.91662085,0.0,1.386707,0.91662085,0.91662085,0.0,2.3030803,0.0,2.1405516,0.91662085,2.3030803,0.91662085,1.386707,0.91662085,0.0,1.7051982,0.91662085,1.386707,0.91662085,0.0,1.7051982,1.386707,0.0,CD4_T
3.7182665,3.975013,3.1400971,0.0,1.9500358,2.948998,0.0,1.613289,2.2015028,0.0,1.9500358,0.0,1.1018226,1.9500358,2.4022703,0.0,1.613289,1.613289,0.0,2.2015028,1.1018226,2.7125416,1.1018226,1.613289,1.9500358,2.7125416,2.2015028,1.1018226,1.1018226,0.0,1.9500358,1.9500358,1.613289,1.9500358,0.0,1.1018226,0.0,1.613289,1.1018226,1.1018226,1.1018226,0.0,1.613289,1.1018226,1.1018226,2.4022703,1.1018226,0.0,1.1018226,0.0,CD8_T
3.6004195,3.4707823,1.6959273,1.9366674,2.1305501,0.0,1.3782116,1.6959273,1.9366674,3.0101624,3.3218002,0.0,1.3782116,3.3218002,2.762475,0.0,1.3782116,2.292878,2.762475,2.292878,4.1714244,1.9366674,2.4324985,1.3782116,2.292878,0.9098298,2.852029,2.554992,0.0,1.3782116,2.1305501,2.1305501,1.6959273,2.554992,1.3782116,0.9098298,0.0,3.080744,2.762475,1.3782116,1.6959273,0.0,0.0,0.9098298,0.0,0.9098298,0.0,0.9098298,1.3782116,0.0,CD8_T
3.885182,3.7545812,3.3607533,0.0,2.9380198,2.7017264,3.0380692,0.0,2.3917363,0.0,1.0940994,0.0,1.60402,1.0940994,3.1290128,1.0940994,2.3917363,1.60402,0.0,1.60402,2.3917363,1.60402,2.1912029,2.3917363,1.0940994,2.1912029,2.8268363,1.0940994,0.0,0.0,0.0,2.3917363,1.0940994,1.0940994,1.940104,1.60402,1.60402,2.1912029,2.7017264,0.0,0.0,0.0,1.60402,0.0,0.0,1.940104,0.0,0.0,1.0940994,0.0,CD8_T
3.1700785,3.318211,3.8003745,1.0649794,2.1521246,3.3847864,1.5689406,1.0649794,2.5180736,0.0,2.1521246,3.1700785,1.9024564,2.1521246,1.0649794,0.0,2.5180736,1.0649794,0.0,0.0,2.996122,2.5180736,1.0649794,0.0,2.1521246,2.785396,0.0,1.5689406,1.5689406,1.9024564,1.0649794,1.0649794,0.0,1.9024564,1.5689406,0.0,0.0,2.3517463,1.0649794,1.5689406,1.0649794,0.0,0.0,1.0649794,0.0,1.5689406,0.0,1.0649794,1.0649794,1.9024564,CD8_T
0.0,0.0,2.8418603,3.433615,0.0,0.0,2.528447,3.0801306,0.0,2.3250527,0.0,0.0,0.0,2.8418603,1.7251941,1.1959825,1.7251941,1.1959825,1.1959825,1.1959825,2.528447,3.0801306,1.1959825,0.0,2.3250527,1.1959825,0.0,1.7251941,0.0,1.1959825,0.0,2.0694437,1.7251941,0.0,1.7251941,0.0,1.1959825,2.6973822,1.7251941,0.0,2.528447,1.7251941,1.1959825,1.1959825,2.0694437,0.0,0.0,1.1959825,1.1959825,1.7251941,CD4_T
3.0399485,3.171907,3.315599,1.6906765,2.1248825,1.3734028,2.7564483,2.0327065,1.5445701,2.0327065,2.5490592,2.4897175,1.3734028,2.4897175,3.0040462,0.0,2.6581204,1.1667612,2.0327065,2.6581204,3.9627805,3.0040462,1.6906765,1.8181318,1.8181318,1.3734028,1.3734028,1.5445701,0.9059909,1.9311634,0.0,1.6906765,1.1667612,2.8022091,1.1667612,1.1667612,0.0,1.6906765,1.8181318,0.5522696,2.1248825,1.3734028,1.3734028,1.1667612,1.5445701,1.5445701,0.0,1.5445701,1.5445701,0.5522696,CD8_T
2.7900453,3.5662584,3.000829,0.0,1.906673,2.6652496,2.9009807,1.906673,2.1565042,0.0,2.35623,1.572865,2.7900453,2.9009807,2.5226293,3.7617774,1.0682285,2.1565042,0.0,1.0682285,2.9009807,2.6652496,2.1565042,0.0,1.0682285,1.906673,0.0,1.0682285,2.35623,2.35623,1.572865,2.35623,1.572865,1.906673,1.0682285,1.906673,0.0,1.906673,1.572865,2.1565042,0.0,3.4520018,1.0682285,1.0682285,1.0682285,1.572865,1.572865,0.0,1.0682285,1.906673,CD8_T
3.1574717,3.8132184,2.831777,1.1564066,1.6784008,2.5911255,2.831777,1.3621694,2.0196216,0.0,1.3621694,0.0,2.0196216,2.644112,1.6784008,2.4128995,2.4128995,1.805522,1.805522,2.0196216,4.4018803,2.644112,1.5327336,1.3621694,2.1958683,1.1564066,0.8970375,1.1564066,2.2735646,0.8970375,2.0196216,2.1116228,2.3456569,2.4759042,0.8970375,1.9182907,2.0196216,3.2739596,1.5327336,1.805522,1.3621694,0.8970375,0.5459014,1.6784008,0.5459014,1.1564066,2.2735646,1.3621694,1.3621694,2.1958683,CD8_T
0.0,0.0,0.8849569,2.0936403,0.0,0.0,1.900841,2.0936403,0.0,0.0,1.6617723,0.0,0.0,1.6617723,2.2552083,0.0,0.0,0.0,0.0,0.8849569,1.6617723,2.3942668,1.900841,0.0,1.6617723,2.3942668,0.0,0.0,0.0,0.0,1.900841,1.6617723,0.0,2.2552083,0.0,1.900841,0.8849569,2.3942668,1.6617723,0.8849569,0.0,0.0,0.0,0.0,0.0,0.8849569,0.0,0.0,0.0,0.0,CD8_T
3.6066465,3.498609,4.259833,0.0,2.511112,3.0796506,0.0,0.0,2.1454337,0.0,1.0600227,0.0,0.0,3.310912,3.0796506,2.9889276,2.9889276,2.1454337,1.8960159,2.1454337,3.498609,2.653598,2.3448956,2.1454337,3.498609,2.3448956,1.0600227,0.0,2.511112,2.889145,1.8960159,1.0600227,2.1454337,2.9889276,2.7782907,1.5629485,0.0,3.310912,1.0600227,2.3448956,0.0,2.889145,0.0,1.8960159,1.0600227,2.511112,2.889145,0.0,1.0600227,1.8960159,CD8_T
0.0,0.0,0.74418634,2.0318742,0.0,0.0,2.1671202,1.6898953,0.0,0.0,0.0,0.0,2.5765746,1.1661016,1.4619083,0.0,0.74418634,0.0,1.6898953,1.4619083,3.2736952,2.5765746,1.1661016,0.0,1.6898953,1.4619083,0.0,1.4619083,0.0,1.6898953,1.1661016,1.4619083,0.0,0.74418634,0.0,1.4619083,0.74418634,2.4888391,0.74418634,2.7318623,0.0,0.0,0.74418634,1.1661016,2.3926592,1.4619083,0.0,0.0,0.0,0.0,CD8_T
0.0,0.0,0.0,1.6033856,0.0,0.0,2.5579627,2.9372678,0.0,0.0,2.1904974,0.0,2.5579627,2.1904974,0.0,0.0,0.0,0.0,1.6033856,0.0,4.0356135,2.9372678,0.0,0.0,1.6033856,1.0935712,0.0,0.0,0.0,1.6033856,0.0,2.1904974,1.6033856,2.9372678,0.0,0.0,1.6033856,2.9372678,1.6033856,1.6033856,0.0,0.0,1.0935712,1.939424,1.0935712,1.0935712,0.0,1.6033856,0.0,0.0,CD4_T
0.0,0.0,2.8536823,3.23975,0.0,0.0,0.7040735,2.3221674,0.0,0.0,1.1131543,1.4026394,3.6587546,2.3221674,2.5048478,0.0,1.9645685,2.5850286,0.0,2.2165673,3.8714244,3.3531709,1.6268631,0.0,3.0652325,1.9645685,0.0,0.0,0.0,2.098485,0.0,0.0,1.9645685,2.4176733,1.1131543,2.5850286,1.4026394,2.5850286,1.1131543,1.6268631,0.0,0.0,1.1131543,2.098485,1.1131543,0.7040735,0.0,1.4026394,1.1131543,1.6268631,CD4_T
0.0,0.0,3.1468835,0.80507237,0.0,0.0,2.1307464,0.0,0.80507237,0.0,0.0,2.681394,1.2452251,3.0922503,2.7626836,0.0,4.4725537,0.0,0.80507237,2.1307464,4.3840113,2.2677875,2.2677875,0.0,1.2452251,3.423761,0.0,0.0,0.0,2.5929074,0.80507237,2.2677875,1.2452251,2.2677875,1.2452251,1.971897,1.7829598,2.4958239,0.80507237,0.80507237,0.80507237,0.0,0.80507237,2.2677875,1.2452251,0.0,0.0,1.2452251,2.3882918,3.1986856,CD4_T
0.0,0.0,2.5893998,2.4476824,0.0,0.0,3.486903,2.7135038,0.0,0.0,1.5086242,0.0,2.5893998,2.2825117,2.0845551,0.0,1.5086242,1.0153226,1.8374912,0.0,3.6366732,3.013709,1.5086242,0.0,2.0845551,1.8374912,0.0,0.0,0.0,2.2825117,1.5086242,0.0,1.8374912,2.923298,0.0,2.2825117,1.5086242,3.3106818,0.0,2.4476824,0.0,0.0,2.0845551,2.4476824,0.0,1.0153226,0.0,0.0,0.0,0.0,CD4_T
0.92114806,0.0,2.780168,3.098759,0.0,0.92114806,2.681676,2.8698235,0.0,0.0,0.92114806,2.952098,1.3923624,2.3098624,2.8698235,0.0,2.5724125,0.0,1.3923624,2.681676,3.5773885,1.3923624,0.92114806,0.0,2.3098624,1.7113659,0.0,0.92114806,0.0,1.3923624,0.0,0.0,0.0,0.0,1.3923624,2.5724125,0.92114806,3.2849236,0.0,0.92114806,0.0,0.0,0.0,2.780168,1.3923624,0.0,0.0,0.92114806,0.0,0.0,CD4_T
3.918532,3.3163807,3.5041132,0.0,2.8945053,3.1682591,0.0,0.0,2.3500283,0.0,0.0,2.8945053,0.0,2.1504464,3.3829517,1.0637355,2.5163276,3.612168,0.0,1.900841,2.6588748,2.8945053,0.0,0.0,3.24506,3.0850658,0.0,0.0,1.5674374,2.1504464,0.0,1.5674374,2.1504464,2.1504464,0.0,0.0,0.0,2.5163276,1.0637355,1.5674374,2.9943178,0.0,1.900841,1.0637355,0.0,1.900841,0.0,2.1504464,1.5674374,2.3500283,CD8_T
0.0,0.0,0.0,4.220056,0.0,0.0,0.0,0.0,0.0,0.0,1.4516399,0.0,2.5213501,3.026294,2.5213501,0.0,2.2165127,0.0,2.2165127,1.7758278,4.5278907,2.644787,0.0,0.0,2.644787,3.026294,0.0,0.9689043,0.0,1.7758278,1.4516399,0.0,1.7758278,2.9436815,1.4516399,0.0,0.0,2.3805025,0.9689043,0.0,0.0,0.0,0.0,0.0,0.9689043,0.9689043,0.0,0.9689043,1.4516399,0.0,CD4_T
0.0,0.0,0.0,1.3939555,0.0,0.0,3.1667702,1.7131027,0.0,0.0,2.1490731,0.0,0.0,2.5743701,1.9546609,0.0,2.4516659,0.0,2.5743701,2.6836503,3.8707178,1.3939555,2.6836503,0.0,2.1490731,0.9224243,0.0,1.3939555,0.0,2.3117714,1.9546609,0.9224243,0.9224243,3.1667702,0.0,0.9224243,1.9546609,3.0301316,0.0,1.3939555,0.0,0.0,0.0,2.5743701,1.3939555,0.9224243,0.0,0.9224243,0.0,0.0,CD8_T
0.0,0.0,0.0,2.4713688,0.0,0.0,0.0,2.349832,0.0,0.0,1.3109403,0.0,0.85646856,2.0508041,0.85646856,0.0,1.6222534,0.0,0.0,0.85646856,3.626483,0.85646856,2.211454,0.0,2.0508041,2.211454,0.0,1.6222534,0.0,0.0,1.3109403,2.0508041,0.85646856,3.0597606,0.0,0.85646856,0.85646856,2.349832,0.0,2.0508041,0.85646856,0.0,1.6222534,0.85646856,2.579722,0.0,0.0,1.3109403,0.0,0.0,CD4_T
1.80183,1.261401,3.0560234,2.150726,2.150726,0.0,2.613873,2.9291945,1.9914174,2.5166185,2.9291945,0.0,2.4088764,2.9946182,1.9914174,0.0,1.261401,1.80183,1.80183,2.2881083,4.1430383,2.5166185,1.261401,1.80183,2.613873,2.150726,0.0,1.80183,0.0,1.9914174,2.5166185,1.80183,1.80183,2.5166185,1.5676876,2.150726,1.5676876,2.4088764,0.81765515,0.0,0.81765515,0.0,0.81765515,0.0,1.9914174,1.261401,0.0,0.0,0.0,1.5676876,CD4_T
3.5075808,3.752213,0.0,0.0,2.8878338,3.6771276,3.1169891,1.7270291,1.9692398,0.0,0.0,0.0,1.4067374,1.9692398,3.183025,0.0,2.4671795,2.164074,0.9326785,2.3270671,3.1169891,2.9701931,1.4067374,2.164074,1.9692398,0.0,0.0,0.0,0.0,1.9692398,0.9326785,2.6994643,1.9692398,2.798078,1.4067374,0.9326785,0.0,1.7270291,0.9326785,1.4067374,0.0,1.9692398,1.4067374,0.0,0.0,2.6994643,0.0,0.0,1.9692398,1.7270291,CD8_T
0.79635054,0.0,3.687826,3.9768674,0.0,0.0,0.79635054,3.077145,0.0,0.0,0.0,1.7698095,2.8229632,2.9581087,2.6666565,0.0,1.7698095,2.3739257,0.79635054,1.537362,3.9059515,3.1317396,1.2339783,1.2339783,2.3739257,2.9581087,0.0,1.2339783,0.0,0.79635054,1.9582858,2.2536087,2.1168098,2.7478607,0.79635054,2.8229632,1.2339783,2.9581087,0.79635054,0.79635054,1.2339783,0.79635054,1.537362,0.79635054,1.2339783,0.0,0.0,2.5782707,1.2339783,1.2339783,CD4_T
0.0,0.0,3.5090022,2.8453426,0.0,0.0,2.8453426,0.0,0.0,0.0,0.0,0.0,0.0,0.0,0.0,2.8453426,0.0,0.0,2.8453426,3.9044416,3.5090022,3.9044416,0.0,0.0,0.0,0.0,0.0,0.0,0.0,0.0,0.0,0.0,0.0,0.0,2.8453426,2.8453426,0.0,2.8453426,2.8453426,0.0,0.0,0.0,0.0,0.0,0.0,0.0,0.0,0.0,0.0,0.0,CD4_T
2.4847102,2.7173288,3.4291608,0.9443307,2.9059176,3.4291608,0.0,2.181034,0.0,0.0,1.9857306,0.0,0.0,2.7173288,3.1352892,0.0,1.4212232,1.4212232,0.0,2.6077683,3.7709084,2.181034,1.4212232,1.4212232,2.3443556,2.8160625,0.0,1.9857306,0.0,1.4212232,2.6077683,1.4212232,1.4212232,0.9443307,1.4212232,2.181034,0.9443307,1.9857306,0.0,0.0,0.0,0.9443307,0.0,0.9443307,0.0,0.9443307,0.0,0.0,1.4212232,1.9857306,CD4_T
2.8525467,0.0,2.3794644,3.238592,0.9681947,0.0,2.2154934,3.1015067,0.9681947,2.0192597,0.9681947,2.6437244,1.4507641,1.7748775,2.3794644,0.0,2.7535765,0.9681947,0.9681947,2.7535765,0.0,2.2154934,0.0,0.0,2.2154934,0.9681947,0.0,1.4507641,0.0,0.0,0.0,2.0192597,0.9681947,2.5202982,1.4507641,0.9681947,0.9681947,0.9681947,0.0,2.0192597,2.0192597,0.0,2.3794644,0.0,1.7748775,0.9681947,0.0,0.0,1.4507641,1.4507641,CD4_T
0.0,0.0,2.009642,2.842092,0.0,0.0,2.9029799,1.1485282,0.0,0.0,2.009642,0.0,2.707921,2.777255,1.1485282,0.0,2.1444588,0.0,1.8537745,1.4422781,4.183674,1.8537745,2.009642,1.8537745,2.6334193,0.7308157,0.0,2.1444588,0.0,2.4653618,1.6690449,0.7308157,1.1485282,1.8537745,0.7308157,1.1485282,1.6690449,2.5529168,0.0,0.0,0.0,0.7308157,1.6690449,2.009642,1.1485282,0.7308157,0.0,1.1485282,1.1485282,0.0,CD8_T
0.0,0.0,1.4439248,2.512078,0.0,0.0,0.0,1.7674565,0.0,0.0,0.0,0.9626577,0.0,1.7674565,1.4439248,0.0,2.011509,0.0,0.0,0.0,4.109068,0.9626577,1.4439248,0.9626577,1.4439248,2.3713534,0.0,0.0,0.0,0.9626577,1.4439248,0.0,0.0,1.4439248,0.0,0.0,0.0,0.9626577,0.9626577,2.2075307,0.0,0.9626577,0.0,0.0,2.2075307,0.9626577,0.0,0.9626577,0.0,0.0,CD8_T
3.599283,2.0936403,2.6250975,0.8849569,1.3469712,0.0,1.900841,2.7231884,1.3469712,2.3942668,3.6742165,0.0,2.6250975,2.9702833,2.6250975,0.0,2.3942668,2.7231884,2.8945055,1.3469712,3.7770367,3.5595996,2.8125112,2.0936403,3.3334436,1.3469712,1.900841,2.0936403,0.0,2.8125112,1.6617723,2.6250975,0.8849569,2.8125112,1.6617723,0.8849569,1.900841,3.7439244,0.8849569,2.7231884,0.8849569,1.3469712,0.8849569,1.3469712,0.8849569,1.3469712,0.0,1.3469712,0.8849569,0.0,CD8_T
4.113381,4.1427526,3.2778804,0.0,2.6217477,2.6217477,2.3139312,0.0,2.479637,0.0,1.5359298,0.0,1.8669388,2.746153,2.479637,3.0469499,2.479637,1.037737,1.8669388,1.8669388,3.4066873,3.2066689,2.3139312,2.746153,2.3139312,1.037737,1.8669388,1.8669388,1.037737,1.8669388,2.6217477,1.8669388,3.1299946,2.746153,1.5359298,2.9563787,0.0,3.1299946,0.0,1.5359298,2.6217477,2.115205,0.0,2.3139312,0.0,2.3139312,2.115205,1.5359298,1.8669388,0.0,CD8_T
0.0,0.0,3.250436,2.390654,0.0,0.0,2.2264807,2.7651205,0.0,0.0,0.0,0.0,0.0,2.5316372,2.390654,0.0,0.0,1.4602133,1.7851238,2.390654,3.5283816,2.864164,2.2264807,0.0,2.864164,1.4602133,0.0,1.7851238,0.0,2.0299566,0.9758566,0.0,2.0299566,0.9758566,1.4602133,1.7851238,0.0,2.6551776,0.0,0.9758566,0.0,1.7851238,1.4602133,2.0299566,0.9758566,0.0,0.0,0.0,1.4602133,1.4602133,CD4_T
0.0,0.0,2.8337781,3.2964149,0.0,0.0,0.0,2.7731514,0.0,0.0,0.0,2.5655034,1.3867445,0.6934473,3.1360683,0.0,1.9464246,0.6934473,0.0,0.6934473,1.6099181,1.6099181,0.0,0.0,1.3867445,1.7922596,0.0,0.6934473,0.0,0.0,0.6934473,0.0,0.6934473,1.0990124,1.7922596,1.0990124,0.0,1.0990124,1.3867445,1.3867445,0.0,0.6934473,0.0,1.0990124,2.0799668,0.6934473,0.0,0.0,1.3867445,0.6934473,CD4_T
0.0,0.0,2.2584414,2.7265627,0.0,0.0,0.0,1.7509533,0.0,0.0,2.6622336,0.0,2.6622336,2.9977486,1.5702964,0.0,1.0661017,1.3496445,1.5702964,1.7509533,3.1717188,2.0365508,0.66886383,0.0,2.0365508,1.7509533,0.0,1.9039133,0.0,2.0365508,1.0661017,1.5702964,2.0365508,2.4399269,0.66886383,1.5702964,2.2584414,2.2584414,0.66886383,1.5702964,1.7509533,0.0,1.3496445,1.0661017,1.7509533,0.66886383,0.0,1.0661017,1.0661017,0.0,CD4_T
3.2606375,4.175278,3.5783415,0.0,3.0202246,3.3126833,3.0859592,1.3310796,1.3310796,0.0,0.0,0.0,2.9498625,0.8723655,3.2606375,0.0,3.0202246,1.6443592,0.0,2.074783,3.3126833,2.235952,1.6443592,2.235952,1.8825526,1.6443592,0.8723655,0.0,2.235952,2.7922812,2.7922812,1.8825526,2.3747146,1.8825526,1.6443592,1.6443592,1.8825526,1.3310796,1.3310796,0.0,1.8825526,2.235952,1.6443592,0.0,0.0,2.074783,2.3747146,1.3310796,1.3310796,1.3310796,CD8_T
3.3261437,1.9896716,2.185086,1.4246892,1.4246892,0.0,2.9926975,0.9471236,1.9896716,2.910235,2.348485,0.0,3.4832582,3.6190069,2.488897,0.0,0.0,1.9896716,1.4246892,0.0,4.340652,3.2057598,1.7465613,1.4246892,2.185086,0.0,0.0,2.185086,0.0,0.0,2.348485,1.7465613,0.9471236,2.611999,0.9471236,1.4246892,0.0,2.348485,1.4246892,1.7465613,0.9471236,0.0,0.0,2.185086,0.0,0.0,0.0,1.7465613,0.9471236,0.0,CD8_T
0.8026182,0.0,3.0880098,3.9171104,0.0,0.0,1.546312,2.9035761,0.0,0.0,1.2420633,0.0,0.8026182,2.491748,2.9035761,0.0,2.2638056,2.491748,1.546312,2.9035761,1.9680737,1.7792654,2.9689074,0.0,2.2638056,1.9680737,0.0,0.8026182,0.0,1.2420633,0.8026182,1.546312,0.8026182,3.2905967,0.8026182,1.7792654,0.0,2.2638056,0.0,1.9680737,0.0,1.2420633,0.8026182,2.2638056,1.9680737,0.0,0.0,0.0,2.1268322,2.491748,CD4_T
3.5683024,3.1768408,0.0,0.0,0.0,2.1583645,2.524564,2.1583645,1.5745325,1.5745325,2.524564,0.0,3.1768408,1.5745325,2.1583645,0.0,3.002828,1.5745325,0.0,3.4540386,2.7920196,2.1583645,2.1583645,0.0,0.0,0.0,0.0,0.0,0.0,2.7920196,1.5745325,2.524564,1.5745325,3.002828,2.1583645,3.002828,1.5745325,2.7920196,2.1583645,0.0,2.1583645,0.0,0.0,1.5745325,0.0,0.0,0.0,1.5745325,0.0,0.0,CD4_T
0.0,0.0,1.4055748,2.968732,0.0,0.0,2.3256774,0.93174475,0.0,0.0,0.93174475,0.0,2.162711,2.3256774,0.93174475,0.0,1.9679148,0.0,0.93174475,0.0,3.1815488,2.162711,1.725763,0.0,0.93174475,2.5886269,0.0,2.3256774,0.0,1.725763,1.9679148,1.4055748,1.4055748,1.725763,0.93174475,1.725763,1.9679148,1.4055748,1.4055748,1.725763,0.0,0.0,1.4055748,0.0,2.3256774,0.0,0.0,0.0,0.0,0.93174475,CD4_T
0.0,0.0,0.0,2.3248448,0.0,0.0,2.161894,2.4649258,0.0,0.0,0.0,0.0,2.3248448,2.3248448,0.0,0.0,2.161894,0.0,0.0,0.9311854,3.2426019,1.4048783,2.161894,0.9311854,1.7250046,1.4048783,0.0,0.9311854,0.0,1.4048783,0.0,0.0,0.9311854,2.5877733,0.0,2.3248448,0.0,3.1146355,1.7250046,2.161894,0.0,0.0,0.0,2.4649258,1.4048783,0.9311854,0.0,0.9311854,0.0,0.0,CD8_T
